;LPS_24h_1;LPS_24h_2;LPS_24h_3;LPS_vitD_24h_1;LPS_vitD_24h_2;LPS_vitD_24h_3;TNF_24h_1;TNF_24h_2;TNF_24h_3;TNF_vitD_24h_1;TNF_vitD_24h_2;TNF_vitD_24h_3;VEH_24h_1;VEH_24h_2;VEH_24h_3;VEH_vitD_24h_1;VEH_vitD_24h_2;VEH_vitD_24h_3
ENSG00000188976;244;204;154;163;183;186;228;206;559;263;373;140;260;356;142;310;217;282
ENSG00000187961;193;138;99;126;180;108;175;144;477;217;285;99;152;257;95;179;123;125
ENSG00000187583;243;236;130;112;166;133;180;201;612;268;366;130;170;250;87;198;102;126
ENSG00000188157;1579;1384;957;921;1374;1018;1920;2154;6628;3109;3942;1587;1034;1859;590;1292;831;819
ENSG00000131591;159;113;76;72;92;98;94;124;299;134;192;67;109;155;47;151;75;106
ENSG00000186891;40;20;27;18;17;24;59;63;159;87;86;36;40;102;35;85;71;40
ENSG00000186827;20;18;7;6;10;16;17;29;77;30;38;20;18;29;10;31;17;19
ENSG00000078808;536;492;315;364;574;393;713;716;2165;1077;1375;469;748;1187;402;870;573;559
ENSG00000176022;100;68;26;47;77;76;120;64;198;111;144;83;75;147;46;123;61;75
ENSG00000184163;16;10;8;9;6;10;15;11;53;19;18;8;18;16;6;18;11;9
ENSG00000160087;359;269;223;228;304;257;311;294;779;406;521;212;387;457;188;536;289;350
ENSG00000162572;74;57;37;34;48;37;45;50;141;75;86;39;46;48;22;44;32;45
ENSG00000131584;494;374;276;245;313;261;370;366;1032;481;650;258;517;581;250;535;406;373
ENSG00000169972;31;31;24;24;17;20;20;26;70;35;53;7;36;62;14;38;20;21
ENSG00000127054;465;433;246;285;440;301;374;389;1082;524;686;281;385;605;227;559;338;409
ENSG00000224051;66;34;29;38;40;32;40;45;130;81;66;29;49;73;23;78;38;40
ENSG00000169962;13;6;7;7;7;16;4;3;24;5;11;5;9;13;7;9;8;7
ENSG00000107404;386;380;260;277;349;258;442;435;1348;669;826;249;453;690;233;506;395;359
ENSG00000175756;83;74;43;47;83;61;96;80;242;113;175;49;93;120;46;99;68;72
ENSG00000221978;1008;808;581;710;812;691;911;772;1801;902;1371;516;1119;1374;577;1451;970;1120
ENSG00000242485;144;98;92;75;104;93;103;68;198;127;167;58;152;179;61;206;131;125
ENSG00000160072;87;68;56;40;67;62;58;68;175;83;104;63;90;113;56;99;82;95
ENSG00000197785;28;22;19;18;19;25;26;29;84;26;33;20;27;32;23;55;38;38
ENSG00000160075;803;601;467;447;608;504;664;585;1618;758;1061;429;808;1128;445;1088;762;780
ENSG00000197530;375;252;206;205;264;232;336;361;1057;471;585;266;335;405;182;353;241;236
ENSG00000248333;202;170;101;136;178;165;204;185;474;231;297;101;257;331;132;304;202;225
ENSG00000189339;712;544;392;435;532;479;572;425;1260;656;839;330;623;774;345;747;454;512
ENSG00000008128;50;37;18;33;30;28;49;41;80;37;66;22;51;55;24;33;30;49
ENSG00000008130;1268;948;755;799;969;853;1065;840;2303;1112;1495;685;711;1037;425;990;566;671
ENSG00000078369;1950;1635;1338;1465;1776;1527;2038;1588;4010;2204;3071;1175;2051;2695;1027;3149;1875;2068
ENSG00000067606;28;15;18;23;16;18;8;9;39;13;29;8;18;20;10;13;17;11
ENSG00000162585;94;100;58;60;100;67;94;77;251;131;151;67;93;113;54;117;56;68
ENSG00000157933;1722;1645;1015;1161;1597;1171;1214;1043;3177;1581;2029;839;1116;1414;550;1609;967;1167
ENSG00000116151;21;36;15;23;32;21;31;23;73;37;60;18;36;44;21;36;18;26
ENSG00000157916;1135;824;711;685;891;714;973;772;1810;953;1417;532;1042;1346;592;1480;896;1046
ENSG00000157911;41;34;26;23;43;40;42;46;111;47;39;28;44;55;27;60;38;48
ENSG00000149527;44;24;43;28;58;52;16;12;27;14;19;5;29;23;12;35;34;32
ENSG00000157881;295;225;156;150;224;181;244;247;655;309;394;159;318;421;182;348;232;278
ENSG00000157873;960;824;606;531;696;685;1063;1055;2963;1522;1829;681;846;1175;442;1138;628;698
ENSG00000157870;101;61;65;59;69;59;151;127;298;147;233;93;99;139;57;90;76;88
ENSG00000215912;92;59;34;37;62;38;74;56;155;81;84;22;70;91;28;54;44;53
ENSG00000162591;199;98;115;103;108;129;72;86;256;104;140;74;141;132;78;161;103;130
ENSG00000158109;80;96;62;80;94;81;93;75;198;108;146;48;119;158;52;155;85;113
ENSG00000116213;92;68;61;70;55;54;58;60;137;66;99;36;79;115;37;103;74;83
ENSG00000130764;251;203;154;185;190;191;270;223;605;299;386;144;258;395;125;354;232;219
ENSG00000116198;296;245;201;206;266;235;276;204;505;256;412;152;357;392;138;498;287;339
ENSG00000169598;82;79;57;68;70;59;84;63;157;83;121;31;105;106;52;128;68;105
ENSG00000198912;99;86;50;53;90;79;64;50;121;72;89;38;97;106;41;117;99;71
ENSG00000131697;420;311;269;300;333;246;394;398;984;425;689;280;409;458;187;451;297;323
ENSG00000069424;3883;3356;2425;2407;3030;2470;3600;3418;8978;4399;5705;2262;3444;4619;1841;4310;2737;3118
ENSG00000116251;92;120;110;82;123;108;88;56;134;77;155;44;124;143;51;175;101;128
ENSG00000158286;39;10;15;12;13;13;12;23;46;23;27;16;14;22;7;19;13;10
ENSG00000116237;64;39;36;48;58;65;69;23;90;63;63;33;79;80;42;123;67;58
ENSG00000158292;27;35;27;24;37;29;38;43;128;41;60;29;51;86;34;79;33;39
ENSG00000215788;46;32;37;49;49;57;26;21;88;32;62;17;34;35;15;52;43;27
ENSG00000162408;363;290;226;232;278;216;293;172;413;273;381;141;345;417;167;492;313;372
ENSG00000204859;294;255;191;193;223;200;256;295;683;338;426;186;400;461;207;447;304;353
ENSG00000162413;533;432;314;322;386;326;666;529;1418;675;921;373;565;761;336;698;391;538
ENSG00000116273;222;189;164;163;181;199;199;159;434;282;366;173;219;301;115;329;196;207
ENSG00000041988;57;55;51;43;56;36;61;61;151;69;102;45;70;85;27;73;42;56
ENSG00000007923;235;171;157;127;205;179;198;156;398;219;273;139;238;289;103;307;194;233
ENSG00000171735;207;184;153;138;193;168;192;131;280;162;239;94;220;241;107;310;232;254
ENSG00000049245;322;302;229;318;284;268;331;212;522;352;481;174;384;461;195;673;350;424
ENSG00000049246;27;24;15;34;18;28;8;11;17;11;16;4;16;12;8;30;25;19
ENSG00000049249;41;26;22;27;33;22;79;60;144;99;111;47;56;74;17;71;56;38
ENSG00000116288;145;135;103;135;161;120;196;147;323;192;293;93;222;303;94;304;184;193
ENSG00000116285;43;39;23;49;49;55;55;37;78;55;79;32;66;63;30;55;40;57
ENSG00000142599;832;652;510;558;635;609;552;480;1110;539;746;319;837;882;395;967;685;663
ENSG00000074800;5239;5528;3783;4879;6699;4637;8276;6103;16795;9768;14103;5418;8338;11706;4131;10990;5940;6697
ENSG00000142583;1122;991;773;802;1001;805;1660;1369;3281;1768;2669;960;1288;1580;676;1563;986;1116
ENSG00000180758;289;219;164;210;268;150;455;310;950;515;697;286;328;373;145;393;256;255
ENSG00000049239;1291;1394;920;958;1289;1030;1512;1170;3726;2008;2566;970;1447;2061;800;2076;1131;1351
ENSG00000171621;86;98;65;67;109;70;132;114;291;157;201;78;141;261;72;229;133;166
ENSG00000171612;21;24;7;10;20;28;21;18;35;17;29;15;45;41;24;69;52;51
ENSG00000188807;44;34;21;34;46;34;24;19;74;37;51;16;48;53;15;54;26;24
ENSG00000171608;711;490;500;482;580;625;415;289;772;366;599;200;640;793;295;768;543;565
ENSG00000171603;842;735;533;660;778;704;739;631;1716;1037;1415;478;891;1242;463;1129;723;761
ENSG00000178585;98;94;62;78;100;86;83;79;195;111;158;54;210;243;113;242;192;186
ENSG00000162441;93;114;105;84;113;70;91;52;150;87;131;52;102;130;61;165;94;98
ENSG00000173614;77;78;66;58;80;63;66;60;132;74;120;44;102;142;43;162;79;98
ENSG00000130939;1028;954;653;731;848;764;891;630;1548;869;1186;452;1089;1427;546;1622;1059;1099
ENSG00000054523;2532;2287;1701;1942;2199;1867;2641;1870;4460;2180;3638;1385;2109;2920;1113;3431;2311;2665
ENSG00000142657;968;914;683;768;1059;821;1442;1042;2838;1667;2196;773;1553;2313;782;2254;1213;1404
ENSG00000160049;243;213;165;162;183;180;219;163;412;206;338;116;256;324;124;385;200;244
ENSG00000142655;122;133;88;74;93;90;96;118;295;124;205;65;104;140;68;167;103;124
ENSG00000130940;47;27;32;42;34;44;36;30;89;34;42;19;24;45;13;29;34;37
ENSG00000120948;1003;903;689;777;867;877;932;652;1296;808;1338;456;1042;1234;470;1628;1084;1096
ENSG00000116649;27;13;7;18;16;14;15;8;24;7;15;5;10;23;11;21;16;15
ENSG00000171824;314;301;234;262;312;240;318;222;544;292;415;146;426;460;192;593;319;405
ENSG00000198793;529;383;349;310;458;403;439;328;792;429;540;257;635;733;281;843;568;601
ENSG00000120942;73;78;46;54;57;64;63;48;100;65;69;24;97;95;39;133;65;72
ENSG00000132879;76;61;68;43;65;74;63;51;134;57;90;35;45;42;23;51;45;45
ENSG00000116670;84;65;72;95;74;76;117;106;224;111;180;88;92;129;58;151;69;97
ENSG00000116663;29;21;14;25;13;20;26;22;41;25;15;13;20;31;14;28;12;15
ENSG00000177674;478;359;286;264;360;319;433;398;1118;554;668;271;292;503;195;458;313;341
ENSG00000177000;654;471;437;390;567;447;639;500;1339;673;924;311;1182;1300;510;1303;729;880
ENSG00000011021;538;484;384;284;459;394;653;422;1050;562;772;291;1078;1025;501;1113;739;833
ENSG00000116685;180;147;120;131;174;133;156;127;439;259;311;123;175;263;98;239;176;156
ENSG00000083444;392;392;230;260;319;298;387;403;1009;591;744;273;602;866;274;741;467;479
ENSG00000116688;573;507;399;409;557;447;606;455;1248;625;909;373;751;933;347;1016;591;590
ENSG00000116691;87;52;63;61;62;56;52;54;137;75;86;37;85;90;40;100;101;66
ENSG00000120949;494;394;258;296;395;310;375;368;890;459;652;243;419;541;239;492;289;298
ENSG00000028137;7661;7161;4949;5765;7631;5647;7911;7528;18624;10170;14026;4898;6945;9554;3798;9030;5070;5634
ENSG00000048707;2257;1739;1417;1504;1659;1489;1844;1432;3003;1727;2453;994;2178;2636;1095;3311;2045;2292
ENSG00000162496;506;454;352;381;543;404;394;299;1082;570;821;326;230;329;135;362;223;293
ENSG00000162494;69;84;42;45;93;52;99;82;202;103;154;50;11;23;11;16;13;20
ENSG00000162493;932;1046;640;859;1076;678;1372;1053;2720;1752;2213;855;404;965;286;1018;558;631
ENSG00000116731;2010;1803;1194;1573;1747;1606;1893;1374;3409;1793;2549;935;1500;2004;750;2261;1495;1659
ENSG00000171729;689;709;436;466;650;460;931;778;2041;1182;1441;556;905;1221;448;1230;784;742
ENSG00000142621;606;525;396;386;513;442;815;643;1435;728;1061;431;1057;1229;505;1500;920;987
ENSG00000142634;1701;1635;1250;1227;1699;1314;1479;1453;4325;2479;3043;1065;2017;2916;1111;2818;1576;1773
ENSG00000162438;19;8;8;5;14;23;15;16;31;13;18;7;22;32;11;20;12;20
ENSG00000132906;179;184;90;133;132;131;167;140;291;152;245;100;177;247;113;276;158;195
ENSG00000116138;223;189;145;188;178;143;216;134;342;184;277;112;234;291;117;344;222;247
ENSG00000197312;607;528;402;422;442;435;499;345;770;380;583;254;589;698;329;913;616;689
ENSG00000116786;1456;1241;816;884;1268;956;1587;1400;3797;1796;2494;927;1905;2364;883;2114;1227;1442
ENSG00000162461;80;81;31;37;66;61;86;76;196;103;119;42;83;104;44;109;74;76
ENSG00000233954;28;14;17;13;28;26;31;18;43;23;40;17;40;32;14;46;17;41
ENSG00000065526;2826;2579;1789;2093;2507;2173;3112;2260;5999;3390;4569;1536;2821;3949;1500;4386;2677;3019
ENSG00000116809;980;846;564;657;833;629;1006;1110;2841;1348;1854;664;854;1180;461;1003;680;754
ENSG00000142632;53;34;16;34;27;28;29;16;48;29;43;25;31;37;26;38;22;22
ENSG00000132881;14;11;10;6;17;7;11;10;20;15;15;10;16;17;5;13;10;9
ENSG00000037637;855;712;537;584;739;571;874;633;1509;772;1195;477;751;921;428;1069;726;797
ENSG00000055070;705;658;467;537;657;497;738;607;1566;907;1239;449;828;1124;406;1247;664;716
ENSG00000157191;547;472;330;409;497;362;638;486;1265;638;942;369;675;795;319;818;501;573
ENSG00000219481;72;45;47;52;43;29;48;38;75;35;68;21;54;60;18;64;43;52
ENSG00000058453;188;109;92;85;117;99;95;104;264;135;194;86;138;148;64;147;100;125
ENSG00000159363;145;142;101;96;112;103;112;112;297;138;186;73;178;175;75;153;108;131
ENSG00000117118;96;78;62;65;84;59;62;43;123;91;125;44;82;92;60;150;75;96
ENSG00000117115;78;26;46;62;39;56;21;17;30;18;21;14;31;38;15;71;44;41
ENSG00000159339;76;34;62;56;47;75;27;14;42;15;30;9;21;18;16;61;43;36
ENSG00000179051;974;727;544;625;768;699;984;764;1821;995;1334;517;948;1419;530;1499;894;1012
ENSG00000074964;1114;763;582;556;768;623;1224;1151;3030;1426;1680;773;474;672;229;675;372;422
ENSG00000159423;23;10;8;18;20;15;18;11;31;15;14;11;36;42;14;27;40;20
ENSG00000169991;229;174;151;152;178;178;200;152;429;259;340;104;193;210;107;228;164;173
ENSG00000127481;6434;5430;4181;4344;5526;4660;6452;4970;12281;6254;9357;3503;6225;8105;3328;8483;5695;6181
ENSG00000127463;380;407;269;274;406;334;415;302;818;431;657;243;495;728;246;733;429;529
ENSG00000053372;35;36;21;30;44;29;39;40;78;38;42;18;57;67;26;63;44;45
ENSG00000053371;86;72;62;55;83;68;70;58;185;98;143;54;85;123;48;98;66;112
ENSG00000040487;117;102;70;68;76;93;120;80;317;158;192;64;171;264;71;179;115;123
ENSG00000077549;2084;1779;1339;1514;1730;1321;2087;1650;4917;2324;3080;1304;2488;3535;1328;3549;2319;2347
ENSG00000173436;40;42;21;28;27;25;26;24;54;29;35;10;42;51;24;58;45;39
ENSG00000158747;18;6;9;9;8;7;22;18;52;32;40;10;14;22;4;17;18;8
ENSG00000162542;73;58;53;41;35;39;55;35;93;41;52;26;59;72;22;79;52;45
ENSG00000169914;169;154;109;111;161;115;158;93;200;139;180;59;157;196;88;234;192;213
ENSG00000090432;133;110;111;98;117;103;132;88;276;134;211;95;175;193;85;191;120;136
ENSG00000158825;72;72;66;62;83;78;94;62;233;135;174;60;65;96;37;83;60;79
ENSG00000158828;184;151;117;150;166;158;211;161;494;242;325;133;212;300;114;248;161;191
ENSG00000244038;419;348;260;300;405;334;502;380;1103;627;795;248;534;692;263;728;421;497
ENSG00000127483;1850;1672;1209;1379;1629;1353;1395;1035;2408;1292;2151;783;1756;1987;794;2706;1799;1928
ENSG00000075151;832;731;553;549;727;676;798;593;1325;759;1001;438;972;1096;476;1340;934;965
ENSG00000117298;153;112;128;115;143;160;57;67;165;100;134;56;93;60;48;118;97;79
ENSG00000142794;25;25;14;29;27;41;30;14;38;23;25;7;20;40;12;31;15;23
ENSG00000090686;1185;940;726;753;899;730;894;580;1149;680;1262;481;1140;1203;507;1719;1080;1161
ENSG00000142798;206;167;150;133;168;100;197;195;624;241;369;151;150;177;56;141;110;125
ENSG00000070831;2603;2201;1769;1661;1848;1833;1977;1463;3320;1658;2766;1110;2157;2568;1154;3331;2286;2398
ENSG00000184677;794;668;509;509;670;605;746;581;1309;665;1052;401;848;1077;412;1200;751;848
ENSG00000133216;89;70;54;82;79;48;98;90;204;125;144;61;240;248;108;339;172;212
ENSG00000004487;860;801;563;663;659;754;881;573;1330;785;1259;476;600;825;330;947;647;719
ENSG00000169641;461;357;295;295;354;339;375;307;704;366;629;209;391;477;172;567;381;433
ENSG00000125944;669;663;445;505;628;557;595;375;828;518;756;323;661;803;312;1027;751;770
ENSG00000125945;82;102;56;92;71;89;90;76;169;116;156;46;114;115;54;148;102;97
ENSG00000117318;40;29;15;19;34;17;22;30;70;41;47;19;22;22;15;27;15;19
ENSG00000142676;454;333;298;302;352;392;355;307;565;445;509;225;369;583;219;605;332;400
ENSG00000011007;297;326;218;297;344;250;396;279;675;427;546;229;419;486;202;565;342;377
ENSG00000057757;202;154;114;125;191;136;168;138;279;146;236;79;211;283;112;316;224;209
ENSG00000011009;186;201;128;168;203;179;189;202;509;286;339;121;233;358;129;292;177;202
ENSG00000117308;71;49;29;26;33;48;78;61;151;80;83;33;53;102;39;77;55;52
ENSG00000117305;169;165;110;118;159;105;171;141;321;145;261;80;221;309;88;287;199;208
ENSG00000179163;83;98;55;81;110;72;133;102;165;159;179;45;1114;966;362;1229;581;684
ENSG00000189266;378;349;328;291;365;354;290;237;484;386;561;219;320;410;172;605;355;405
ENSG00000188529;684;664;484;498;596;538;564;383;787;461;780;271;568;717;300;1006;727;777
ENSG00000185436;43;29;43;28;26;34;24;18;37;25;36;21;26;48;16;38;27;50
ENSG00000001461;106;85;92;101;98;105;70;62;124;62;115;41;101;126;51;121;100;92
ENSG00000117602;166;122;116;122;178;146;97;68;140;78;122;51;103;122;49;173;99;102
ENSG00000133226;762;662;570;569;717;655;641;428;1069;638;936;340;769;942;384;1097;719;829
ENSG00000169504;321;315;221;228;298;263;358;218;521;347;526;173;309;426;159;571;329;361
ENSG00000020633;1873;1619;1069;1212;1450;1263;1304;1142;3130;1856;2209;913;973;1377;514;1303;937;891
ENSG00000117614;126;112;59;97;97;82;116;87;186;131;160;80;124;128;50;188;123;125
ENSG00000117616;1501;1156;918;1057;1130;1059;1219;1016;2248;1232;1893;690;1425;1672;711;1881;1282;1453
ENSG00000183726;445;538;370;481;612;426;553;368;831;608;726;273;602;752;245;840;508;526
ENSG00000204178;137;146;100;108;138;129;161;116;254;156;217;75;132;185;58;200;147;135
ENSG00000157978;154;102;118;94;103;120;72;39;125;93;122;36;104;113;45;138;92;107
ENSG00000117643;93;72;54;77;75;61;61;43;122;64;62;31;63;78;38;116;93;69
ENSG00000162430;325;264;195;223;307;278;290;248;773;425;475;197;299;472;183;467;289;336
ENSG00000117640;342;307;181;231;289;225;317;283;526;348;491;201;337;394;167;404;273;311
ENSG00000182749;38;31;25;20;25;37;20;18;37;28;25;12;20;16;7;20;14;20
ENSG00000117632;25;17;11;20;6;19;14;7;15;12;10;10;24;21;4;26;26;18
ENSG00000158006;130;107;116;77;109;84;114;64;175;104;151;66;144;162;63;172;124;141
ENSG00000175087;27;14;10;22;21;26;13;7;24;11;23;4;28;24;8;50;30;27
ENSG00000130695;209;145;135;119;144;165;158;129;294;182;252;83;233;304;121;340;226;267
ENSG00000142669;664;586;398;538;649;592;504;450;1530;945;1108;405;873;1358;436;1122;651;672
ENSG00000158062;945;784;549;612;776;693;854;790;1959;1005;1433;508;1477;1806;695;1685;1096;1245
ENSG00000169442;181;156;149;132;197;196;102;87;201;162;197;66;368;468;177;484;236;323
ENSG00000117682;217;156;139;134;181;164;273;195;430;212;288;129;375;399;141;416;259;286
ENSG00000198830;783;693;521;604;701;543;530;383;919;557;744;282;787;951;395;1202;754;775
ENSG00000117676;1452;1222;826;969;1170;911;1374;1111;2966;1460;2158;896;2294;2842;1124;2691;1612;1760
ENSG00000117713;1816;1566;1269;1297;1651;1453;1769;1368;3723;1982;2466;997;1933;2556;995;2704;1707;1909
ENSG00000060642;158;131;76;97;96;79;133;84;187;118;171;66;155;212;77;190;123;148
ENSG00000204160;313;234;195;220;245;202;273;234;525;286;393;182;303;356;172;321;238;287
ENSG00000142751;282;214;168;178;210;184;228;159;485;247;296;152;296;282;142;316;226;264
ENSG00000198746;145;117;99;108;93;93;122;117;306;169;259;81;171;237;85;221;120;163
ENSG00000090273;82;97;58;89;80;75;119;98;189;110;147;59;124;154;71;173;113;114
ENSG00000253368;38;36;18;13;13;15;19;26;47;22;36;12;14;23;12;19;10;19
ENSG00000090020;824;793;495;514;685;601;906;791;2656;1224;1580;586;645;1185;418;959;597;691
ENSG00000142784;655;556;407;432;597;448;588;533;1338;764;954;402;815;1060;430;1044;576;654
ENSG00000186501;225;180;147;116;152;152;235;185;488;214;319;112;231;271;118;275;159;191
ENSG00000142765;151;80;96;116;109;168;48;30;67;40;62;30;52;45;34;89;105;66
ENSG00000142733;105;97;57;55;73;100;95;92;269;93;123;64;160;175;69;154;110;113
ENSG00000158195;2102;1953;1584;1710;2028;1635;2149;1535;4327;2192;3200;1151;2251;3059;1268;3354;1940;2316
ENSG00000126705;205;173;141;130;156;119;135;131;415;170;261;106;101;159;74;169;106;123
ENSG00000000938;2310;2013;1664;1637;1907;1709;2414;2018;5442;2776;4001;1301;1650;2267;932;2304;1376;1752
ENSG00000126709;21;19;10;15;18;21;10;8;43;19;23;5;22;35;17;22;19;20
ENSG00000009780;41;36;43;52;43;40;45;30;55;34;62;18;59;69;36;83;67;67
ENSG00000117758;269;220;216;241;308;212;245;178;337;230;352;114;282;380;164;455;317;318
ENSG00000117751;118;109;89;100;145;122;127;77;201;133;165;76;139;200;63;216;121;132
ENSG00000130775;2238;1911;1401;1540;1901;1542;1944;1708;4865;2667;3268;1402;1902;2663;1050;2635;1518;1858
ENSG00000117748;150;153;139;109;185;144;135;109;240;142;230;77;210;231;119;300;167;188
ENSG00000158156;79;67;51;46;41;40;38;34;107;40;66;36;45;41;16;44;41;40
ENSG00000158161;553;465;328;401;406;401;530;345;958;486;758;298;566;713;284;935;546;637
ENSG00000169403;842;902;616;769;1015;763;1305;1130;3068;1711;2393;824;1034;1562;541;1550;852;1084
ENSG00000126698;152;132;86;128;146;131;141;102;296;184;239;80;183;272;100;255;172;171
ENSG00000130770;73;43;48;73;53;51;55;40;76;46;70;17;53;68;34;86;44;52
ENSG00000130766;886;807;549;572;779;572;1076;909;2405;1223;1784;743;509;813;326;865;532;623
ENSG00000130772;66;57;27;46;53;47;52;45;102;52;95;33;59;112;34;80;40;61
ENSG00000204138;307;278;204;244;295;250;270;204;519;306;414;135;269;282;123;430;244;278
ENSG00000180198;129;103;61;62;109;92;104;68;200;115;143;63;176;185;73;160;137;137
ENSG00000180098;261;215;174;148;194;159;218;138;378;204;320;115;259;326;145;421;232;272
ENSG00000120656;104;78;77;65;80;82;102;76;160;94;142;64;129;125;69;165;131;103
ENSG00000188060;11;20;14;21;19;9;4;6;28;6;14;11;24;14;10;27;18;22
ENSG00000162419;285;253;173;204;230;196;243;185;501;259;372;142;351;438;203;508;364;346
ENSG00000198492;423;372;267;307;355;288;332;280;633;342;547;192;478;584;243;720;407;445
ENSG00000159023;470;252;309;312;335;374;276;169;397;202;340;114;472;379;186;585;436;403
ENSG00000116350;454;447;323;359;426;392;497;386;973;536;734;242;541;682;241;710;490;551
ENSG00000116353;23;20;16;17;10;15;8;10;21;18;22;8;30;20;14;9;14;19
ENSG00000162511;7597;8019;4964;5788;8429;6032;8871;6582;18979;11342;13580;5799;9465;14618;5346;14088;7646;9046
ENSG00000162512;18;14;15;28;7;27;9;10;31;26;15;16;19;24;11;32;16;18
ENSG00000134644;1322;1093;839;968;1074;906;1180;931;2055;1130;1708;664;1235;1547;623;1845;1204;1434
ENSG00000060688;116;99;70;129;128;115;113;80;181;120;156;54;135;172;63;197;97;144
ENSG00000121766;126;90;93;90;132;76;113;59;185;102;137;56;110;132;61;167;87;112
ENSG00000168528;43;34;26;18;32;17;49;39;140;70;74;29;32;40;18;30;24;25
ENSG00000121764;69;50;31;28;65;44;31;32;96;50;70;29;8;21;9;8;18;22
ENSG00000162517;243;207;106;150;200;153;246;153;514;278;349;146;244;339;123;334;216;216
ENSG00000134668;165;129;85;79;101;106;82;65;240;116;129;57;63;93;43;67;56;92
ENSG00000184007;1681;1618;1043;1420;1600;1402;1490;950;2278;1471;2227;770;1461;1882;763;2616;1527;1767
ENSG00000121774;531;488;400;401;447;459;438;303;797;432;723;244;479;565;243;863;470;503
ENSG00000121775;151;92;93;58;79;121;93;83;233;138;170;60;128;174;75;200;111;122
ENSG00000025800;832;758;571;609;774;677;872;585;1330;805;1233;419;870;1180;459;1409;843;994
ENSG00000084652;590;439;383;340;468;359;641;458;1159;616;846;348;794;1009;358;1028;625;735
ENSG00000160050;14;7;3;14;8;13;11;14;28;8;13;3;10;7;7;10;11;8
ENSG00000160055;202;145;138;130;158;135;156;117;357;179;270;89;148;229;85;249;158;163
ENSG00000084623;216;213;175;174;299;208;261;236;568;322;484;134;397;435;165;466;304;310
ENSG00000182866;198;117;151;123;164;183;75;55;127;72;113;46;110;94;46;142;120;115
ENSG00000116478;616;588;448;437;595;483;597;409;1085;539;803;341;600;803;303;961;536;633
ENSG00000175130;1176;1480;763;1038;1371;948;1748;1266;4186;2586;3117;987;1183;2075;626;1981;1042;1220
ENSG00000225828;68;38;36;17;55;32;40;42;137;80;67;37;45;60;31;65;43;37
ENSG00000160058;649;544;386;452;500;410;580;488;1152;555;947;338;671;851;296;864;586;606
ENSG00000176261;150;144;103;108;164;125;158;106;237;120;183;73;164;185;90;264;140;166
ENSG00000162521;955;848;594;689;939;675;865;481;1248;760;1160;408;899;1059;456;1553;924;985
ENSG00000162522;32;38;32;32;14;26;44;39;66;32;43;19;52;57;9;49;32;34
ENSG00000134684;227;183;185;175;170;186;257;172;415;228;358;125;306;352;156;417;226;256
ENSG00000116497;318;278;174;242;248;242;263;163;365;200;318;112;314;329;137;453;253;281
ENSG00000116514;1317;1412;916;993;1343;1022;1570;1149;2999;1622;2127;873;1303;1762;645;2055;1334;1327
ENSG00000004455;895;748;567;664;693;666;866;588;1342;712;1171;452;883;1040;449;1213;787;898
ENSG00000142920;17;19;4;17;14;12;17;7;21;12;20;8;16;9;5;9;7;15
ENSG00000116525;147;104;75;89;103;118;115;90;324;160;200;78;141;168;67;127;106;92
ENSG00000160094;148;83;71;97;98;108;105;57;198;108;116;55;88;173;54;168;105;113
ENSG00000184389;41;32;13;26;32;27;19;22;85;29;44;21;31;41;20;44;21;25
ENSG00000134686;2418;2161;1471;1736;2257;1691;2253;1833;5178;2680;3951;1495;2305;3229;1339;3048;1951;2135
ENSG00000121903;231;214;156;176;202;163;195;152;395;213;308;112;228;312;109;304;187;189
ENSG00000163866;220;217;124;163;202;182;256;172;425;247;304;130;256;339;119;317;228;259
ENSG00000163867;154;154;106;96;148;113;103;73;141;78;157;48;147;176;73;271;162;199
ENSG00000197056;157;136;80;109;117;99;73;58;118;71;132;48;108;140;61;203;127;135
ENSG00000116560;2314;1888;1462;1533;1893;1776;1798;1363;3113;1853;2628;928;1906;2427;1014;3318;2209;2386
ENSG00000146463;601;480;429;394;498;498;429;322;664;409;587;208;550;591;266;942;665;671
ENSG00000142687;747;691;552;491;625;548;616;509;1187;583;1048;399;767;950;368;1003;639;766
ENSG00000020129;167;109;85;87;118;94;101;73;238;136;162;64;139;172;60;152;95;100
ENSG00000116819;26;11;19;15;20;13;17;13;35;18;24;14;17;31;14;37;21;15
ENSG00000126067;171;136;135;111;142;129;123;93;235;139;211;58;178;174;84;225;165;125
ENSG00000142686;59;73;50;43;66;54;61;61;107;65;102;42;91;125;60;157;56;74
ENSG00000134698;1311;1157;890;884;1018;942;1104;771;1649;938;1478;573;1616;1799;829;2429;1579;1647
ENSG00000092847;1883;1561;1172;1291;1540;1339;1631;1267;3015;1705;2467;927;2481;3028;1279;3569;2180;2445
ENSG00000126070;1094;1029;801;845;983;878;1016;696;1542;842;1367;502;1107;1398;617;1838;1232;1346
ENSG00000116863;105;108;80;82;85;125;158;144;293;184;246;108;170;197;97;190;117;142
ENSG00000171812;32;24;25;16;37;30;18;17;42;24;39;10;38;56;19;66;41;23
ENSG00000054116;118;138;82;94;129;73;118;83;191;144;193;60;136;160;43;205;103;136
ENSG00000116871;960;954;589;585;847;706;1014;924;2797;1484;1692;634;1045;1455;578;1337;850;1073
ENSG00000054118;1292;1140;786;951;1182;957;1113;858;2086;1210;1703;624;1367;1755;675;1911;1231;1360
ENSG00000214193;1757;1458;1087;1109;1351;1263;2080;2069;4773;2412;3561;1251;1411;1743;756;1430;943;1131
ENSG00000142694;29;38;8;17;37;23;16;21;57;40;58;9;24;33;14;32;17;15
ENSG00000196182;715;597;499;444;597;555;675;532;1508;825;1112;367;746;984;370;1006;601;716
ENSG00000181817;29;18;24;24;31;36;28;24;77;50;47;19;38;57;16;59;24;24
ENSG00000116898;46;39;48;34;56;39;58;55;79;39;76;24;73;62;23;94;60;47
ENSG00000119535;1788;1444;1024;1155;1339;1308;1503;1162;3141;1862;2317;820;2843;3391;1385;3488;2069;2411
ENSG00000163874;649;517;296;304;459;384;401;403;1125;555;728;283;312;520;187;436;303;351
ENSG00000163875;124;96;79;84;82;112;71;54;129;70;121;47;101;119;41;180;136;140
ENSG00000163877;155;166;117;112;146;130;170;114;278;170;278;91;163;243;105;267;179;201
ENSG00000134697;263;216;144;177;195;164;207;157;366;219;319;115;326;338;159;443;271;303
ENSG00000116922;24;26;18;15;19;35;27;31;55;24;40;10;27;42;9;43;33;23
ENSG00000196449;64;55;24;41;46;48;44;50;115;65;88;28;81;116;40;121;86;78
ENSG00000197982;57;42;26;36;59;26;48;81;201;69;118;30;52;96;31;66;42;49
ENSG00000188786;1461;1512;1042;1195;1505;1151;1876;1351;3533;2037;2711;994;1221;2003;700;1943;1246;1324
ENSG00000204084;535;441;352;360;413;362;445;305;805;410;640;240;561;659;257;734;503;540
ENSG00000183431;440;350;279;341;365;336;428;307;604;377;584;204;514;576;213;749;466;544
ENSG00000183386;161;161;94;114;150;133;152;134;387;212;271;94;198;224;77;250;151;172
ENSG00000183520;76;82;48;50;76;69;91;48;108;76;112;39;96;118;41;137;93;97
ENSG00000116954;60;73;52;69;84;39;42;33;84;53;94;40;100;98;54;175;101;108
ENSG00000214114;47;43;43;54;42;37;35;16;58;35;59;29;63;66;34;118;60;59
ENSG00000174574;243;226;184;180;231;262;223;148;372;233;354;120;231;378;157;366;304;293
ENSG00000168653;53;54;40;27;63;28;36;46;95;78;77;41;68;68;30;79;42;34
ENSG00000127603;8480;6952;5924;6263;7251;6243;8533;6050;13288;7541;12070;4408;10176;12004;4731;15266;9403;10343
ENSG00000090621;828;673;555;600;727;643;832;694;1522;961;1291;398;1090;1352;583;1679;891;1143
ENSG00000084072;152;122;110;103;104;115;102;100;203;130;201;84;146;204;80;227;120;150
ENSG00000043514;337;266;220;215;265;247;310;186;385;199;374;132;293;369;167;473;312;355
ENSG00000116990;123;120;58;104;106;107;117;66;185;125;122;65;100;155;48;167;83;106
ENSG00000168389;257;165;102;100;137;113;119;97;266;149;169;76;91;158;49;137;93;102
ENSG00000131236;1151;1111;804;896;1178;1033;1045;735;1927;1165;1672;541;1214;1765;658;2041;1166;1409
ENSG00000131238;270;134;188;175;212;227;141;77;207;116;194;75;296;357;142;510;281;269
ENSG00000117000;990;824;711;842;841;667;954;702;1351;743;1375;470;881;1063;446;1470;921;988
ENSG00000084073;119;151;117;151;165;131;164;91;216;131;206;71;182;243;72;309;192;216
ENSG00000084070;1199;905;757;890;985;972;1048;750;1746;1024;1509;514;1473;1808;763;2086;1289;1385
ENSG00000187801;18;17;19;14;13;17;26;21;20;6;10;5;33;33;13;38;28;26
ENSG00000187815;9;12;10;9;23;14;7;9;12;6;16;2;9;14;10;26;4;18
ENSG00000164002;37;34;18;29;28;23;40;22;50;28;38;14;43;35;11;49;35;39
ENSG00000117010;14;8;7;13;23;10;5;8;11;7;13;6;9;12;4;20;9;8
ENSG00000117016;15;9;13;12;17;8;8;10;22;9;18;4;14;10;8;10;9;24
ENSG00000066136;558;478;365;366;415;354;448;394;979;457;619;266;488;744;271;833;564;619
ENSG00000171793;47;24;33;35;33;46;23;18;34;19;26;14;42;45;11;69;36;51
ENSG00000171790;15;9;7;3;4;9;5;5;15;11;10;5;13;13;2;12;6;6
ENSG00000010803;139;126;91;119;103;70;110;95;196;107;162;55;109;145;61;175;109;134
ENSG00000127124;163;141;158;104;130;170;249;164;563;273;356;110;370;516;197;580;416;369
ENSG00000198815;630;690;495;525;624;532;553;389;860;466;783;263;577;714;331;1028;657;782
ENSG00000127125;188;143;112;127;127;116;139;97;229;130;222;73;149;205;71;257;145;170
ENSG00000186409;58;44;51;44;34;57;50;27;70;24;53;17;45;60;19;93;53;54
ENSG00000171960;164;122;102;92;131;125;133;78;222;120;223;51;136;201;84;227;155;165
ENSG00000065978;811;758;525;526;799;707;787;590;1419;1020;1239;428;1019;1398;476;1483;878;961
ENSG00000117385;202;187;143;132;193;145;211;199;452;268;362;126;197;308;112;281;166;201
ENSG00000164008;77;83;53;49;56;58;76;51;128;57;92;51;70;100;35;109;92;88
ENSG00000274386;21;15;13;7;16;12;17;12;44;20;15;9;20;24;12;33;23;21
ENSG00000177868;13;29;8;17;21;16;9;16;36;11;21;6;18;31;10;23;14;15
ENSG00000164010;257;200;149;141;187;156;207;167;397;233;346;107;327;343;144;452;234;262
ENSG00000164011;66;47;30;41;44;46;38;33;69;35;61;18;43;61;30;89;63;45
ENSG00000117394;1180;1184;820;1047;1128;988;1957;1613;4075;2305;2883;1086;1197;1735;722;1502;858;981
ENSG00000117395;44;36;34;35;41;42;45;33;130;48;78;33;53;61;20;86;51;64
ENSG00000066322;390;453;228;278;410;298;499;378;994;591;713;266;649;867;345;921;470;543
ENSG00000159479;143;147;101;107;131;107;155;125;281;136;231;84;213;244;111;286;154;178
ENSG00000198198;2666;2226;1535;1592;2227;1849;2455;2225;5804;2674;3531;1523;2967;3809;1536;3315;2338;2556
ENSG00000178922;22;12;23;3;30;12;20;10;32;20;16;7;17;27;7;26;28;14
ENSG00000142949;10;22;7;10;19;7;21;40;83;31;50;19;11;13;5;10;6;10
ENSG00000066135;252;217;182;240;254;203;271;177;470;265;386;129;230;342;133;390;275;229
ENSG00000126091;40;25;24;22;13;20;35;20;58;25;34;12;33;39;20;42;26;24
ENSG00000117408;105;87;69;33;81;99;111;79;222;100;155;52;137;187;41;152;101;85
ENSG00000132768;46;34;48;59;46;63;30;28;58;41;52;11;54;76;16;46;39;60
ENSG00000117410;641;546;369;453;627;436;702;621;1720;898;1123;439;815;1076;454;1154;638;741
ENSG00000117411;34;12;10;5;30;13;22;17;52;22;29;11;16;11;9;26;11;8
ENSG00000178028;163;134;83;84;109;96;102;105;257;95;171;70;146;158;71;167;89;120
ENSG00000117419;134;99;81;73;84;98;99;69;151;69;124;43;107;128;46;158;97;104
ENSG00000187147;325;278;242;232;272;271;341;254;693;342;546;224;445;557;215;472;378;334
ENSG00000126106;29;29;20;20;31;36;21;25;83;35;47;14;61;71;31;56;23;37
ENSG00000198520;21;10;24;24;16;13;13;10;8;7;11;4;11;16;11;25;14;12
ENSG00000142937;490;379;342;422;406;461;370;284;560;393;567;181;470;609;257;669;446;512
ENSG00000142959;16;10;6;19;7;5;8;8;23;11;21;4;6;8;10;17;4;5
ENSG00000173846;2146;1570;1158;1229;1661;1408;2290;2191;5605;2474;3892;1623;2294;3821;1574;3481;2054;2494
ENSG00000188396;22;11;11;11;8;9;21;17;30;19;31;9;9;25;10;28;10;9
ENSG00000222009;988;693;502;448;633;530;892;858;2378;1030;1499;564;1065;1734;688;1722;958;1262
ENSG00000117425;58;36;28;40;40;51;66;32;66;53;77;30;54;79;23;89;36;55
ENSG00000070785;42;31;21;27;25;35;27;24;35;29;36;19;46;50;24;68;42;48
ENSG00000126107;341;337;231;246;334;292;371;293;796;405;567;197;429;562;179;477;263;315
ENSG00000126088;182;160;142;142;152;145;194;157;392;245;300;124;235;293;111;282;155;184
ENSG00000162415;19;18;16;7;15;15;29;25;63;42;40;19;8;10;4;14;15;13
ENSG00000132781;38;29;23;22;26;15;35;36;54;41;42;22;64;58;29;61;37;38
ENSG00000132773;131;109;76;82;88;70;86;80;220;128;182;48;103;154;82;150;95;91
ENSG00000070759;76;50;28;59;51;54;90;66;168;82;153;49;201;221;88;206;123;135
ENSG00000117450;279;248;181;199;302;215;373;316;704;506;668;234;355;466;154;599;322;339
ENSG00000117448;187;128;120;126;141;121;214;183;466;263;352;120;257;337;122;359;212;247
ENSG00000132780;468;403;291;335;421;360;425;336;659;435;627;244;492;544;234;685;378;423
ENSG00000159588;328;186;135;151;188;138;259;212;569;290;357;148;248;370;115;369;255;260
ENSG00000159592;968;733;623;741;765;684;805;583;1339;738;1290;463;1003;1215;527;1552;956;1081
ENSG00000159596;34;46;39;32;47;53;44;22;78;53;53;31;58;65;27;79;61;74
ENSG00000197429;37;38;25;22;38;29;36;22;50;29;42;17;30;42;15;54;28;33
ENSG00000086015;246;194;126;162;214;167;240;182;447;246;306;122;297;389;135;347;235;282
ENSG00000085998;153;126;93;117;115;105;144;111;283;149;224;80;128;154;80;138;98;101
ENSG00000132128;261;276;167;180;264;187;257;221;566;301;408;165;316;390;176;439;238;254
ENSG00000173660;86;80;98;68;78;68;69;63;152;97;136;44;97;124;47;159;91;94
ENSG00000117481;401;383;244;265;337;272;463;327;881;458;646;241;592;720;277;743;506;565
ENSG00000117480;136;69;52;53;72;62;101;101;191;82;164;60;179;182;87;199;117;111
ENSG00000079277;628;503;365;445;501;465;567;488;1235;624;884;345;1174;1395;604;1436;935;1028
ENSG00000142961;456;369;257;301;378;308;562;440;1003;474;708;290;700;1010;339;904;592;695
ENSG00000123472;76;78;53;67;57;64;73;33;106;61;78;24;71;106;40;161;81;103
ENSG00000159658;921;874;603;726;845;760;795;543;1351;801;1220;379;868;1197;503;1455;922;1035
ENSG00000162366;16;5;6;11;12;15;5;5;27;13;8;3;20;12;7;10;4;11
ENSG00000162367;45;22;25;44;26;50;14;4;18;13;29;5;22;20;9;13;28;33
ENSG00000123473;15;13;7;17;16;13;11;7;42;24;17;7;29;27;9;26;39;22
ENSG00000162368;372;362;282;346;424;328;318;192;444;274;517;175;321;370;147;614;345;422
ENSG00000132122;60;54;46;50;45;66;44;28;50;37;57;20;41;50;26;82;37;46
ENSG00000185104;166;105;85;84;113;114;146;94;221;116;163;54;167;196;84;278;186;184
ENSG00000123080;9;12;6;6;11;5;12;10;14;11;14;8;10;11;4;18;12;9
ENSG00000123091;238;267;201;240;318;217;245;149;369;231;330;112;272;306;121;515;330;288
ENSG00000085832;705;604;480;526;635;531;646;352;826;471;867;325;661;747;321;1263;744;771
ENSG00000117859;384;301;239;268;224;255;268;175;397;212;381;110;289;345;136;487;347;335
ENSG00000078618;1289;1323;956;1068;1230;1064;1278;1016;2121;1188;2011;712;1540;1882;726;2382;1524;1635
ENSG00000117862;49;29;18;16;42;32;40;26;75;64;72;22;50;73;22;70;36;52
ENSG00000198841;22;36;24;8;29;17;21;19;38;9;25;15;18;35;10;46;28;26
ENSG00000134717;165;157;104;126;164;147;150;94;195;153;177;89;175;248;101;325;187;255
ENSG00000157077;77;67;47;41;59;46;39;36;69;32;68;17;37;44;22;65;49;36
ENSG00000154222;749;595;421;414;509;499;660;555;1376;655;950;424;740;933;356;941;610;667
ENSG00000085840;28;16;14;10;20;15;15;17;34;9;27;14;14;19;8;15;24;22
ENSG00000134748;397;342;236;301;358;349;369;224;549;266;474;182;351;462;198;577;377;417
ENSG00000134744;958;885;684;687;795;765;616;468;1035;608;992;323;708;807;397;1194;825;920
ENSG00000182183;36;29;11;12;16;17;11;8;33;14;12;6;16;8;7;6;14;14
ENSG00000162377;27;29;22;19;21;19;26;24;42;23;32;15;42;52;15;60;31;31
ENSG00000162378;320;274;185;233;235;210;246;168;367;205;350;116;404;423;201;614;387;390
ENSG00000121310;35;20;15;10;23;27;9;6;22;7;20;2;16;17;3;24;19;10
ENSG00000116171;154;127;88;82;159;122;93;59;131;78;124;63;158;158;72;238;152;137
ENSG00000157184;39;60;46;38;63;66;59;57;125;75;77;34;74;92;33;136;54;83
ENSG00000162384;55;61;34;52;80;41;63;39;79;49;57;24;67;90;44;91;62;53
ENSG00000162385;71;70;56;45;73;60;59;40;116;94;96;49;85;128;46;161;92;117
ENSG00000157193;51;42;45;24;46;52;58;26;56;32;37;18;54;56;28;73;43;54
ENSG00000058804;54;60;36;43;65;55;42;47;64;32;64;15;73;97;37;126;90;93
ENSG00000058799;141;113;89;93;109;118;125;99;177;95;145;65;160;202;86;231;180;147
ENSG00000081870;176;162;100;120;169;113;118;72;160;113;168;52;148;153;74;207;152;159
ENSG00000116212;77;54;55;59;58;35;54;45;107;84;108;21;66;94;41;116;93;85
ENSG00000116209;620;556;384;503;697;474;594;417;987;581;974;355;725;869;408;1161;627;732
ENSG00000116205;214;142;93;132;160;161;163;99;228;149;198;68;166;241;100;295;161;218
ENSG00000215883;28;12;14;32;20;21;15;6;21;9;22;5;34;24;17;28;25;33
ENSG00000116221;73;64;48;64;81;79;83;45;148;79;105;28;100;124;60;139;84;83
ENSG00000157216;822;751;477;569;794;555;783;591;1754;905;1153;441;719;980;376;1159;769;806
ENSG00000162390;724;535;452;474;455;482;943;820;1841;882;1332;530;593;860;337;845;525;561
ENSG00000184313;40;28;23;15;17;11;40;23;67;34;53;18;22;23;6;25;14;32
ENSG00000116133;19;9;11;18;25;15;38;11;59;27;56;14;56;44;16;46;39;34
ENSG00000162402;1760;1477;1190;1397;1498;1441;1649;988;2238;1262;1980;734;1906;2134;957;2809;1963;2084
ENSG00000162600;68;64;47;71;84;58;48;46;64;61;83;24;93;77;28;137;93;107
ENSG00000162601;956;869;630;700;775;731;717;481;912;582;1133;384;899;1099;454;1671;1036;1240
ENSG00000177606;1777;1095;695;828;994;1086;1731;1247;3352;1818;2428;1003;2597;3681;1478;3231;1685;2524
ENSG00000172456;150;104;93;108;108;95;164;114;254;134;193;76;164;205;70;228;114;167
ENSG00000162599;25;18;21;23;19;19;10;7;19;7;16;4;17;11;5;25;23;10
ENSG00000162604;287;276;187;221;238;184;191;124;281;158;243;107;226;265;135;399;254;340
ENSG00000132849;97;44;52;61;43;82;41;29;64;26;50;21;44;33;14;71;57;60
ENSG00000162607;177;150;130;111;171;139;149;85;189;116;220;81;206;197;91;379;202;177
ENSG00000116641;728;741;525;675;621;610;660;433;930;556;863;334;610;674;284;906;646;716
ENSG00000125703;90;73;65;71;86;90;77;38;85;40;83;23;105;116;41;152;120;122
ENSG00000142856;23;19;13;18;23;21;25;10;33;19;25;7;39;34;11;60;33;28
ENSG00000088035;66;72;55;44;39;51;48;33;69;32;41;24;53;57;27;99;75;61
ENSG00000079739;246;228;215;215;259;206;277;209;491;291;431;188;274;325;131;363;171;203
ENSG00000162434;2904;2719;2193;2533;2919;2379;3378;2248;5745;3074;4970;1814;2809;3871;1520;4567;2744;3160
ENSG00000162433;580;651;450;594;553;507;967;625;1439;805;1304;477;396;721;258;803;427;571
ENSG00000116675;19;15;10;5;9;8;19;15;33;16;28;6;31;23;11;27;13;20
ENSG00000213625;1071;1053;736;863;1048;834;1023;668;1563;935;1442;451;1530;1695;708;2307;1466;1562
ENSG00000116678;115;69;76;69;67;83;63;34;88;56;97;35;184;166;80;306;169;222
ENSG00000184588;1214;1019;833;963;986;930;1594;1124;2483;1388;2147;802;281;546;261;758;504;533
ENSG00000198160;576;547;409;433;524;489;430;245;495;282;535;192;458;531;225;793;614;597
ENSG00000116704;196;144;144;135;177;161;164;97;240;122;211;61;155;154;111;235;189;191
ENSG00000142864;472;577;391;452;555;523;522;298;760;491;782;256;552;735;308;1001;536;640
ENSG00000116717;43;22;19;44;45;26;58;56;103;56;76;37;41;50;24;48;32;34
ENSG00000116729;25;33;23;24;56;37;32;28;45;31;29;20;40;36;15;54;25;32
ENSG00000066557;109;107;83;89;106;83;83;68;118;67;117;43;108;122;62;187;119;118
ENSG00000116754;975;870;598;649;750;720;756;567;1165;745;1149;368;853;1021;402;1357;983;984
ENSG00000118454;208;186;113;154;194;186;196;136;223;126;258;65;201;250;94;333;204;222
ENSG00000132485;599;607;390;419;500;489;475;287;583;373;619;193;540;600;241;782;557;651
ENSG00000254685;78;81;55;59;83;76;55;34;66;31;68;20;78;93;45;130;87;114
ENSG00000116791;18;15;18;28;16;22;9;5;14;6;17;6;14;14;5;24;28;31
ENSG00000162623;67;71;51;40;49;37;36;25;70;38;79;24;55;75;25;90;60;51
ENSG00000117054;68;64;50;62;73;57;53;28;85;37;112;31;79;87;50;164;90;98
ENSG00000137955;302;263;203;200;252;214;236;161;288;183;347;116;292;322;148;469;328;334
ENSG00000057468;5;10;3;6;8;16;14;4;19;8;8;4;12;9;3;17;10;12
ENSG00000184005;23;10;10;6;10;15;14;6;14;8;9;6;10;7;3;14;12;10
ENSG00000142892;28;15;19;13;17;24;5;9;12;8;18;5;24;17;3;25;29;20
ENSG00000036549;274;237;191;177;236;212;238;150;305;163;272;106;314;357;182;507;330;366
ENSG00000077254;614;493;462;446;548;465;429;242;537;305;567;189;472;530;232;752;544;531
ENSG00000180488;194;158;130;135;134;120;141;76;187;123;190;74;188;180;73;314;188;215
ENSG00000162614;17;17;14;18;15;32;24;15;28;18;28;15;28;31;12;33;20;19
ENSG00000162613;1286;1058;832;907;998;1033;993;652;1233;773;1171;395;1022;1110;514;1603;1238;1363
ENSG00000162616;27;36;18;31;20;27;26;13;28;17;37;14;35;56;26;61;38;38
ENSG00000137965;22;15;25;14;30;24;7;7;11;6;7;4;18;6;8;30;30;31
ENSG00000142875;180;94;130;130;118;145;74;52;83;35;73;34;93;78;47;147;109;87
ENSG00000117133;92;64;56;73;71;71;69;32;85;61;72;32;75;94;45;116;82;100
ENSG00000174021;288;266;214;208;207;179;222;141;374;200;302;91;244;288;118;449;281;335
ENSG00000117151;318;368;254;295;354;263;254;133;345;193;388;135;317;367;190;572;361;437
ENSG00000117155;20;24;18;26;25;11;15;3;20;17;24;2;38;21;11;37;30;23
ENSG00000153898;30;16;17;22;23;29;46;22;61;43;36;23;15;21;12;40;35;36
ENSG00000162642;151;124;114;105;135;89;140;94;193;107;200;66;136;164;79;220;108;134
ENSG00000142867;152;188;115;121;147;105;131;90;233;154;216;64;175;197;77;300;203;203
ENSG00000117174;40;29;39;31;32;29;29;12;51;26;25;9;44;32;17;63;29;25
ENSG00000171502;24;26;26;31;23;25;47;22;61;29;44;30;19;25;6;30;17;34
ENSG00000122417;104;71;71;82;85;109;58;30;68;47;82;20;62;64;31;126;79;69
ENSG00000097033;471;473;371;389;453;418;495;270;627;417;642;214;533;674;292;920;570;655
ENSG00000183291;361;443;261;352;538;322;456;302;749;456;787;248;636;784;317;932;521;567
ENSG00000153936;309;327;189;223;310;212;270;206;433;338;473;154;313;407;152;575;329;360
ENSG00000143013;106;87;61;83;117;61;71;56;130;87;83;42;77;102;33;121;91;79
ENSG00000065243;662;638;503;549;575;543;458;354;639;357;642;218;749;789;361;1182;865;816
ENSG00000137947;133;107;119;125;149;109;133;102;246;128;202;80;144;215;105;253;178;179
ENSG00000137944;179;162;137;147;133;110;144;47;161;98;158;64;176;194;90;243;181;204
ENSG00000213516;126;142;108;113;138;117;134;84;210;99;162;68;142;182;73;241;189;170
ENSG00000117226;57;21;38;28;46;31;23;11;45;24;30;10;24;21;11;58;26;27
ENSG00000117228;75;35;36;49;64;47;65;38;46;34;65;23;27;42;16;61;65;48
ENSG00000162645;305;224;225;290;316;212;219;161;344;207;361;107;353;397;153;535;329;323
ENSG00000162654;136;86;139;105;90;140;84;29;88;59;94;29;59;56;27;113;74;88
ENSG00000154451;413;323;254;385;411;328;179;139;329;211;374;122;147;225;89;364;243;198
ENSG00000197147;85;75;45;79;80;72;88;65;147;82;100;46;90;123;55;182;137;126
ENSG00000171488;150;159;141;133;134;125;122;102;232;95;210;66;167;180;86;317;173;207
ENSG00000171492;78;97;56;93;87;70;100;51;139;88;124;54;136;162;78;245;163;137
ENSG00000162664;573;451;331;424;374;410;420;253;558;341;519;183;395;461;237;717;504;541
ENSG00000122482;652;513;369;426;470;380;392;294;620;359;640;221;486;606;242;821;591;583
ENSG00000097046;38;20;21;33;22;33;28;11;23;13;13;8;41;38;16;51;35;35
ENSG00000069702;129;80;112;105;100;133;46;29;76;38;63;20;98;55;38;131;96;100
ENSG00000189195;86;101;63;89;100;65;59;36;64;51;86;33;58;90;30;127;73;95
ENSG00000174842;46;47;34;43;42;34;39;27;51;18;31;16;54;66;20;114;69;74
ENSG00000122484;201;181;150;128;164;146;163;87;207;97;172;59;160;199;67;211;161;176
ENSG00000162676;69;46;37;32;59;47;32;37;63;27;36;22;45;36;19;58;49;46
ENSG00000067208;460;424;281;347;391;395;386;256;611;296;530;179;504;550;234;872;548;619
ENSG00000122406;451;377;400;356;515;437;402;241;544;388;494;185;531;646;249;796;482;487
ENSG00000143033;339;300;204;242;308;221;250;176;365;227;402;141;226;368;152;470;306;321
ENSG00000117500;963;1014;696;951;1063;904;958;585;1409;859;1464;443;764;1016;446;1698;1020;1144
ENSG00000122483;168;152;113;112;159;87;164;96;195;122;198;62;149;185;80;246;179;161
ENSG00000117505;449;479;368;303;451;406;395;265;634;442;596;214;475;568;247;819;472;544
ENSG00000137942;68;55;67;33;42;47;40;33;67;43;58;30;32;28;18;49;47;44
ENSG00000137936;21;14;18;17;15;12;25;17;59;30;39;13;20;31;10;31;22;24
ENSG00000067334;201;199;149;177;219;159;174;152;330;195;331;103;208;253;104;399;224;252
ENSG00000023909;29;19;16;14;22;21;25;16;16;21;35;9;16;27;10;24;32;23
ENSG00000117528;81;100;82;79;104;95;86;63;92;74;122;54;111;122;43;188;117;143
ENSG00000117525;67;93;70;93;91;94;229;171;389;273;458;117;222;359;138;450;270;282
ENSG00000172339;9;18;14;28;24;14;13;16;26;18;24;6;18;15;14;51;17;24
ENSG00000271092;11;8;8;10;12;15;8;4;11;7;9;2;9;9;4;10;7;14
ENSG00000122481;21;15;14;19;19;13;10;9;32;19;20;9;14;24;12;29;25;12
ENSG00000117569;457;343;266;263;285;242;286;189;347;217;345;120;364;388;208;594;410;393
ENSG00000188641;3455;3145;2170;2588;2872;2655;3772;2695;5694;3076;5284;1977;3795;4692;1974;6321;4021;4322
ENSG00000156869;16;8;11;10;23;8;16;10;14;13;25;7;34;26;8;25;31;21
ENSG00000162688;118;93;77;73;104;100;63;47;108;69;138;55;117;132;53;200;133;137
ENSG00000117620;143;149;130;121;145;131;107;78;161;87;145;57;149;133;56;273;161;182
ENSG00000156875;51;51;31;29;63;57;49;42;102;54;101;27;60;71;38;96;54;64
ENSG00000156876;49;43;35;40;41;34;51;23;47;22;49;12;45;47;24;74;41;67
ENSG00000122435;124;104;63;85;87;95;60;44;78;45;95;25;96;83;37;166;91;104
ENSG00000137992;143;137;110;125;133;128;123;72;184;111;185;53;134;201;85;251;138;165
ENSG00000137996;198;220;137;137;204;148;192;95;224;148;230;82;211;244;93;364;204;211
ENSG00000079335;279;224;161;176;216;224;170;114;259;145;217;85;182;177;93;275;200;188
ENSG00000162694;18;18;12;10;13;13;15;5;19;10;9;2;9;10;4;21;12;11
ENSG00000162695;557;550;362;413;552;457;551;347;773;463;770;277;538;636;263;969;600;624
ENSG00000117543;14;16;14;13;11;20;6;3;15;11;7;8;9;7;5;30;17;12
ENSG00000170989;149;86;140;107;114;152;118;64;152;92;121;38;120;91;35;135;132;131
ENSG00000185946;468;409;348;326;364;369;369;227;471;294;476;184;387;442;207;712;429;470
ENSG00000240038;81;53;59;50;81;67;66;49;80;69;114;40;91;74;38;97;96;67
ENSG00000198890;14;13;10;25;25;21;13;11;18;13;15;5;15;22;5;23;20;14
ENSG00000134215;435;399;268;338;366;316;296;189;482;263;377;138;487;583;259;953;608;670
ENSG00000085491;407;388;261;315;394;327;334;209;537;341;545;160;400;457;213;724;431;509
ENSG00000162636;534;494;343;378;537;386;363;285;561;357;628;168;307;334;164;499;322;369
ENSG00000162639;81;82;70;50;73;68;35;35;83;53;68;26;87;85;28;103;92;97
ENSG00000134186;795;659;544;541;616;553;616;481;1016;559;839;329;678;802;346;1116;742;777
ENSG00000116266;371;367;225;277;335;273;264;180;369;244;464;149;313;383;146;625;366;422
ENSG00000121957;21;17;10;19;29;17;20;11;22;21;30;10;31;32;8;40;29;29
ENSG00000121940;354;280;247;293;266;264;319;204;454;276;339;146;413;456;198;661;442;480
ENSG00000085433;251;236;188;199;213;156;280;182;370;211;324;129;234;312;110;461;262;267
ENSG00000197780;81;82;52;62;101;80;102;55;156;89;120;61;104;174;60;181;93;124
ENSG00000215717;277;352;241;302;368;357;425;216;584;357;570;198;440;558;256;708;386;474
ENSG00000116299;16;18;7;6;26;12;4;8;10;4;8;2;9;6;4;8;8;7
ENSG00000031698;279;270;182;254;289;209;313;211;502;326;446;173;355;475;179;561;304;362
ENSG00000143126;15;8;10;22;13;26;14;16;15;7;10;3;18;14;4;24;21;17
ENSG00000134222;8;5;12;10;22;12;12;9;18;14;15;7;20;18;6;19;4;15
ENSG00000134243;135;95;114;138;149;183;57;39;65;49;86;30;475;349;166;502;302;327
ENSG00000143106;170;151;85;81;144;143;155;112;271;150;213;77;193;236;89;250;176;195
ENSG00000162650;93;103;37;50;58;71;88;77;160;64;139;50;101;152;56;118;87;102
ENSG00000174151;371;311;278;338;366;282;399;277;753;377;565;218;399;523;221;566;337;429
ENSG00000065135;802;729;502;671;738;628;741;434;970;590;974;332;865;962;391;1324;906;907
ENSG00000116337;1693;1340;926;1072;1338;1182;1356;1238;3130;1724;2291;892;1760;2151;880;2013;1408;1336
ENSG00000168765;15;18;20;16;20;31;14;14;24;14;29;6;22;32;7;31;12;17
ENSG00000213366;29;13;22;16;23;35;11;14;14;9;16;9;21;16;6;25;28;27
ENSG00000134202;49;22;33;31;20;32;29;36;42;45;49;21;53;56;20;69;20;46
ENSG00000184371;22;10;7;10;13;11;18;13;43;20;36;7;34;28;7;25;22;12
ENSG00000168710;565;488;359;399;504;474;512;361;887;508;799;273;593;772;302;881;545;611
ENSG00000143093;340;261;173;213;300;294;311;242;640;300;402;164;350;424;179;485;305;349
ENSG00000116396;121;82;85;70;85;42;68;58;180;67;87;49;62;89;34;94;59;71
ENSG00000162775;372;293;250;282;268;283;288;262;622;328;436;169;359;428;206;494;362;384
ENSG00000134248;120;111;96;108;146;113;129;117;296;163;251;76;145;207;77;268;112;151
ENSG00000177272;85;65;55;57;49;99;41;30;69;37;91;22;41;41;31;89;65;40
ENSG00000143119;2398;2230;1569;1988;2497;2127;2581;1893;4732;2873;4193;1446;3427;4558;1759;4995;2967;3322
ENSG00000121931;118;141;97;113;102;121;99;72;145;88;141;56;128;151;64;196;151;152
ENSG00000156171;378;360;271;302;393;330;336;238;431;268;490;156;496;519;233;736;507;529
ENSG00000134255;422;382;243;296;342;286;303;200;441;241;424;130;435;459;205;742;520;578
ENSG00000162777;310;218;218;199;239;250;225;125;305;181;265;90;309;282;126;395;273;302
ENSG00000064886;9;12;11;6;7;12;9;5;13;5;8;3;16;20;5;17;6;13
ENSG00000116455;72;59;38;62;60;70;65;24;109;42;86;23;87;88;36;99;61;78
ENSG00000116459;151;149;110;112;165;131;132;92;190;127;198;61;190;241;104;308;183;226
ENSG00000143110;174;122;124;139;167;176;97;52;111;70;107;46;121;142;70;251;128;151
ENSG00000116473;707;690;485;587;631;541;624;418;858;520;900;316;662;903;358;1231;804;889
ENSG00000197852;175;129;80;95;109;104;82;78;216;134;183;50;142;155;73;186;111;136
ENSG00000064703;97;72;56;58;50;53;55;38;84;48;101;24;65;85;32;134;67;67
ENSG00000143079;230;227;147;169;228;189;301;192;477;254;382;152;273;393;137;447;279;309
ENSG00000134245;62;50;31;44;63;36;82;59;138;68;94;37;71;93;42;114;82;99
ENSG00000007341;104;83;47;71;52;71;78;51;112;68;91;38;107;101;49;144;106;107
ENSG00000116489;1050;1051;801;874;1093;914;994;594;1408;838;1556;443;1220;1520;631;2125;1388;1500
ENSG00000155363;310;214;167;203;234;191;207;173;449;209;324;110;189;238;93;283;167;202
ENSG00000155366;170;132;118;118;151;127;130;101;313;153;170;74;135;185;65;142;100;127
ENSG00000155380;40;39;29;39;36;46;34;29;57;38;45;13;60;69;21;72;52;62
ENSG00000198799;356;320;252;290;272;240;298;193;437;250;411;136;375;399;184;573;360;412
ENSG00000081026;9;11;12;11;11;21;8;5;21;14;20;6;20;12;6;26;10;18
ENSG00000116793;210;150;138;100;139;139;139;89;217;124;178;68;171;190;71;273;188;214
ENSG00000081019;347;315;253;255;294;274;310;227;486;254;456;180;292;398;167;540;315;359
ENSG00000134242;171;121;109;100;113;127;85;45;123;84;113;30;172;211;71;314;231;211
ENSG00000188761;21;21;9;20;11;11;12;7;7;12;6;4;12;14;8;18;16;15
ENSG00000134262;305;246;186;193;250;218;268;179;440;242;371;142;298;342;147;409;290;298
ENSG00000118655;142;113;101;114;128;87;204;175;438;272;366;134;170;276;89;283;148;173
ENSG00000163349;1847;1750;1193;1385;1751;1463;1636;1122;2672;1531;2412;823;1682;2240;934;2891;1985;2025
ENSG00000116774;23;15;9;19;17;19;24;13;32;16;16;14;12;15;9;20;11;13
ENSG00000197323;886;832;623;667;787;701;730;460;1081;628;954;356;795;885;396;1271;892;975
ENSG00000116752;51;46;41;56;65;41;51;46;83;58;95;25;66;73;32;119;82;74
ENSG00000175984;14;16;7;16;10;10;17;11;27;12;14;8;29;18;4;29;14;24
ENSG00000213281;325;309;275;322;329;324;379;207;507;320;556;175;299;401;157;580;389;405
ENSG00000009307;2483;2608;1989;2182;2799;2287;2863;1891;4323;2861;4370;1462;2953;3869;1485;5061;3043;3370
ENSG00000052723;117;101;91;101;120;98;93;75;135;90;164;57;121;134;42;209;137;129
ENSG00000173218;10;10;12;12;15;14;6;6;18;12;11;2;12;15;3;10;5;13
ENSG00000163393;238;195;163;157;179;160;183;118;251;142;218;82;180;191;70;275;164;196
ENSG00000163399;1958;1982;1398;1674;2323;1687;2407;1820;4723;2904;4304;1434;2609;3742;1453;4119;2336;2562
ENSG00000116815;452;385;274;280;393;286;458;251;565;290;489;188;333;460;177;536;420;438
ENSG00000143061;12;11;8;9;16;3;24;20;64;33;40;14;26;27;6;25;14;21
ENSG00000116824;92;66;66;82;82;70;41;13;41;26;35;15;56;43;31;55;54;51
ENSG00000134247;612;655;369;430;523;426;838;536;1296;852;1230;441;2258;2649;1050;2942;1667;1896
ENSG00000134256;251;254;164;205;226;223;419;308;777;494;695;227;1453;1840;757;2059;1094;1286
ENSG00000116830;428;402;278;316;401;367;603;384;883;486;781;238;628;647;281;780;513;589
ENSG00000198162;439;379;311;311;376;317;420;275;600;410;597;188;510;616;238;846;479;617
ENSG00000183508;162;122;97;126;94;105;87;54;153;75;127;46;125;82;63;124;109;100
ENSG00000196505;493;471;328;379;439;373;421;275;572;313;577;201;491;571;267;872;497;689
ENSG00000065183;94;99;56;89;68;125;82;51;134;75;104;46;110;134;44;198;121;113
ENSG00000116874;28;32;11;23;33;38;24;25;43;31;41;12;45;51;15;68;28;45
ENSG00000143067;1597;1464;984;1035;1300;1272;1890;1569;3587;1854;2850;1112;1124;1901;621;2102;1367;1367
ENSG00000134250;8861;8423;6052;6754;8621;7087;12518;9253;24102;12478;18759;6854;9982;14347;5581;15290;8823;10083
ENSG00000265808;621;547;395;413;553;418;811;546;1280;748;1051;381;694;899;358;1229;736;827
ENSG00000270231;157;114;105;120;120;114;128;97;245;123;175;80;88;99;45;138;90;105
ENSG00000286106;54;52;56;50;40;39;36;29;50;28;45;25;48;51;21;75;41;50
ENSG00000273136;534;476;387;392;453;416;586;465;1132;558;878;320;580;725;309;826;482;565
ENSG00000171943;110;127;74;126;111;105;132;87;198;119;177;56;132;148;83;234;169;183
ENSG00000266338;112;75;70;72;104;80;103;69;154;82;153;48;79;97;49;139;83;82
ENSG00000196369;59;41;37;44;30;42;56;44;100;42;74;30;70;76;23;90;65;73
ENSG00000162825;16;26;15;12;22;25;22;9;24;21;22;16;20;19;14;33;24;18
ENSG00000117262;24;22;25;20;11;14;10;12;16;13;24;9;17;25;10;33;21;21
ENSG00000265491;514;372;284;363;360;330;449;294;653;360;567;227;508;516;225;712;462;503
ENSG00000186141;331;302;237;214;240;264;293;211;500;287;387;145;319;453;187;503;311;408
ENSG00000186364;38;28;19;13;18;14;24;13;52;14;38;6;31;37;20;36;25;29
ENSG00000131788;429;347;223;263;335;288;371;352;776;421;574;196;411;540;199;536;334;344
ENSG00000143127;82;66;29;45;47;43;51;41;114;52;77;33;62;66;31;100;55;65
ENSG00000131779;110;114;83;100;79;99;110;74;157;98;130;59;133;134;51;200;98;129
ENSG00000265241;283;287;226;264;270;249;348;227;573;300;459;199;350;416;149;559;315;333
ENSG00000271601;240;176;146;166;205;225;214;146;351;245;341;137;241;287;124;336;214;241
ENSG00000121851;34;28;22;28;37;40;30;19;50;25;48;11;50;59;17;72;37;40
ENSG00000265972;5808;5896;4646;5725;6459;5833;5509;3596;8223;5370;8593;2826;7744;8278;3569;11047;6651;7238
ENSG00000271425;504;405;284;379;387;354;459;352;859;446;713;262;395;445;194;508;371;389
ENSG00000264343;581;509;379;399;475;442;481;411;884;461;728;257;425;527;211;643;438;526
ENSG00000268043;727;544;471;494;508;449;629;491;1202;558;1037;349;730;825;347;933;607;707
ENSG00000131791;212;143;150;124;161;114;125;93;173;89;163;60;144;179;70;222;171;186
ENSG00000131781;28;22;8;19;29;17;25;13;35;13;22;11;37;34;26;56;31;34
ENSG00000131778;23;25;26;9;18;29;23;18;29;18;21;14;32;37;17;63;27;36
ENSG00000116128;105;127;59;91;109;103;106;86;242;137;168;53;108;126;44;134;90;107
ENSG00000162836;41;29;16;25;14;46;31;20;38;20;32;13;47;49;20;64;26;39
ENSG00000188092;30;29;16;6;21;24;14;10;28;16;18;13;25;30;14;48;30;37
ENSG00000263956;176;143;136;133;134;134;175;108;304;159;212;88;154;153;89;269;171;184
ENSG00000270629;975;815;608;683;777;711;979;658;1701;855;1433;535;721;912;351;1103;623;818
ENSG00000286019;760;597;489;569;586;599;698;513;995;480;904;332;525;609;277;888;538;589
ENSG00000178104;2907;2450;1770;1776;2081;1813;3584;2453;5441;2768;4266;1632;2782;4191;1522;4712;2998;3378
ENSG00000269713;165;119;96;121;115;87;205;148;330;185;256;85;80;121;55;155;118;100
ENSG00000286219;1742;1508;1041;1235;1223;1231;1983;1355;2312;1257;2182;766;1702;1864;876;2954;1917;2065
ENSG00000271383;358;326;267;301;336;291;605;398;799;381;657;268;483;538;268;697;424;514
ENSG00000203814;117;85;78;49;78;73;133;108;191;121;118;55;131;179;84;141;85;123
ENSG00000183598;21;10;7;14;9;18;17;14;33;13;17;3;20;33;6;21;9;25
ENSG00000184678;1542;1025;711;648;732;830;1525;962;1821;909;1100;812;1281;1618;841;1506;871;1576
ENSG00000184260;204;134;124;108;156;113;188;142;373;249;280;104;200;303;101;256;161;165
ENSG00000184270;19;25;17;24;4;19;23;17;55;27;36;13;35;39;16;20;20;20
ENSG00000178096;73;35;41;27;17;61;90;44;112;41;57;62;66;98;40;88;42;61
ENSG00000143368;119;125;85;84;101;127;123;96;265;142;192;74;172;226;70;240;130;130
ENSG00000014914;121;107;84;84;106;95;89;45;172;67;116;43;107;105;52;108;80;104
ENSG00000264522;62;57;60;61;54;60;98;70;171;90;107;55;53;77;39;108;59;80
ENSG00000136631;349;299;207;232;263;281;251;187;409;210;317;139;382;377;177;563;338;400
ENSG00000023902;709;613;420;461;695;554;724;582;1435;811;1035;439;948;1395;500;1334;797;920
ENSG00000143401;113;91;91;102;121;89;95;49;125;76;131;40;107;108;43;198;135;111
ENSG00000117362;514;519;409;444;549;448;608;503;1343;807;998;382;743;1091;412;1048;601;630
ENSG00000266472;131;123;88;106;140;134;143;119;269;160;204;76;168;213;77;215;142;162
ENSG00000117360;884;812;573;690;804;722;876;716;1566;772;1240;430;801;1081;425;1195;820;895
ENSG00000163125;364;306;234;269;324;272;271;163;461;293;369;126;377;463;194;579;423;433
ENSG00000143374;149;108;125;78;107;93;122;97;237;108;163;50;149;189;83;211;121;146
ENSG00000143382;655;672;435;441;580;499;570;595;1632;810;1193;403;1022;1305;456;1140;649;822
ENSG00000143384;14154;11590;8606;10889;11880;11112;11639;8371;17450;9900;18788;6594;11196;18083;7783;26316;14886;18680
ENSG00000143420;368;318;315;293;298;289;328;290;593;388;594;214;442;560;231;716;436;468
ENSG00000143457;25;17;23;19;28;26;15;20;22;12;21;8;28;26;10;37;35;34
ENSG00000163131;2130;1633;1669;1623;2123;2053;1654;1063;2165;1585;2329;698;2348;2622;1031;3713;2247;2580
ENSG00000143387;263;308;188;229;268;200;264;207;443;221;369;131;339;367;175;468;365;391
ENSG00000143437;869;754;587;573;788;667;733;561;1250;711;1147;412;918;1045;425;1305;879;928
ENSG00000143379;617;595;421;414;594;553;608;443;1034;598;843;339;721;874;368;1002;647;702
ENSG00000143418;587;525;376;421;618;474;614;396;1163;619;857;312;798;984;395;1166;634;770
ENSG00000143409;109;69;69;89;76;105;70;45;139;58;104;42;123;104;65;129;93;126
ENSG00000143363;78;84;65;83;102;93;83;59;149;103;120;48;110;122;65;148;90;108
ENSG00000163141;30;26;26;20;22;25;13;14;36;18;23;12;15;20;6;25;21;9
ENSG00000197622;2712;2206;1698;1975;2339;1987;2743;1812;4169;2497;3688;1326;2693;3547;1448;4073;2464;2890
ENSG00000143458;278;245;239;181;235;224;235;167;391;231;344;119;282;272;130;427;275;293
ENSG00000143434;81;47;41;51;52;52;34;29;96;45;54;25;80;64;21;39;29;50
ENSG00000163154;26;34;39;25;50;33;39;15;63;25;35;11;43;56;20;60;29;36
ENSG00000163156;119;107;65;61;97;79;108;86;193;124;158;68;130;149;58;192;112;92
ENSG00000163157;39;43;28;23;32;32;63;35;76;31;58;32;51;41;25;55;36;50
ENSG00000163159;105;53;43;59;81;52;80;60;164;92;123;40;82;132;37;109;64;87
ENSG00000143398;446;408;277;321;413;313;404;274;661;379;568;242;471;574;236;673;397;429
ENSG00000159352;308;245;203;171;289;221;412;301;804;460;619;226;404;545;182;549;287;333
ENSG00000143373;452;388;259;294;353;355;440;373;1055;582;674;265;569;705;266;655;404;454
ENSG00000143393;977;884;607;680;881;717;972;793;2057;1085;1477;591;993;1348;504;1328;822;930
ENSG00000143390;217;170;141;156;167;189;234;165;418;212;323;116;184;212;93;241;185;167
ENSG00000159377;264;264;189;247;248;243;302;198;507;324;445;145;325;391;129;465;255;274
ENSG00000143442;1169;1143;786;856;980;843;1150;796;2046;1006;1517;567;1188;1447;591;1749;1079;1219
ENSG00000143367;27;13;5;5;14;5;9;9;16;9;19;6;10;15;5;22;10;19
ENSG00000143376;1150;1105;750;932;1034;924;1056;661;1738;971;1481;523;1261;1481;595;1875;1149;1215
ENSG00000143436;41;46;39;33;46;36;49;29;60;46;77;21;54;64;20;67;43;60
ENSG00000182134;11;13;6;4;22;9;13;3;12;5;11;3;14;13;10;8;11;12
ENSG00000159445;42;25;19;25;24;44;20;17;22;8;27;8;20;24;16;52;12;35
ENSG00000197747;952;954;773;883;1177;868;1207;724;1862;1461;1939;684;1158;1589;665;1986;933;1318
ENSG00000163191;414;404;265;237;389;301;312;197;883;469;462;153;293;555;226;624;349;379
ENSG00000163220;1074;761;819;850;1003;1054;429;340;801;553;773;261;571;866;330;1132;640;698
ENSG00000163221;98;86;73;81;128;94;59;30;107;75;79;40;68;127;54;166;80;109
ENSG00000143546;618;521;409;556;632;559;336;252;576;473;567;188;428;672;243;873;477;460
ENSG00000197956;339;305;226;238;355;302;219;191;550;419;436;155;442;614;195;599;274;313
ENSG00000196154;255;170;175;209;232;241;90;71;132;94;158;40;296;267;129;350;228;223
ENSG00000189171;51;36;34;36;43;15;45;36;103;62;67;46;64;85;29;76;55;51
ENSG00000160679;613;501;333;359;498;485;565;379;881;491;712;311;619;782;331;951;565;664
ENSG00000143553;79;49;38;33;60;44;58;38;104;74;100;30;80;99;44;129;72;76
ENSG00000143621;278;290;218;262;319;252;354;223;519;333;454;184;361;498;191;543;332;414
ENSG00000169418;14;5;8;3;6;8;20;17;51;35;35;23;17;16;8;18;11;15
ENSG00000143624;943;767;656;649;850;761;998;737;1806;905;1363;532;1180;1231;576;1318;842;1000
ENSG00000143554;405;354;252;281;344;371;429;414;1207;509;739;247;397;574;234;497;296;378
ENSG00000143614;1378;1185;782;983;1144;956;1237;938;2255;1187;1735;627;1238;1696;709;1819;1221;1397
ENSG00000198837;3319;2937;2047;2045;2628;2300;2855;2669;6807;3460;4646;1862;3222;4213;1663;3821;2549;2737
ENSG00000160741;877;685;497;491;657;590;713;607;1737;943;1144;410;758;946;395;925;660;666
ENSG00000143570;29;27;15;17;20;19;22;12;45;27;25;13;19;37;10;35;22;21
ENSG00000143578;15;17;12;7;23;12;18;12;36;14;34;13;27;29;12;32;29;29
ENSG00000143543;109;115;75;91;121;113;122;77;173;111;156;55;134;174;63;224;123;123
ENSG00000143545;110;98;53;60;107;75;90;76;272;173;193;73;81;110;36;135;72;88
ENSG00000177954;327;236;227;280;210;282;202;170;257;218;290;99;195;291;118;360;212;270
ENSG00000143549;1703;1552;1191;1426;1743;1436;1563;1110;2558;1555;2177;777;1878;2348;1000;3174;1819;2078
ENSG00000143612;539;566;329;497;658;478;560;353;900;582;998;346;660;998;328;994;583;576
ENSG00000143569;1176;1012;788;829;1061;898;1121;780;1927;1032;1460;586;1234;1553;560;1712;1096;1275
ENSG00000143575;152;137;83;101;155;108;136;88;254;147;207;69;126;180;54;205;117;126
ENSG00000143515;286;152;248;194;204;282;162;115;253;137;201;69;164;174;99;250;162;173
ENSG00000160712;1264;1086;873;965;1185;881;1082;926;2213;1283;1901;658;1081;1580;622;1799;1119;1186
ENSG00000160714;351;303;252;236;333;291;363;268;620;375;539;209;369;455;173;522;332;317
ENSG00000160710;1801;1515;1217;1357;1547;1345;1575;1149;2833;1555;2302;834;1544;1834;838;2490;1428;1649
ENSG00000163344;28;27;21;23;30;31;24;29;64;39;58;16;60;74;26;93;47;45
ENSG00000163346;333;280;279;245;300;295;238;199;510;268;406;170;301;333;141;369;252;273
ENSG00000163348;233;165;136;123;167;195;155;120;337;179;263;109;191;308;104;314;166;192
ENSG00000160691;705;590;438;461;618;478;728;484;1322;789;1079;422;832;1009;436;951;651;692
ENSG00000160688;150;121;101;101;150;128;129;92;234;144;190;64;158;174;57;193;124;124
ENSG00000160685;970;895;590;661;844;684;902;796;2297;1272;1647;625;1312;1788;680;1623;994;1009
ENSG00000143537;150;96;76;101;107;143;68;50;121;77;84;36;100;123;62;157;75;103
ENSG00000243364;42;34;31;24;31;31;37;28;89;36;78;20;67;66;29;58;42;43
ENSG00000169241;129;128;77;88;111;84;129;126;290;154;241;73;144;205;59;209;97;117
ENSG00000179085;20;23;16;24;22;23;42;42;100;47;65;27;53;56;16;49;29;23
ENSG00000163462;16;12;10;8;10;4;10;6;19;10;7;7;9;5;6;12;15;11
ENSG00000169231;252;178;130;169;171;156;273;222;471;258;381;141;415;439;174;404;263;297
ENSG00000173171;11;17;11;16;13;15;13;12;34;15;31;18;30;33;20;42;18;26
ENSG00000177628;187;150;94;129;175;145;187;152;394;230;299;107;255;337;136;367;185;232
ENSG00000160767;90;57;50;54;65;62;62;58;193;124;122;58;98;124;50;104;69;66
ENSG00000116521;198;141;108;114;151;141;150;159;295;159;236;80;206;231;92;264;139;144
ENSG00000176444;591;477;358;393;451;369;547;447;1048;528;785;278;589;752;322;764;524;588
ENSG00000143630;53;32;11;15;40;42;36;31;88;33;42;22;28;51;16;38;32;28
ENSG00000160752;341;247;140;185;230;177;302;266;540;290;486;167;393;413;166;435;272;284
ENSG00000160753;100;83;65;77;79;48;65;69;156;93;115;42;84;118;51;107;63;81
ENSG00000116539;3333;2704;1966;2377;2656;2315;2915;2106;4839;2585;3941;1503;2912;3502;1432;4403;2952;3212
ENSG00000125459;29;27;19;17;14;13;42;34;81;48;55;18;46;38;21;33;38;48
ENSG00000163374;928;778;595;710;779;641;944;698;1610;874;1277;449;976;1307;489;1356;878;1018
ENSG00000132676;182;153;109;128;176;117;145;134;275;179;249;77;176;246;79;343;160;215
ENSG00000116580;888;782;609;576;715;666;751;542;1414;729;1048;399;880;1122;442;1302;835;916
ENSG00000132718;240;232;172;238;257;248;298;142;464;296;447;160;291;453;179;524;301;343
ENSG00000143622;472;488;321;416;478;461;508;333;750;472;727;257;526;699;271;884;550;597
ENSG00000132680;571;499;330;387;442;464;465;356;663;393;582;211;482;579;238;667;482;536
ENSG00000116584;2867;2677;1783;1838;2463;2051;2919;2497;6559;3377;4715;2019;2661;3608;1386;3543;2241;2551
ENSG00000163479;401;378;313;293;447;373;451;306;813;521;741;262;394;585;217;627;388;420
ENSG00000160803;203;162;146;125;173;162;242;134;456;221;337;130;232;280;118;276;178;205
ENSG00000116586;11;14;13;10;20;22;14;10;36;32;27;15;24;29;13;18;24;17
ENSG00000160789;2336;1571;1128;1154;1669;1315;1976;1967;5789;2433;3799;1358;2564;4438;1928;4118;1972;2970
ENSG00000196189;1033;815;539;666;835;618;1782;1440;3671;2008;2661;1010;878;1653;542;1487;887;1013
ENSG00000160785;198;165;99;119;175;138;184;135;390;221;304;109;257;309;137;312;199;211
ENSG00000160783;110;66;43;41;60;73;72;62;157;92;106;35;88;137;22;145;91;75
ENSG00000160781;145;142;83;86;140;76;173;188;409;175;301;108;227;296;113;246;157;174
ENSG00000198952;1394;1164;886;961;1083;905;1396;1254;3122;1431;2083;790;1623;2306;896;2127;1340;1515
ENSG00000163472;95;62;64;57;54;76;88;69;225;106;151;47;100;166;57;135;68;87
ENSG00000198715;104;82;46;61;60;46;87;54;161;90;131;44;127;192;66;174;78;83
ENSG00000163468;145;135;133;141;185;118;189;103;244;172;216;76;186;284;84;308;185;231
ENSG00000116604;3346;2974;1992;2198;2806;2377;3018;2675;6666;3389;4615;1822;2661;3599;1537;3591;2481;2481
ENSG00000183856;179;169;113;130;172;137;79;80;249;118;202;83;68;119;48;102;97;89
ENSG00000163382;41;48;26;30;39;33;36;22;60;34;39;16;38;41;19;39;37;48
ENSG00000160818;19;14;14;17;23;28;24;13;29;24;21;10;19;39;22;32;33;25
ENSG00000143320;8;6;7;6;12;6;6;6;21;5;9;13;8;18;6;11;7;12
ENSG00000143319;251;183;133;169;207;216;223;156;410;260;309;109;277;371;93;373;227;259
ENSG00000143303;211;139;133;123;153;122;204;168;467;218;298;117;234;305;121;354;208;186
ENSG00000143314;24;16;10;19;28;19;27;16;49;30;28;20;34;38;9;47;27;37
ENSG00000143321;740;683;437;498;731;564;848;711;1763;1137;1438;460;875;1325;449;1343;763;839
ENSG00000143294;238;238;178;214;274;186;266;218;541;295;397;125;326;402;140;417;261;273
ENSG00000027869;92;38;79;73;65;90;53;47;80;43;78;24;56;46;18;66;65;40
ENSG00000132694;1208;1136;732;882;1127;965;1355;1081;3004;1447;1896;722;1230;1619;598;1618;1051;1179
ENSG00000253831;366;469;292;327;367;348;446;378;1023;659;767;302;76;175;76;144;80;90
ENSG00000117036;1670;1629;1220;1313;1681;1260;1972;1407;3360;1884;2880;1030;870;1340;516;1528;1030;1071
ENSG00000143297;19;13;15;27;27;33;9;4;8;8;9;2;7;10;3;14;15;21
ENSG00000160856;101;59;84;92;73;93;27;23;45;16;43;11;44;34;21;67;62;54
ENSG00000163534;109;58;83;76;108;120;24;13;24;14;26;4;33;29;20;68;54;43
ENSG00000158473;88;34;41;67;50;87;16;10;15;7;19;6;15;21;7;48;40;38
ENSG00000163563;231;146;206;204;203;267;71;36;53;38;83;25;139;124;63;260;205;195
ENSG00000163564;103;43;71;56;55;102;29;15;43;18;44;14;46;40;24;74;65;66
ENSG00000163565;179;150;152;156;176;224;109;76;115;77;129;25;231;197;78;307;198;225
ENSG00000158716;23;23;18;11;16;11;12;14;36;11;33;8;20;31;11;22;10;12
ENSG00000181036;72;45;63;63;67;94;25;11;28;16;21;8;53;30;20;57;54;55
ENSG00000158714;104;103;64;58;101;111;252;142;451;277;343;128;203;376;121;321;170;211
ENSG00000213085;15;20;14;9;16;13;27;16;52;14;25;9;20;27;6;14;11;11
ENSG00000158710;1212;1084;852;875;1125;850;1266;951;3106;1755;2369;795;1193;1941;731;1794;1069;1185
ENSG00000085552;519;395;274;304;429;371;524;559;1481;637;916;369;236;349;190;324;181;216
ENSG00000162723;344;367;223;312;428;293;447;352;874;525;834;273;241;324;154;323;177;232
ENSG00000143315;131;111;81;73;130;91;113;85;186;112;195;65;158;170;55;214;130;152
ENSG00000162729;120;104;125;97;142;110;188;151;400;204;320;99;106;156;64;128;102;117
ENSG00000162734;744;761;434;637;863;648;1375;1127;2852;1688;2196;736;1696;2178;743;2265;1151;1334
ENSG00000132716;1047;799;551;604;805;630;854;674;1583;754;1137;459;1005;1278;486;1358;864;1009
ENSG00000162735;222;218;174;202;230;178;182;150;372;222;335;95;206;272;86;318;181;213
ENSG00000122218;2296;1909;1499;1674;1965;1650;2281;1655;3783;2115;3363;1182;2602;3123;1313;3871;2250;2537
ENSG00000162736;780;594;443;528;647;518;763;542;1292;755;1108;407;954;1167;449;1327;741;896
ENSG00000171786;18;27;7;7;24;23;11;12;22;14;13;8;21;30;11;27;19;17
ENSG00000162739;90;53;59;58;82;97;23;19;30;22;37;8;41;41;21;55;58;56
ENSG00000066294;179;143;152;131;180;148;177;90;219;161;172;54;874;944;349;1278;673;888
ENSG00000117090;64;19;30;28;40;28;16;7;28;14;19;8;16;21;9;36;34;27
ENSG00000117091;434;339;319;299;376;396;288;144;316;216;281;101;387;384;159;516;328;311
ENSG00000026751;142;139;84;90;132;136;97;77;134;78;98;53;142;191;71;196;126;133
ENSG00000122224;55;37;55;38;51;48;19;10;30;15;29;15;24;33;17;43;44;29
ENSG00000122223;73;53;68;77;51;88;28;13;29;17;44;8;35;17;23;53;37;39
ENSG00000158769;214;197;172;221;216;156;311;206;553;291;462;163;397;480;172;597;313;316
ENSG00000215845;47;30;17;37;29;22;40;32;73;39;39;21;40;46;17;69;37;37
ENSG00000158773;564;443;312;364;517;384;481;373;980;512;739;299;478;666;261;671;401;503
ENSG00000186517;2355;1985;1509;1747;2127;1796;2273;1930;5359;2967;4115;1459;2866;3803;1451;3687;2149;2481
ENSG00000143217;11;12;7;19;11;3;27;18;56;28;41;11;95;80;28;67;45;42
ENSG00000143256;40;28;13;10;26;34;28;24;56;45;70;24;37;52;23;45;39;26
ENSG00000158793;251;185;145;159;203;178;198;144;407;235;313;94;271;281;105;329;187;234
ENSG00000158796;318;270;191;238;235;222;283;192;539;333;370;161;380;399;198;475;256;327
ENSG00000143222;111;112;86;90;105;108;113;67;215;128;184;57;162;227;78;211;138;136
ENSG00000143258;223;183;134;114;164;140;199;153;332;160;277;101;230;266;104;289;182;189
ENSG00000143224;101;100;76;56;88;90;90;69;204;100;144;51;129;192;77;145;98;114
ENSG00000158850;203;169;117;133;156;168;149;145;333;164;269;79;240;266;118;303;195;182
ENSG00000158864;361;313;201;225;320;287;325;248;638;364;612;205;458;566;221;632;320;418
ENSG00000158869;1141;1049;644;829;1045;883;1270;867;2409;1596;2047;679;1171;1850;658;2067;1107;1348
ENSG00000158882;328;265;205;177;273;231;308;274;607;291;433;192;397;536;226;516;319;370
ENSG00000158887;18;34;17;10;12;22;10;18;31;30;34;15;18;30;16;30;11;27
ENSG00000143252;149;152;106;113;124;123;137;107;206;135;214;63;167;228;72;240;155;158
ENSG00000143226;683;643;481;606;764;548;690;466;1283;802;1136;334;806;1029;390;1217;766;841
ENSG00000173110;185;196;149;140;193;161;220;181;549;327;414;174;291;378;122;338;192;204
ENSG00000203747;1520;1654;1104;1265;1859;1316;1965;1222;2940;2264;3309;1002;2248;3094;1097;3592;1953;2512
ENSG00000244682;874;875;689;660;715;828;1082;890;1931;1056;1736;529;2871;3174;1360;3878;2159;2402
ENSG00000072694;682;584;373;477;571;466;668;463;1162;692;1120;360;1599;1937;806;2324;1165;1405
ENSG00000132185;25;30;29;17;26;18;21;9;32;25;44;15;29;29;10;43;24;26
ENSG00000162746;111;116;99;110;118;77;163;141;358;205;237;100;150;184;75;204;114;122
ENSG00000081721;63;59;48;58;58;64;72;41;106;48;86;34;62;102;58;103;76;78
ENSG00000118217;745;683;445;512;657;514;732;458;1064;603;942;341;901;1084;462;1491;938;1064
ENSG00000162745;21;21;10;16;14;24;20;12;19;12;19;8;177;179;40;257;84;103
ENSG00000198929;9;9;6;8;12;8;35;36;76;26;57;27;13;25;5;25;11;13
ENSG00000198574;78;46;62;64;77;64;35;16;60;34;35;17;70;42;18;72;50;49
ENSG00000152332;943;1024;739;843;922;824;870;512;1206;766;1325;383;966;1182;458;1647;1047;1152
ENSG00000117143;190;185;106;146;174;135;190;141;326;213;328;97;177;256;90;300;234;229
ENSG00000162733;13;6;13;12;10;8;11;9;31;6;24;4;10;16;8;23;20;16
ENSG00000132196;32;35;18;37;37;29;50;31;64;40;65;25;63;69;32;114;54;59
ENSG00000143198;145;122;115;118;139;117;151;133;235;163;220;87;184;207;79;261;156;175
ENSG00000143149;221;228;157;208;253;164;200;147;336;212;334;106;243;268;123;368;252;269
ENSG00000143183;238;270;181;216;283;239;238;182;393;285;406;121;313;430;154;523;318;360
ENSG00000143179;170;120;103;67;129;121;199;108;318;178;193;92;113;163;75;187;126;127
ENSG00000143157;387;369;285;289;357;312;403;284;746;405;612;207;490;571;270;745;439;506
ENSG00000152382;35;20;19;26;32;17;24;11;29;21;26;8;35;39;21;78;59;30
ENSG00000143190;943;826;570;637;760;746;780;570;1284;713;1112;386;725;896;437;1171;787;890
ENSG00000198821;356;197;246;224;239;301;178;116;270;143;200;100;238;198;85;229;235;207
ENSG00000143162;950;1117;679;924;1183;853;1313;874;2303;1459;2501;856;548;929;347;1130;615;768
ENSG00000198771;518;393;441;419;476;514;387;292;732;421;648;282;255;353;155;498;360;375
ENSG00000197965;1261;1263;879;1087;1161;1093;2414;1594;4430;2430;3226;1254;512;1117;399;1140;669;804
ENSG00000143199;17;14;7;8;6;12;11;9;33;13;19;5;12;17;6;13;11;20
ENSG00000143158;73;50;68;42;76;61;103;71;152;104;186;53;81;94;42;130;69;82
ENSG00000143164;519;451;359;467;447;441;574;415;844;477;797;299;384;522;213;725;447;428
ENSG00000143147;63;41;31;55;86;47;49;37;93;47;90;34;19;17;6;24;27;6
ENSG00000143155;114;119;91;67;128;98;103;63;157;98;132;56;99;114;43;147;83;88
ENSG00000213064;2119;1892;1411;1703;1790;1526;2057;1539;3400;1871;2986;1029;2245;2829;1261;3765;2235;2617
ENSG00000143178;146;124;109;117;113;101;156;120;276;149;216;89;184;259;85;293;179;173
ENSG00000143153;18;16;13;12;11;17;13;18;11;10;10;3;11;16;6;28;14;11
ENSG00000143156;55;38;27;33;41;34;38;32;53;24;66;14;37;47;28;84;43;54
ENSG00000117475;145;158;122;155;162;152;151;89;186;131;205;69;167;185;79;262;218;162
ENSG00000117479;122;105;70;57;130;67;94;52;113;81;112;33;101;125;52;173;141;165
ENSG00000198734;522;499;317;360;421;386;449;308;765;464;653;269;412;609;231;678;419;558
ENSG00000000460;91;88;70;50;85;67;61;59;99;58;94;41;97;99;45;111;91;101
ENSG00000188404;372;191;261;272;261;336;104;45;83;48;110;35;142;87;71;235;229;219
ENSG00000000457;162;179;107;112;146;139;150;84;198;109;194;79;173;177;75;259;183;200
ENSG00000075945;136;94;108;88;76;67;85;49;105;64;94;35;100;108;50;157;96;118
ENSG00000120370;99;109;75;87;87;107;113;78;169;79;143;59;106;122;46;164;113;115
ENSG00000076258;24;16;22;8;20;9;13;6;18;12;7;10;15;13;3;16;13;6
ENSG00000117523;4222;3707;2612;3104;3858;3290;4242;2947;7500;4415;5661;1944;3971;5155;2039;6254;3971;4517
ENSG00000117533;267;268;160;199;227;223;212;131;212;158;291;91;215;250;126;411;254;305
ENSG00000010165;117;110;114;95;139;116;161;126;318;164;247;111;167;219;80;220;119;157
ENSG00000197959;66;72;45;60;60;62;52;45;77;50;69;28;103;95;21;132;84;99
ENSG00000135845;66;77;58;49;67;65;97;56;143;69;111;50;122;112;40;129;71;81
ENSG00000094975;325;279;258;290;358;303;313;195;417;235;419;159;341;374;156;602;370;365
ENSG00000117586;90;42;38;42;61;49;46;33;91;32;51;25;49;51;14;64;56;37
ENSG00000117592;166;166;133;154;183;129;140;83;200;152;183;66;212;206;82;269;183;162
ENSG00000076321;90;105;95;80;102;94;117;59;146;100;121;62;117;148;60;197;122;138
ENSG00000120334;26;26;13;9;14;8;9;10;11;9;19;7;20;11;6;27;18;13
ENSG00000117593;66;94;43;67;69;70;61;52;127;82;112;39;119;122;66;123;95;85
ENSG00000185278;606;495;412;436;547;426;481;368;725;416;641;218;527;560;227;773;525;610
ENSG00000135870;1536;1382;1023;1136;1239;1123;1146;798;1707;934;1543;592;1350;1686;731;2389;1529;1671
ENSG00000152061;643;467;444;424;506;472;482;359;754;316;518;216;674;609;279;833;596;706
ENSG00000203737;59;56;48;58;55;68;75;43;89;38;54;38;96;84;37;97;79;85
ENSG00000116161;80;87;70;83;67;91;97;66;143;83;126;54;85;137;47;128;87;112
ENSG00000120333;42;35;26;21;20;34;35;22;37;24;39;12;48;52;20;67;34;59
ENSG00000235750;130;126;119;112;141;119;73;61;125;82;105;45;193;208;95;265;178;175
ENSG00000143207;821;667;497;515;591;592;639;471;932;557;912;320;703;834;367;1258;776;843
ENSG00000075391;344;364;253;272;313;269;421;357;818;398;621;229;718;922;341;1095;766;823
ENSG00000116191;100;86;90;115;104;121;50;29;85;48;90;30;63;50;32;99;70;94
ENSG00000116199;188;189;158;155;196;210;227;144;325;213;296;108;228;344;109;407;281;243
ENSG00000186283;72;53;44;33;55;45;46;38;105;61;101;30;59;90;33;113;59;82
ENSG00000143322;575;500;407;369;481;429;647;424;1061;626;880;315;625;840;287;1130;706;792
ENSG00000057252;816;761;539;609;827;652;727;380;1030;610;945;335;575;623;331;1003;586;776
ENSG00000169905;682;626;451;520;636;527;601;432;968;588;975;304;758;976;389;1169;694;819
ENSG00000143337;330;307;210;269;375;237;279;163;402;252;440;152;319;430;165;686;309;413
ENSG00000135837;1703;1488;1157;1314;1532;1396;1640;1113;2366;1318;2238;804;1650;1984;846;2721;1800;1946
ENSG00000116260;7060;6921;4448;5584;7209;5056;7167;6505;18001;9562;14121;5344;4986;7754;3026;6723;4321;4739
ENSG00000230124;247;134;135;144;151;140;148;111;245;124;189;69;185;215;89;237;184;177
ENSG00000143324;356;349;220;278;282;282;325;210;485;311;403;147;340;448;204;628;358;434
ENSG00000135823;1776;1670;1042;1251;1413;1294;1626;1105;2655;1464;2402;832;1575;1991;828;2605;1612;1796
ENSG00000153029;711;635;418;516;687;525;700;458;1148;733;1024;396;806;969;385;1270;675;790
ENSG00000162783;1023;818;557;593;763;733;1036;950;2150;1343;1597;682;1191;1756;658;1741;910;1142
ENSG00000135821;15525;15957;10249;13000;15621;12083;15588;11732;27336;15426;23240;9099;24042;29888;12644;34683;18756;22962
ENSG00000135828;180;152;137;159;158;124;182;116;250;151;231;54;155;186;69;211;169;199
ENSG00000143333;39;36;14;31;38;34;62;60;152;73;164;42;33;61;19;87;55;62
ENSG00000135838;288;244;221;221;244;224;228;162;311;223;280;112;587;687;310;1002;503;562
ENSG00000135829;843;799;609;656;719;620;737;498;1005;662;1026;383;909;1063;421;1494;890;1012
ENSG00000135862;400;410;261;362;425;355;391;303;731;398;673;251;342;451;182;531;334;399
ENSG00000058085;14;8;6;8;8;17;20;21;48;24;27;16;8;8;5;10;6;8
ENSG00000157064;24;25;15;14;15;21;17;9;24;13;19;9;13;21;6;18;16;20
ENSG00000116698;1130;1116;843;895;1118;947;1147;720;1731;988;1410;490;1167;1562;654;1930;1296;1395
ENSG00000116701;4228;3778;2604;2930;3892;3326;4492;3342;7652;4523;6431;2489;5158;6736;2589;7266;4459;4915
ENSG00000162704;543;497;333;399;523;412;483;318;740;550;845;264;664;809;350;1154;610;635
ENSG00000143344;143;117;97;87;118;82;140;94;225;122;165;68;600;631;266;802;410;508
ENSG00000198756;28;18;14;17;10;36;15;8;33;10;18;11;19;16;10;24;11;31
ENSG00000198860;38;13;16;15;23;18;17;13;18;13;15;10;24;14;8;22;44;30
ENSG00000116667;127;92;95;89;132;120;197;130;332;183;281;89;162;158;60;201;126;145
ENSG00000116406;843;805;487;666;834;717;778;502;1152;728;1139;399;885;1072;465;1580;956;1076
ENSG00000135842;242;172;185;168;189;203;398;229;590;355;519;209;436;495;179;544;441;421
ENSG00000121481;102;86;56;71;88;71;76;42;73;50;86;33;83;85;29;139;100;111
ENSG00000121486;139;133;130;93;133;128;128;84;196;134;214;57;133;181;80;203;133;156
ENSG00000116668;124;108;74;98;103;81;87;67;139;58;117;49;106;141;75;203;100;164
ENSG00000116679;4483;4025;2919;3576;3912;3425;3547;2853;5463;3451;5878;2026;3214;4199;1711;6465;3935;4299
ENSG00000143341;44;26;37;42;32;39;56;30;66;33;65;15;33;56;28;64;43;56
ENSG00000047410;1310;1159;963;1019;1168;1039;1270;802;1842;1065;1698;615;1293;1539;642;1972;1271;1431
ENSG00000157181;296;260;188;180;236;192;238;146;305;192;309;98;253;318;120;460;326;365
ENSG00000073756;5540;6107;4413;5354;5810;5036;5201;3434;6843;4426;8113;2611;1139;2216;746;2592;1660;2022
ENSG00000116711;194;188;150;153;146;149;117;67;132;87;164;61;96;90;38;104;82;117
ENSG00000150681;549;422;393;421;449;334;392;267;511;244;402;182;774;518;203;787;485;539
ENSG00000090104;656;650;467;495;597;615;622;390;716;496;1020;313;233;356;153;626;338;511
ENSG00000116741;462;410;291;352;425;423;257;156;357;199;401;156;272;344;168;543;286;324
ENSG00000116750;233;175;146;142;179;167;137;106;198;103;225;74;167;204;90;280;178;202
ENSG00000116747;500;491;348;386;473;389;357;236;565;316;537;206;434;501;222;779;494;552
ENSG00000023572;18;21;12;14;28;20;17;7;24;16;36;2;16;25;18;42;22;25
ENSG00000134371;650;626;459;494;603;432;550;346;833;472;838;281;606;782;332;1013;681;766
ENSG00000177888;180;216;175;179;200;160;154;103;218;114;193;73;180;200;64;341;212;246
ENSG00000213047;998;948;725;735;912;698;1129;763;1590;991;1728;571;1656;2206;968;3412;2070;2322
ENSG00000151414;595;556;418;460;553;369;409;318;709;389;619;238;482;611;293;931;618;613
ENSG00000081237;6223;5203;4211;4783;5428;5141;4640;3224;5885;4059;6196;2280;6651;8077;3353;11065;7043;7510
ENSG00000162702;495;454;316;396;554;317;518;271;705;490;693;234;325;556;174;658;413;449
ENSG00000118197;174;157;67;134;139;135;137;102;252;144;195;84;189;212;93;240;166;197
ENSG00000118200;747;815;526;608;756;621;876;595;1291;747;1208;420;918;1189;459;1617;982;1175
ENSG00000116852;367;197;269;256;278;278;186;157;469;205;308;99;197;210;106;262;214;225
ENSG00000116857;87;79;71;118;138;87;123;107;296;142;240;84;79;124;33;124;54;86
ENSG00000163395;156;133;128;121;143;164;208;204;590;304;338;145;33;93;26;100;51;62
ENSG00000118194;37;23;23;10;25;35;48;38;129;48;62;39;17;27;15;21;19;21
ENSG00000159166;166;79;57;50;80;81;176;143;492;224;275;121;93;123;37;97;87;90
ENSG00000159176;213;224;162;198;291;187;294;178;490;278;442;143;236;310;112;276;185;206
ENSG00000134369;3198;2903;1972;2076;2759;2141;2930;2225;6101;3252;4401;1788;2252;2966;1063;2967;1777;1973
ENSG00000198700;678;553;377;438;532;430;659;433;959;547;791;304;733;896;384;1099;707;844
ENSG00000134375;96;90;74;83;105;67;117;75;180;112;152;80;139;187;76;205;152;135
ENSG00000176393;458;454;309;297;439;341;487;414;941;450;714;275;518;702;291;790;495;513
ENSG00000163435;55;37;23;25;50;38;51;45;126;62;69;31;56;83;25;69;37;48
ENSG00000143862;295;283;179;195;318;209;355;258;709;442;545;175;291;435;179;381;295;293
ENSG00000143851;251;225;178;197;247;171;289;239;663;374;490;186;302;502;185;478;287;327
ENSG00000133067;17;11;25;4;16;12;5;8;10;4;11;7;14;11;2;12;10;9
ENSG00000077157;678;517;464;515;519;510;505;429;882;461;650;293;662;708;296;854;554;674
ENSG00000117139;1384;1286;1036;1128;1243;1009;1327;906;2043;1124;1816;735;1249;1624;715;2096;1351;1494
ENSG00000183155;87;87;64;96;112;95;104;66;196;88;123;53;142;158;76;196;100;131
ENSG00000117153;198;219;138;145;188;158;175;114;292;176;246;122;255;292;114;405;198;270
ENSG00000159346;455;537;299;444;462;377;454;338;902;581;735;243;599;794;341;891;507;565
ENSG00000159348;167;136;129;142;179;142;194;132;326;208;321;92;276;326;141;352;201;189
ENSG00000163444;117;171;111;90;147;128;116;98;212;119;176;66;142;181;69;259;150;215
ENSG00000143847;1240;1079;932;939;962;868;1297;1117;2697;1281;1988;762;828;1073;447;978;652;686
ENSG00000159388;2820;2611;1544;1896;2156;2042;2785;1795;4463;2718;3820;1359;6520;8804;3275;10240;5532;6430
ENSG00000058668;682;502;451;515;536;575;348;257;545;306;482;201;748;704;300;922;647;620
ENSG00000122188;52;34;32;23;41;66;16;16;34;15;21;15;25;33;12;45;48;37
ENSG00000257315;182;125;124;74;102;114;152;97;307;186;226;89;143;199;105;212;113;134
ENSG00000182004;50;14;20;22;18;21;32;20;46;32;34;20;33;32;7;63;37;43
ENSG00000143842;30;24;13;31;28;31;29;15;39;18;18;8;23;29;13;26;19;29
ENSG00000158615;1778;1574;1041;1251;1629;1359;1621;1168;2894;1736;2645;925;1586;2222;953;2877;1618;1988
ENSG00000133056;97;45;55;71;62;69;32;33;65;27;42;16;54;31;25;60;55;58
ENSG00000198625;3351;2695;2128;2270;2669;2286;2680;1990;4357;2352;3970;1409;3124;3698;1696;5014;3390;3564
ENSG00000174529;17;20;10;11;20;27;19;19;43;25;49;30;34;30;16;30;34;25
ENSG00000117222;279;250;188;209;226;243;222;178;388;250;371;136;269;358;173;445;320;318
ENSG00000133059;400;315;270;288;363;258;336;241;566;282;459;171;449;542;201;672;396;510
ENSG00000133069;14;13;5;11;8;5;4;11;22;10;19;12;6;8;5;16;7;9
ENSG00000163545;157;122;106;121;115;127;132;131;274;161;192;74;177;233;102;279;204;174
ENSG00000117266;43;28;7;26;27;19;37;24;64;27;49;20;30;40;17;32;24;35
ENSG00000158711;967;831;622;809;820;706;791;496;1094;662;1166;365;932;1084;474;1594;955;1098
ENSG00000158715;43;37;22;24;40;32;40;27;81;40;59;16;37;67;30;58;38;33
ENSG00000069275;658;704;466;645;645;642;598;407;873;560;859;278;653;850;325;1219;710;810
ENSG00000117280;224;162;126;159;186;199;190;122;250;177;242;88;205;240;108;314;167;191
ENSG00000133065;168;154;137;150;163;138;172;120;322;189;243;82;108;188;67;178;116;143
ENSG00000276600;402;286;211;253;310;240;313;242;660;342;406;181;526;834;262;812;495;534
ENSG00000266028;447;382;309;319;379;318;338;268;646;297;484;170;559;569;256;648;409;439
ENSG00000263528;520;422;366;297;384;351;446;395;1065;482;698;277;380;552;229;472;370;352
ENSG00000266094;1156;950;740;821;1004;954;1084;901;2055;1141;1616;562;1021;1462;524;1661;957;1054
ENSG00000143486;89;53;58;70;82;88;62;59;119;60;85;34;95;106;48;111;97;66
ENSG00000143479;16;30;7;16;9;13;16;11;29;15;24;11;6;17;5;19;20;12
ENSG00000162889;769;642;475;472;623;531;778;585;1715;898;1275;475;827;1152;427;1227;726;824
ENSG00000136634;14;17;9;15;14;22;23;17;30;28;31;5;27;29;15;38;18;15
ENSG00000142224;6;10;13;11;6;8;8;9;21;6;13;8;15;16;6;19;8;16
ENSG00000162894;224;128;185;127;181;204;68;44;79;54;95;31;100;82;56;160;140;152
ENSG00000123836;95;79;82;76;76;66;99;80;145;82;129;47;170;133;56;203;125;134
ENSG00000180667;107;117;94;101;127;100;125;66;141;89;173;61;107;125;43;204;159;155
ENSG00000196352;819;732;559;650;727;730;829;585;1331;778;1405;389;554;807;341;1123;763;809
ENSG00000203710;207;187;186;199;204;199;235;146;364;234;341;132;211;191;80;309;202;212
ENSG00000117335;734;767;523;644;716;639;720;449;1084;641;1125;377;766;931;409;1291;808;936
ENSG00000174059;10;7;15;8;5;6;9;13;17;11;11;7;10;9;6;6;13;8
ENSG00000076356;155;92;61;56;130;71;82;95;225;126;139;69;179;215;59;195;133;136
ENSG00000196878;178;208;132;162;234;119;444;338;993;544;803;247;95;172;68;191;109;123
ENSG00000123689;397;512;320;363;526;461;1069;1016;2373;1567;2244;628;234;599;140;507;310;370
ENSG00000009790;229;120;158;184;174;222;79;50;103;50;93;41;123;94;66;205;154;151
ENSG00000117597;148;96;85;92;125;77;100;74;155;86;133;55;128;165;73;187;126;150
ENSG00000054392;51;31;26;33;28;31;18;10;50;20;34;14;37;24;10;41;23;23
ENSG00000117625;515;437;333;392;407;360;404;304;651;374;592;195;459;530;236;765;509;537
ENSG00000082512;164;77;96;70;97;105;81;50;148;96;135;43;109;76;27;108;107;101
ENSG00000170385;222;326;228;253;321;246;215;148;357;224;386;111;297;372;134;560;309;345
ENSG00000123684;655;596;422;456;505;502;528;296;709;456;659;255;699;727;340;1164;748;782
ENSG00000143493;115;89;78;76;96;69;78;56;95;55;94;22;131;146;78;215;110;127
ENSG00000066027;299;218;241;204;249;212;195;128;355;189;317;105;204;277;121;409;224;287
ENSG00000065600;82;70;49;55;50;44;53;36;117;63;101;34;93;136;53;140;98;103
ENSG00000117691;21;31;11;27;26;22;42;18;56;28;52;24;52;53;19;49;23;39
ENSG00000162772;455;334;186;199;333;237;379;271;658;321;484;204;401;540;284;675;356;411
ENSG00000162771;27;18;16;14;20;6;28;19;42;16;34;14;46;46;18;49;22;45
ENSG00000117697;346;281;190;220;310;221;259;197;359;202;320;134;349;371;146;508;273;336
ENSG00000203705;37;31;26;27;51;36;25;12;41;23;28;15;49;45;29;69;45;48
ENSG00000162769;76;47;53;64;57;51;53;28;65;59;56;19;60;79;29;100;55;65
ENSG00000174606;200;205;143;171;205;138;176;106;225;136;201;75;150;207;91;320;218;227
ENSG00000136643;431;367;297;342;335;319;353;210;545;259;464;190;466;499;220;820;453;481
ENSG00000143499;121;95;87;97;128;105;110;59;157;69;126;43;73;77;28;92;67;75
ENSG00000136636;48;52;37;51;35;36;27;17;43;39;63;18;35;56;17;71;47;50
ENSG00000092978;195;138;106;107;168;152;156;89;210;129;159;73;141;191;91;299;184;220
ENSG00000067533;21;24;19;22;19;26;19;11;28;17;22;6;28;32;27;63;40;46
ENSG00000143353;93;57;69;53;56;62;75;56;103;54;110;33;148;138;56;221;130;120
ENSG00000136628;176;165;154;120;143;149;156;98;218;140;205;75;240;258;114;445;229;244
ENSG00000162813;39;44;23;27;44;36;35;17;48;34;39;14;46;63;32;76;38;49
ENSG00000067704;252;268;220;209;244;193;232;132;367;222;330;119;281;327;137;434;242;304
ENSG00000118873;765;712;549;622;642;517;749;540;1170;596;1099;346;830;927;442;1373;788;977
ENSG00000136630;71;65;38;33;82;57;72;76;245;157;151;62;95;159;55;128;75;85
ENSG00000143507;228;202;146;193;228;161;340;243;615;313;448;150;302;369;141;468;243;277
ENSG00000143498;51;50;35;38;41;43;37;18;42;26;33;24;40;31;21;62;70;48
ENSG00000154305;430;368;267;283;394;344;353;205;520;311;445;157;398;551;202;574;419;455
ENSG00000186063;88;90;60;68;75;74;69;43;100;59;100;38;71;111;40;146;85;105
ENSG00000162819;354;376;240;311;318;354;291;168;378;258;391;124;342;390;187;612;355;413
ENSG00000154309;95;94;59;63;86;52;50;46;113;50;75;28;75;93;54;139;66;94
ENSG00000187554;47;14;17;26;35;30;12;10;10;12;23;11;59;65;21;67;50;65
ENSG00000162909;824;784;593;619;769;655;971;779;1816;976;1433;475;969;1447;545;1489;867;1058
ENSG00000143514;640;621;417;404;565;422;688;453;1040;585;887;306;542;684;264;947;567;649
ENSG00000143756;218;239;161;206;200;175;208;126;332;176;302;94;226;275;121;394;229;267
ENSG00000143753;253;250;151;163;254;176;231;161;410;265;429;120;204;238;121;353;230;268
ENSG00000143748;155;112;85;81;131;97;131;80;200;112;148;69;113;189;80;208;126;131
ENSG00000143771;168;151;121;150;144;129;147;131;308;173;270;113;145;179;70;219;139;184
ENSG00000162923;1946;1870;1434;1526;1900;1582;1730;1256;2774;1754;2746;974;1871;2304;1000;3337;2130;2185
ENSG00000143815;678;687;497;573;710;596;554;355;879;523;849;289;693;920;330;1105;788;870
ENSG00000143742;327;356;241;336;392;290;314;188;427;244;422;187;349;408;211;651;372;421
ENSG00000143819;27;20;26;16;21;7;21;10;45;17;29;10;22;26;8;33;19;14
ENSG00000196187;1027;790;682;688;750;651;748;575;1611;740;1023;419;813;947;443;1027;693;696
ENSG00000143811;67;59;36;50;61;51;52;42;101;88;92;33;63;94;36;99;55;70
ENSG00000143751;197;223;166;200;216;168;261;174;405;268;323;121;279;339;158;448;296;282
ENSG00000163041;1287;1091;835;890;1071;990;1071;798;1579;917;1442;588;1109;1337;609;1863;1169;1372
ENSG00000182827;306;312;221;258;328;288;337;208;516;294;529;170;350;433;164;535;349;380
ENSG00000183814;22;12;7;11;20;12;7;4;9;7;12;7;16;10;6;29;21;21
ENSG00000143799;213;133;126;135;150;146;149;101;234;142;172;75;203;227;92;312;187;212
ENSG00000143772;414;266;295;296;269;384;189;127;329;188;232;91;295;319;169;412;351;316
ENSG00000143801;13;7;5;9;8;17;15;17;23;13;15;12;41;42;11;24;19;31
ENSG00000143776;80;56;36;46;80;40;52;32;88;52;76;36;60;71;27;79;52;84
ENSG00000181450;89;83;58;39;52;36;55;27;62;37;52;23;70;77;33;122;57;84
ENSG00000143740;159;154;113;117;150;140;164;132;324;160;236;109;188;223;93;194;164;160
ENSG00000081692;114;91;63;62;93;73;72;79;211;103;138;57;105;109;78;109;70;83
ENSG00000143761;706;597;417;473;665;568;708;544;1677;1004;1236;445;795;1136;410;1064;730;689
ENSG00000143793;34;20;18;20;23;28;17;29;58;32;58;16;28;47;16;49;18;30
ENSG00000162910;48;66;36;39;58;41;59;35;127;61;98;37;54;62;40;70;49;43
ENSG00000143774;217;155;192;126;212;190;228;221;598;280;443;158;231;299;118;270;203;204
ENSG00000198835;23;16;4;13;18;8;13;32;44;17;22;11;20;21;7;17;17;11
ENSG00000181873;194;123;111;119;107;146;171;147;341;192;246;88;158;231;68;249;149;157
ENSG00000154358;526;375;348;328;364;361;409;359;1000;496;664;254;522;514;242;460;336;331
ENSG00000154370;365;272;195;220;299;246;291;222;750;377;466;172;362;405;143;459;288;297
ENSG00000168159;315;255;200;233;307;275;365;324;779;495;581;215;323;502;178;442;243;282
ENSG00000116574;137;171;113;117;148;120;159;71;235;123;197;57;169;224;78;348;179;196
ENSG00000168118;117;104;71;81;123;98;92;50;122;97;111;45;126;129;69;179;115;158
ENSG00000154429;258;259;167;244;209;212;243;135;294;192;315;107;256;331;122;490;295;278
ENSG00000069248;313;331;218;307;304;268;310;190;414;256;436;154;319;429;176;636;339;397
ENSG00000135776;150;122;91;104;119;96;123;70;185;133;170;59;149;155;68;191;145;162
ENSG00000135801;190;171;126;198;167;130;207;136;319;170;233;95;221;263;86;225;253;216
ENSG00000135763;48;34;34;23;24;24;40;15;65;21;37;13;42;43;22;70;42;66
ENSG00000143641;845;807;601;724;937;700;916;782;2136;1144;1733;565;900;1264;524;1140;710;819
ENSG00000177614;71;44;37;51;54;52;56;50;129;43;88;35;21;34;18;29;27;30
ENSG00000135775;119;124;87;63;95;110;123;68;150;95;124;44;117;135;62;200;142;159
ENSG00000119280;29;19;18;16;14;22;22;15;40;19;29;9;15;44;17;43;39;25
ENSG00000143643;116;78;81;88;88;94;94;64;124;90;106;43;174;146;63;223;162;153
ENSG00000173409;23;17;10;20;19;19;19;11;31;20;25;12;22;21;15;37;25;27
ENSG00000182118;47;60;19;37;33;41;44;33;67;43;63;17;28;41;17;49;28;37
ENSG00000143633;49;51;25;28;39;27;38;30;59;37;62;20;42;55;21;83;45;65
ENSG00000116906;312;324;202;281;280;228;288;178;366;213;369;126;331;385;145;490;342;381
ENSG00000116903;265;250;174;209;245;238;253;180;421;249;418;147;286;365;141;429;262;310
ENSG00000010072;73;57;44;48;56;61;53;40;81;54;90;36;72;71;32;97;63;81
ENSG00000135766;102;76;49;71;123;70;102;113;318;156;219;61;102;168;57;138;97;82
ENSG00000116918;116;100;74;89;99;77;81;61;107;65;111;34;94;84;43;173;93;107
ENSG00000162946;112;151;144;110;117;111;119;72;201;118;142;58;166;177;73;240;160;151
ENSG00000116991;721;696;412;439;608;490;725;457;1245;656;903;337;880;970;386;1153;763;860
ENSG00000212916;16;9;17;7;18;17;8;13;29;12;13;4;14;27;3;19;12;14
ENSG00000135778;124;66;83;76;74;72;106;42;119;73;122;44;83;126;54;135;98;88
ENSG00000135749;270;189;194;175;170;205;135;108;254;93;163;59;342;273;142;388;279;279
ENSG00000143674;115;89;52;66;59;61;68;59;132;76;91;29;137;133;60;155;117;114
ENSG00000168275;20;40;22;17;15;30;27;15;29;21;39;13;31;37;16;39;21;21
ENSG00000059588;110;77;76;69;71;112;91;48;107;49;93;25;76;96;37;135;75;102
ENSG00000168264;2352;2544;1612;1742;2392;1883;2513;1885;4948;3207;3954;1377;3349;4465;1733;5465;3459;3765
ENSG00000173726;434;467;302;385;490;426;405;311;653;445;688;234;436;569;237;801;414;500
ENSG00000188739;209;226;201;189;217;189;239;160;382;218;289;112;226;292;132;391;260;278
ENSG00000054267;1254;1062;817;955;1076;926;1090;785;1844;979;1642;614;1099;1380;587;1885;1148;1204
ENSG00000152904;54;70;45;44;72;56;59;30;90;57;76;30;89;69;38;164;70;65
ENSG00000284770;12;10;22;18;9;9;9;8;25;14;13;4;24;14;6;21;18;12
ENSG00000162885;85;45;40;46;80;59;53;59;85;63;71;31;80;86;36;109;77;98
ENSG00000143669;2634;2071;1876;2006;2323;2043;2438;1510;2908;1666;3030;1109;2648;2785;1237;4096;2999;2940
ENSG00000116962;193;166;143;153;161;198;157;101;279;176;214;98;102;154;69;167;99;89
ENSG00000077585;400;394;277;226;334;306;365;206;651;334;435;173;352;509;181;655;375;430
ENSG00000086619;298;266;176;227;209;219;267;220;342;253;457;153;285;289;116;399;267;260
ENSG00000116977;1242;1171;836;1010;1139;900;1382;856;1757;1039;1634;635;1520;1643;706;2246;1321;1627
ENSG00000119285;337;255;259;256;270;279;208;147;336;205;273;118;335;388;182;528;374;377
ENSG00000116984;552;414;349;405;433;351;464;335;668;337;513;249;467;513;229;703;533;421
ENSG00000091483;55;44;42;42;55;41;58;23;69;37;69;32;58;82;31;98;65;90
ENSG00000117009;271;230;153;131;233;159;418;246;487;293;383;151;270;418;134;549;269;417
ENSG00000054277;108;138;75;116;104;82;147;71;191;136;200;40;144;187;96;231;128;153
ENSG00000203668;312;316;284;259;314;260;349;214;419;240;416;138;312;425;173;642;329;423
ENSG00000143702;2510;2366;1742;1893;2237;1964;2667;1873;4126;2273;3884;1296;2486;3070;1330;4143;2678;3088
ENSG00000054282;695;615;443;480;540;554;683;477;1000;561;872;364;669;821;357;1087;685;795
ENSG00000117020;718;576;484;559;603;489;512;418;852;546;814;300;484;514;230;905;553;560
ENSG00000179456;265;222;191;186;225;205;266;162;360;224;299;122;309;396;168;445;328;319
ENSG00000035687;916;998;622;750;915;786;739;477;1053;624;1105;382;1160;1473;656;2128;1444;1448
ENSG00000179397;32;21;17;14;19;23;9;8;19;14;26;15;29;25;13;48;62;38
ENSG00000121644;197;232;145;181;219;185;209;123;261;174;279;85;222;279;116;394;232;307
ENSG00000203667;69;52;50;41;67;72;59;32;79;55;77;28;62;69;31;126;63;86
ENSG00000153187;3920;3424;2726;2854;3290;3023;3122;2258;4875;2732;4624;1643;3514;4341;1896;6134;3865;4479
ENSG00000203666;36;21;23;26;23;17;21;10;39;19;26;9;24;28;18;41;18;35
ENSG00000185420;76;31;36;54;41;60;51;35;75;34;71;20;35;55;24;53;43;46
ENSG00000162851;35;24;32;25;29;42;28;22;48;35;33;11;34;45;22;58;38;53
ENSG00000162852;260;209;190;213;236;227;222;136;349;182;295;102;247;253;116;366;230;254
ENSG00000143653;23;19;17;12;20;16;25;11;21;18;34;12;44;45;17;52;27;49
ENSG00000153207;934;874;656;792;882;740;712;487;1027;630;1064;378;611;782;355;1137;769;816
ENSG00000188295;23;23;24;40;32;22;25;9;34;18;32;6;29;19;7;31;19;26
ENSG00000196418;130;143;104;102;102;116;140;101;161;90;164;56;158;180;68;232;146;210
ENSG00000162714;148;138;107;106;121;91;120;112;255;128;185;56;112;134;65;180;80;103
ENSG00000162711;915;778;687;824;744;747;1245;1044;2280;1307;2026;710;816;1469;546;1795;938;1173
ENSG00000162722;41;26;26;28;37;56;13;5;23;11;19;3;14;23;4;20;17;14
ENSG00000175137;274;193;120;150;210;179;202;181;478;251;324;135;249;325;125;298;236;265
ENSG00000171161;242;236;170;203;237;171;264;225;606;311;443;182;310;405;149;356;237;308
ENSG00000171163;198;160;106;123;155;167;149;167;386;168;299;103;221;227;101;230;149;172
ENSG00000185220;66;78;42;56;85;37;76;54;154;82;126;39;99;129;46;95;98;94
ENSG00000035115;176;141;107;116;159;118;134;80;215;82;175;63;142;170;98;265;187;184
ENSG00000143727;135;136;96;133;143;126;146;92;209;109;207;68;145;208;76;273;132;194
ENSG00000151353;317;239;198;177;249;221;316;223;522;233;389;198;316;324;153;365;266;307
ENSG00000032389;59;57;52;50;48;32;60;29;91;43;64;16;58;76;29;60;72;59
ENSG00000171853;207;162;163;143;177;177;190;179;424;223;257;103;206;278;116;314;203;220
ENSG00000182551;110;119;80;84;93;98;99;74;155;93;133;49;173;212;78;198;139;163
ENSG00000171865;76;74;60;44;62;71;94;35;102;73;102;30;102;126;44;150;100;104
ENSG00000171863;192;151;144;187;187;201;129;65;212;174;246;80;176;206;92;264;173;192
ENSG00000151692;61;42;64;35;49;85;45;26;61;19;56;19;45;46;17;64;55;48
ENSG00000115738;454;401;334;325;406;378;476;267;698;453;673;227;580;756;249;967;589;659
ENSG00000134313;1337;1263;950;1065;1207;1151;1284;917;1969;1222;1849;697;1566;1926;810;2600;1539;1712
ENSG00000143797;51;19;23;27;40;26;25;23;45;27;34;20;31;45;9;66;45;57
ENSG00000151693;37;14;25;30;23;23;13;16;37;19;24;7;14;17;9;22;17;17
ENSG00000119185;221;142;129;134;170;123;182;116;279;146;228;99;193;220;85;277;171;186
ENSG00000119203;177;157;124;82;143;147;129;79;228;135;189;75;144;187;61;249;163;167
ENSG00000134330;91;71;49;72;57;95;67;55;128;94;106;34;107;109;49;128;83;84
ENSG00000151694;1422;1361;1046;1048;1296;1119;1433;986;2239;1339;2075;802;1289;1758;739;2219;1445;1704
ENSG00000134308;293;350;220;322;344;292;317;188;556;322;464;131;335;405;172;570;333;412
ENSG00000115750;190;143;154;148;139;145;128;69;187;98;193;50;158;161;71;234;169;175
ENSG00000172059;346;272;215;234;325;278;302;220;533;294;479;148;269;336;151;404;289;311
ENSG00000115756;487;413;307;292;421;301;469;410;1144;554;819;293;517;662;264;721;434;457
ENSG00000115758;182;149;136;146;174;162;175;126;275;170;241;100;286;288;101;338;194;238
ENSG00000115761;225;210;194;200;172;255;248;166;354;173;295;106;261;333;123;397;262;313
ENSG00000143870;403;376;281;327;431;364;792;505;1294;703;1339;352;497;593;265;737;408;425
ENSG00000162976;113;108;71;82;87;80;94;71;117;84;106;58;124;160;60;205;128;126
ENSG00000134318;576;576;346;437;501;438;485;255;645;374;587;216;491;573;251;795;528;594
ENSG00000169016;58;50;21;43;54;38;64;47;103;63;100;37;86;103;37;155;72;103
ENSG00000134324;240;191;179;224;250;187;218;151;361;161;257;85;384;353;162;471;353;313
ENSG00000071575;95;64;85;56;66;101;31;25;27;13;33;17;57;37;20;66;55;68
ENSG00000151779;537;491;341;362;430;348;427;309;711;380;592;232;502;568;226;733;425;487
ENSG00000079785;223;212;163;228;225;206;170;130;232;161;270;97;267;305;125;435;311;313
ENSG00000197872;1055;929;701;790;953;755;902;572;1328;685;1144;452;621;823;335;1040;726;708
ENSG00000163029;188;158;115;161;141;148;123;77;192;119;181;50;168;147;71;216;174;162
ENSG00000178295;108;78;57;60;86;61;71;46;118;60;101;21;113;112;50;127;108;113
ENSG00000240857;22;24;18;12;31;33;20;20;20;15;33;9;24;22;10;37;29;34
ENSG00000183891;30;22;25;23;28;18;19;19;21;22;29;9;26;30;15;54;37;31
ENSG00000118965;82;71;70;60;68;61;57;41;86;42;81;27;63;86;35;127;91;93
ENSG00000068697;635;821;571;605;870;653;897;632;1447;966;1330;443;1006;1424;563;1581;986;1125
ENSG00000055917;1229;1090;839;934;1136;976;925;585;1313;824;1401;506;1152;1321;586;2009;1181;1355
ENSG00000143878;339;197;184;126;193;206;143;121;281;155;210;139;464;582;268;576;255;460
ENSG00000118960;172;139;105;100;161;119;127;134;319;147;201;90;192;226;88;241;160;163
ENSG00000118961;81;60;46;52;64;37;52;35;58;53;57;24;59;70;35;127;97;88
ENSG00000119778;978;804;638;699;830;677;825;642;1301;731;1156;461;833;1004;461;1331;1017;1099
ENSG00000173960;76;77;60;30;68;45;46;35;90;63;66;21;52;73;23;86;73;74
ENSG00000163026;31;26;14;26;25;25;29;10;47;27;32;12;32;33;15;51;23;38
ENSG00000119782;14;19;19;11;20;15;11;7;36;13;23;10;28;22;14;18;18;21
ENSG00000115128;25;38;16;30;30;37;30;11;43;31;57;23;33;46;21;70;43;38
ENSG00000219626;42;38;25;13;31;28;29;20;64;25;44;18;53;46;18;64;36;34
ENSG00000115129;42;53;46;31;48;43;74;45;82;62;82;33;54;76;37;106;41;61
ENSG00000198399;1287;1047;813;795;1055;1016;1195;817;1816;1032;1543;562;1374;1552;677;1925;1295;1471
ENSG00000084676;813;696;555;616;762;629;668;482;1013;623;954;332;996;1063;510;1450;858;937
ENSG00000138092;45;35;20;31;41;36;30;16;59;47;55;20;48;65;19;105;48;58
ENSG00000138031;76;54;52;59;60;55;81;59;130;62;88;34;61;81;34;95;53;51
ENSG00000115137;51;27;21;21;43;45;31;21;48;35;44;20;45;46;30;69;44;50
ENSG00000084710;11;13;8;3;10;12;21;14;56;22;48;9;9;25;8;26;7;15
ENSG00000119772;279;198;198;190;240;203;216;159;432;189;285;125;268;306;142;309;260;235
ENSG00000138101;76;50;28;28;43;31;55;21;81;30;54;31;34;51;32;51;57;45
ENSG00000143970;978;833;619;675;819;718;909;589;1457;824;1167;437;983;1357;509;1648;976;1217
ENSG00000084731;27;22;13;22;28;19;18;15;54;22;30;16;41;39;12;32;28;31
ENSG00000084733;960;1034;773;785;908;782;1006;765;1862;1132;1658;555;828;1203;451;1536;852;1004
ENSG00000157833;23;10;16;21;20;10;12;12;20;14;24;10;9;14;4;13;10;9
ENSG00000084754;605;501;365;450;606;516;532;407;934;612;859;308;711;838;385;1068;656;718
ENSG00000138029;534;505;368;441;538;350;513;331;711;491;683;246;544;668;269;743;501;593
ENSG00000138018;207;182;131;145;178;153;171;86;207;156;182;71;210;211;96;331;225;228
ENSG00000213699;239;223;134;172;232;166;211;184;472;239;319;111;267;355;136;347;220;265
ENSG00000084764;121;86;50;77;78;83;114;106;226;146;183;63;129;179;77;170;130;129
ENSG00000119777;378;263;198;202;342;231;379;335;887;459;640;214;388;525;214;508;348;337
ENSG00000084693;66;49;55;50;52;33;50;36;97;62;56;27;52;48;33;50;59;31
ENSG00000228474;161;94;94;154;158;121;147;96;233;145;156;82;205;182;80;194;127;142
ENSG00000138080;20;14;7;12;14;10;23;21;59;28;36;13;12;21;8;16;10;17
ENSG00000138073;144;112;106;108;156;127;164;142;348;211;271;78;187;210;111;235;168;163
ENSG00000138074;144;137;128;105;139;93;155;115;325;168;201;81;185;239;105;240;157;167
ENSG00000138085;108;71;58;54;96;52;75;56;106;82;112;30;96;104;46;91;66;68
ENSG00000084774;208;117;137;119;121;142;141;122;270;148;208;99;201;279;84;222;159;161
ENSG00000163794;10;6;8;4;12;11;12;6;24;19;17;8;11;23;6;10;9;6
ENSG00000115204;313;230;160;215;246;216;273;206;548;257;373;154;325;413;146;431;243;318
ENSG00000115207;500;417;326;348;412;371;432;367;855;461;657;265;565;678;281;790;498;510
ENSG00000115211;213;190;164;140;161;161;210;158;354;221;292;103;286;323;137;349;212;251
ENSG00000115234;357;264;214;248;264;251;278;201;478;335;419;150;335;478;193;542;257;330
ENSG00000163795;188;158;97;89;176;115;158;173;472;231;282;117;170;256;95;241;122;132
ENSG00000115241;192;163;94;134;163;140;178;138;364;190;264;117;240;254;104;275;186;181
ENSG00000115216;685;555;435;466;637;555;654;499;1358;780;1000;352;717;970;368;984;641;683
ENSG00000157992;53;31;42;32;38;44;57;49;118;56;66;32;74;74;31;77;62;47
ENSG00000138002;117;103;97;96;100;94;100;94;179;108;132;57;148;142;65;185;107;115
ENSG00000243943;160;156;125;118;126;136;146;99;224;109;196;74;145;190;64;236;132;193
ENSG00000198522;94;71;66;73;96;61;82;54;114;81;113;47;94;105;40;157;78;120
ENSG00000119760;345;335;261;272;317;294;324;237;559;350;479;181;403;463;218;562;336;365
ENSG00000163798;196;181;141;178;191;162;153;124;309;164;275;102;189;245;121;290;185;231
ENSG00000243147;21;17;6;12;31;24;23;9;19;10;11;5;21;23;5;43;20;8
ENSG00000171174;9;7;3;6;6;7;4;7;12;9;10;6;4;6;4;13;4;6
ENSG00000158019;266;192;140;200;186;167;231;155;332;176;304;104;239;309;157;395;202;298
ENSG00000075426;13544;12929;8407;10412;12632;9822;15438;12265;30482;17060;24102;8954;12573;17453;6934;18300;11364;12627
ENSG00000163803;61;24;26;64;32;48;35;37;68;35;43;21;89;92;49;94;50;67
ENSG00000213639;2257;2339;1665;2127;2405;1885;2079;1323;3079;1922;3545;1131;2484;3172;1236;4469;2580;2874
ENSG00000163806;16;10;11;7;14;12;7;9;19;11;12;8;15;17;12;24;22;33
ENSG00000171103;60;48;44;37;50;54;49;16;65;38;67;27;56;74;40;74;57;66
ENSG00000163811;198;148;109;117;138;152;142;85;203;107;149;71;159;228;83;317;189;213
ENSG00000189350;56;17;17;25;23;40;32;20;64;43;61;22;53;71;27;83;63;56
ENSG00000115295;1873;1637;1086;1341;1520;1273;1266;774;1614;864;1668;642;2001;2355;1174;3558;2499;2604
ENSG00000119801;1253;1195;924;1018;1151;1018;993;676;1650;1016;1639;584;1335;1440;600;1920;1188;1369
ENSG00000213626;220;95;129;126;162;171;74;59;97;73;87;36;135;105;57;146;117;132
ENSG00000172954;41;22;28;27;20;39;19;10;33;27;29;9;40;51;16;45;36;46
ENSG00000013016;30;19;34;20;33;29;8;7;12;8;14;6;14;11;11;34;23;23
ENSG00000162959;332;283;189;214;238;187;231;160;332;176;295;101;279;309;146;479;339;359
ENSG00000162961;32;23;34;32;24;25;33;27;57;38;33;12;44;53;22;48;19;33
ENSG00000021574;440;418;319;305;379;295;338;191;498;277;435;145;298;428;165;594;408;391
ENSG00000152683;151;185;114;175;167;174;159;105;218;150;234;69;243;218;102;301;196;233
ENSG00000091106;562;509;349;433;460;397;395;275;568;381;516;229;575;644;274;892;501;561
ENSG00000119820;1047;882;671;669;806;650;737;564;1146;637;1097;403;887;1022;467;1417;947;1036
ENSG00000115760;3988;3602;2895;3002;3585;3055;3499;2399;5339;3063;4880;1825;3956;4689;1974;6140;4132;4327
ENSG00000018699;70;58;34;50;47;52;57;35;64;36;69;18;102;106;35;140;106;113
ENSG00000049323;31;32;38;18;26;37;13;14;20;18;10;6;26;13;9;28;22;23
ENSG00000152689;307;261;171;168;264;202;334;232;576;319;476;196;604;602;247;921;609;548
ENSG00000119812;69;52;30;41;40;36;51;53;80;56;80;37;75;83;46;117;98;73
ENSG00000150938;179;170;97;108;155;122;279;177;416;220;330;133;250;392;153;345;251;240
ENSG00000171055;498;473;297;376;400;368;445;254;609;328;568;227;453;586;233;739;531;557
ENSG00000115808;580;540;415;403;517;450;468;284;663;371;657;204;530;682;292;968;588;665
ENSG00000008869;424;377;322;372;373;388;368;243;572;318;482;181;511;556;234;792;462;568
ENSG00000152133;67;56;44;44;48;48;59;29;65;46;75;30;58;69;30;92;58;65
ENSG00000055332;243;178;167;191;194;190;171;87;208;119;178;62;203;238;75;356;225;232
ENSG00000218739;113;91;79;103;110;103;99;68;132;71;130;52;76;111;36;179;101;92
ENSG00000115816;215;206;196;178;238;204;252;133;309;182;325;104;238;358;148;507;264;301
ENSG00000003509;150;166;102;105;140;158;145;82;142;114;179;54;139;196;73;227;151;189
ENSG00000115825;449;447;337;394;412;339;435;269;513;291;567;159;369;471;197;642;405;427
ENSG00000115828;38;28;31;27;41;45;39;21;49;52;56;15;43;53;16;85;49;46
ENSG00000163171;197;129;148;120;120;156;118;71;130;97;124;47;163;120;69;176;149;171
ENSG00000115841;34;19;26;40;33;26;15;15;27;19;26;14;51;41;14;61;32;39
ENSG00000138061;3135;3821;2366;2574;3715;2876;3998;2625;7539;4679;6165;2107;7199;9448;3643;11280;6188;7522
ENSG00000119787;244;203;165;199;195;181;212;124;271;144;260;113;273;276;129;447;277;294
ENSG00000143889;395;349;257;269;293;290;392;268;606;347;505;197;515;648;256;935;645;583
ENSG00000143891;19;18;10;23;14;41;17;10;29;9;17;4;36;49;29;54;29;29
ENSG00000115875;742;602;522;443;528;549;603;419;880;514;772;345;662;916;389;1077;714;909
ENSG00000152147;13;12;17;19;22;11;19;13;28;15;30;12;25;31;8;44;21;19
ENSG00000163214;81;77;74;60;88;62;56;32;88;42;58;34;71;91;37;126;96;99
ENSG00000115904;757;667;473;570;604;628;575;317;846;505;769;299;624;724;285;1022;685;768
ENSG00000011566;445;402;301;327;339;266;334;245;479;243;430;141;441;525;256;887;554;627
ENSG00000138050;63;59;39;52;48;55;52;35;79;43;46;19;59;72;35;96;71;78
ENSG00000183023;1370;1258;846;960;1245;1002;1431;879;2357;1251;2043;860;1873;2276;843;2773;1652;1950
ENSG00000143924;1415;1295;976;1057;1210;1062;1161;872;2037;1160;1914;637;1204;1507;621;1938;1298;1538
ENSG00000115944;114;84;92;83;104;102;137;51;137;91;140;43;117;116;44;154;104;113
ENSG00000057935;128;110;110;88;120;114;95;59;151;98;119;61;114;128;56;157;111;98
ENSG00000162881;35;23;23;20;19;18;27;38;72;41;48;15;31;18;15;21;20;20
ENSG00000162882;63;36;37;31;41;44;56;55;133;63;97;45;54;72;24;55;36;46
ENSG00000152518;1059;805;775;769;848;993;514;347;982;631;721;284;744;807;378;1116;840;793
ENSG00000115970;681;516;410;451;455;435;462;345;731;410;746;279;625;716;343;943;611;710
ENSG00000138036;8;8;12;19;25;13;16;10;35;6;18;12;39;21;8;39;31;24
ENSG00000138095;503;484;396;423;436;443;425;245;532;326;588;197;557;699;299;987;672;697
ENSG00000138032;263;218;180;208;207;169;189;114;237;132;236;86;256;280;119;397;312;301
ENSG00000138078;232;159;130;188;177;159;149;109;232;139;242;71;219;261;114;336;242;283
ENSG00000143919;52;36;35;38;35;24;34;33;54;28;22;13;55;49;23;59;80;56
ENSG00000068784;172;120;99;93;97;114;116;68;158;78;141;60;124;163;72;246;148;185
ENSG00000171132;106;93;49;91;88;63;94;87;185;85;132;55;111;117;48;123;74;104
ENSG00000116016;29;47;26;22;37;18;38;35;86;65;74;25;44;93;28;93;41;73
ENSG00000250565;17;15;7;19;20;15;21;14;34;19;27;17;9;25;5;23;10;15
ENSG00000119729;896;779;532;648;741;693;1091;695;1434;815;1304;490;676;838;369;1152;748;790
ENSG00000151665;91;53;41;58;52;41;41;32;70;38;62;22;66;100;37;111;77;94
ENSG00000119878;452;410;328;330;349;298;331;208;521;277;484;151;469;511;204;616;462;480
ENSG00000171150;166;142;125;119;145;113;139;91;217;132;212;64;162;208;87;304;203;173
ENSG00000180398;370;379;281;294;383;312;369;230;635;376;529;188;417;497;192;541;374;463
ENSG00000068724;999;735;547;610;684;686;670;529;1350;662;938;399;899;1127;454;1120;721;810
ENSG00000143933;789;703;567;663;821;648;637;433;963;603;938;355;1009;1149;473;1596;827;971
ENSG00000095002;63;61;66;74;80;61;53;41;87;54;83;37;79;77;32;103;62;94
ENSG00000116062;216;213;174;200;198;208;215;142;297;200;374;111;257;309;113;381;248;244
ENSG00000138081;983;831;650;704;860;708;752;510;1262;698;1237;391;830;1054;386;1486;966;1052
ENSG00000170802;464;413;278;384;389;371;264;156;374;208;366;137;322;369;135;552;330;419
ENSG00000162869;347;278;193;259;298;205;267;172;376;198;314;137;342;356;154;568;341;425
ENSG00000243244;9;9;8;7;5;9;13;8;22;10;14;5;16;14;4;17;14;5
ENSG00000115239;243;187;96;110;161;108;147;105;234;137;197;89;170;211;105;269;146;181
ENSG00000068912;83;73;67;61;94;71;82;66;160;106;127;50;76;100;57;163;96;103
ENSG00000119737;47;22;17;18;39;34;31;25;67;36;37;14;52;58;20;55;38;46
ENSG00000068878;663;533;402;436;535;441;528;314;650;389;660;244;623;736;343;1098;712;734
ENSG00000170634;28;43;22;19;29;23;27;18;38;25;34;14;44;36;22;67;18;40
ENSG00000115306;252;158;249;190;212;290;160;80;248;132;215;80;176;178;88;261;172;197
ENSG00000115310;1987;1822;1389;1607;1834;1538;1924;1449;3468;1982;2916;1033;2477;2967;1225;3812;2149;2537
ENSG00000162994;82;72;37;44;52;48;42;32;54;31;58;18;56;58;23;87;40;50
ENSG00000143947;275;249;207;236;353;264;272;181;380;323;497;182;373;408;138;548;268;288
ENSG00000085760;183;147;116;137;148;142;164;98;248;142;217;68;195;241;91;311;190;218
ENSG00000115355;2252;2073;1566;1722;2029;1707;2150;1486;3150;1908;3117;989;2230;2853;1124;4069;2397;2813
ENSG00000163001;78;75;80;58;80;43;77;64;128;85;154;31;102;108;67;169;83;113
ENSG00000275052;972;865;658;716;835;742;802;521;1272;711;1257;428;899;1148;539;1563;1050;1124
ENSG00000138035;68;20;25;28;37;34;32;14;32;35;33;10;52;38;18;58;33;48
ENSG00000028116;1761;1679;1060;1206;1637;1382;1324;828;1944;1112;1901;680;1120;1521;684;2125;1436;1435
ENSG00000115392;279;238;208;208;197;192;177;115;233;134;248;82;165;194;91;348;222;257
ENSG00000119866;405;328;267;317;297;262;267;196;445;224;374;144;152;198;82;318;182;180
ENSG00000115421;305;248;197;218;267;223;227;128;248;189;306;104;332;336;134;455;330;339
ENSG00000162924;1086;948;696;838;967;804;972;671;1470;924;1355;494;1015;1281;552;1686;1257;1221
ENSG00000162927;28;16;24;18;22;20;31;18;34;11;40;9;55;41;25;89;62;52
ENSG00000162928;184;184;111;110;198;127;150;98;251;153;239;80;202;258;93;323;206;270
ENSG00000162929;63;46;35;54;44;35;44;30;45;26;57;21;74;73;38;89;71;77
ENSG00000115464;3636;3285;2530;2798;3230;2900;3411;2208;4711;2847;4608;1651;3535;4188;1713;5596;3661;4251
ENSG00000082898;1303;1136;935;996;1117;984;992;768;1516;941;1514;511;948;1165;486;1757;1087;1251
ENSG00000115484;170;191;136;134;149;166;161;117;253;164;276;82;204;224;113;373;218;220
ENSG00000173163;37;22;27;22;29;17;18;19;59;36;30;11;34;42;16;60;43;51
ENSG00000170340;247;250;178;216;322;197;214;144;366;203;385;138;119;185;69;227;134;171
ENSG00000115504;86;119;79;86;79;98;104;60;126;65;137;38;126;123;59;209;129;160
ENSG00000143951;147;159;140;132;163;127;122;68;199;103;159;71;185;179;71;232;156;198
ENSG00000014641;86;94;87;94;106;106;99;75;161;118;173;49;120;152;70;195;119;157
ENSG00000169764;368;387;309;345;408;317;474;244;563;379;596;233;371;416;195;628;377;404
ENSG00000143952;236;161;130;180;221;155;167;117;194;140;201;77;210;243;94;329;222;223
ENSG00000197329;311;256;225;238;227;231;223;163;403;235;337;127;307;363;146;491;308;341
ENSG00000119862;19;17;12;11;13;18;8;8;13;8;12;2;16;13;9;16;19;19
ENSG00000119844;595;595;389;459;575;519;561;357;870;517;824;291;637;779;278;1022;697;731
ENSG00000179833;615;628;468;468;574;512;692;426;1036;633;1003;311;751;920;379;1294;735;908
ENSG00000115902;102;89;51;56;92;48;99;55;144;77;94;41;94;104;39;113;64;68
ENSG00000011523;225;235;149;189;207;164;135;112;266;118;210;70;152;232;96;247;162;165
ENSG00000138069;1158;1020;694;838;924;833;963;590;1372;829;1269;500;932;1336;511;1702;1282;1095
ENSG00000138071;3812;3979;2968;3491;4238;3287;3962;2252;5379;3628;6030;2028;4274;5786;2228;8097;4866;4832
ENSG00000198369;259;252;146;184;247;196;301;224;625;376;464;173;176;293;87;301;209;210
ENSG00000143995;31;17;22;25;18;11;19;14;30;12;23;13;30;17;8;21;14;20
ENSG00000143971;43;32;21;25;24;32;22;17;22;12;26;13;34;27;8;50;36;38
ENSG00000197223;125;113;65;109;95;90;94;87;137;74;124;44;142;158;63;199;105;161
ENSG00000115946;26;17;11;21;19;31;30;13;28;13;30;8;26;27;8;40;20;38
ENSG00000221823;410;341;230;284;388;285;267;164;430;257;392;145;355;418;167;550;373;393
ENSG00000115956;629;467;448;409;526;457;791;406;969;630;964;301;943;1158;503;1617;904;890
ENSG00000204923;43;50;22;38;31;20;32;21;65;35;43;11;60;45;15;58;34;42
ENSG00000169621;46;40;34;43;52;28;44;30;48;41;52;18;57;41;20;67;45;34
ENSG00000163219;277;151;201;199;214;250;149;118;191;121;174;59;204;167;82;274;179;200
ENSG00000198380;456;446;339;364;446;399;423;294;573;357;664;221;487;526;233;780;500;528
ENSG00000169599;22;24;16;17;24;19;19;17;34;25;23;17;30;37;13;49;34;28
ENSG00000115977;1449;1186;952;988;1149;1003;1074;701;1656;935;1343;528;1180;1322;628;1940;1257;1409
ENSG00000196975;153;114;129;111;125;98;133;79;185;123;176;64;172;197;83;200;153;149
ENSG00000087338;117;112;85;91;99;73;90;61;108;97;117;45;134;155;60;171;118;117
ENSG00000124380;70;68;49;51;78;64;42;36;68;54;75;27;64;68;15;91;65;74
ENSG00000059728;2149;2180;1190;1466;2029;1538;1945;1428;3364;1951;3047;1092;1387;2127;801;2625;1641;1805
ENSG00000169564;943;942;610;681;1024;752;1108;892;2609;1726;1921;653;1509;2045;743;1942;1045;1233
ENSG00000115998;95;69;60;66;72;78;79;50;141;66;99;41;58;125;38;136;75;96
ENSG00000116001;645;564;453;464;483;499;395;277;534;335;563;204;426;459;191;732;484;542
ENSG00000116005;112;171;106;137;154;136;137;99;184;140;198;74;165;215;76;264;148;188
ENSG00000143977;85;76;46;58;67;54;79;37;118;64;90;36;96;109;44;105;103;115
ENSG00000035141;59;50;71;60;56;61;55;39;92;57;85;21;68;87;45;124;69;97
ENSG00000163235;52;75;40;39;47;34;32;21;65;20;40;15;55;51;27;48;27;32
ENSG00000144043;280;179;122;156;205;177;222;147;418;229;275;120;293;424;157;407;235;271
ENSG00000124357;769;595;476;495;568;577;663;505;1149;708;895;340;841;1084;397;1127;632;700
ENSG00000124370;20;18;20;18;17;23;19;9;26;28;18;7;24;25;16;44;26;28
ENSG00000124383;73;94;59;77;84;76;63;34;128;66;99;47;119;106;53;166;106;127
ENSG00000124374;26;19;15;18;11;23;21;7;23;10;19;6;29;25;14;18;23;24
ENSG00000075292;2390;2038;1647;1687;2019;1798;1925;1374;2581;1502;2676;968;2010;2436;1150;3333;2283;2438
ENSG00000135636;148;104;106;95;126;112;41;34;61;48;65;25;73;69;40;92;79;79
ENSG00000144036;206;177;137;164;163;188;138;138;259;143;224;80;189;215;92;335;173;205
ENSG00000116096;24;40;28;32;39;29;58;29;92;73;96;25;44;75;20;50;30;53
ENSG00000144040;198;111;90;82;119;90;157;103;319;160;196;87;192;248;98;253;151;185
ENSG00000135631;79;53;37;29;47;49;45;32;134;58;76;27;61;60;32;67;41;43
ENSG00000135632;43;24;40;30;35;31;33;36;53;52;53;14;38;50;27;59;46;63
ENSG00000135624;266;225;154;191;261;205;331;198;488;322;455;158;358;473;153;469;273;306
ENSG00000163013;332;251;194;199;265;232;195;183;501;264;333;131;259;413;169;418;293;290
ENSG00000116127;467;378;281;351;371;307;326;217;443;288;459;176;448;499;220;676;482;495
ENSG00000144034;47;25;24;22;29;32;15;19;54;27;54;18;38;47;19;77;43;37
ENSG00000144048;193;154;144;143;159;135;139;102;235;149;185;71;142;210;85;276;194;180
ENSG00000124356;585;459;342;384;417;432;502;343;813;425;673;244;557;652;264;793;505;581
ENSG00000114956;115;103;99;65;92;109;114;68;166;90;142;55;98;170;67;177;128;146
ENSG00000187605;1379;1115;805;793;1045;1010;1061;825;2115;1120;1499;524;1757;2058;826;2245;1333;1494
ENSG00000114978;974;980;701;734;997;869;924;503;1136;785;1190;433;1105;1449;540;2140;1232;1399
ENSG00000065911;169;160;138;137;196;167;215;128;295;201;269;98;298;399;151;593;303;305
ENSG00000204843;821;706;505;568;723;620;831;664;1784;903;1330;489;867;1171;453;1078;722;809
ENSG00000005448;103;96;81;84;100;104;183;145;330;222;305;109;130;184;76;166;78;122
ENSG00000239779;56;60;48;32;60;41;63;59;163;85;112;30;86;108;34;66;61;40
ENSG00000115275;361;320;236;268;330;291;399;340;894;527;675;241;497;705;274;623;470;452
ENSG00000204822;45;27;27;37;45;34;50;45;130;55;93;30;65;86;30;83;47;51
ENSG00000135637;261;239;166;159;206;145;237;231;507;256;368;186;270;362;150;387;204;246
ENSG00000115282;472;372;305;303;405;336;390;332;861;478;617;238;542;677;250;579;431;458
ENSG00000115289;95;66;67;73;67;93;110;73;176;101;152;55;134;136;48;124;85;108
ENSG00000115307;629;505;425;414;522;419;507;453;1144;633;844;306;723;978;346;943;591;626
ENSG00000115317;119;78;54;75;99;69;99;86;188;116;170;83;124;138;56;171;77;73
ENSG00000115318;96;61;60;53;70;49;104;67;198;89;105;44;157;213;62;198;129;118
ENSG00000115325;190;139;130;117;152;123;169;123;429;240;325;108;236;288;136;294;144;176
ENSG00000135622;46;28;25;31;37;24;22;20;39;11;27;11;25;27;17;33;28;25
ENSG00000159399;9439;9036;6720;8076;8981;6992;14163;10968;23736;13619;21316;7658;12312;15340;6584;16179;9341;10666
ENSG00000115350;79;105;68;91;110;95;106;72;158;95;154;47;150;207;103;245;149;145
ENSG00000115364;99;87;75;88;95;76;68;33;87;55;80;37;73;106;30;131;81;90
ENSG00000005436;23;21;16;21;23;8;16;8;23;13;23;8;32;31;13;39;35;26
ENSG00000163541;106;88;95;105;82;82;98;55;124;80;131;51;91;129;56;179;112;115
ENSG00000186854;59;22;42;45;37;54;12;9;20;15;24;4;19;15;11;25;39;32
ENSG00000034510;630;671;504;611;775;691;793;657;1849;1196;1535;482;949;1268;493;1312;720;732
ENSG00000176407;379;367;242;297;361;263;363;257;559;338;566;167;396;503;201;604;404;458
ENSG00000152291;3388;3391;2367;2683;3382;2747;3633;2439;6405;3835;5304;1820;3272;4593;1773;5143;3140;3602
ENSG00000042445;106;89;71;44;95;73;77;70;174;95;140;40;91;99;41;119;68;96
ENSG00000115459;293;202;146;149;232;146;198;180;380;186;268;124;230;309;129;363;183;186
ENSG00000042493;559;508;353;398;598;417;894;723;1975;1220;1500;548;801;1178;385;1016;554;643
ENSG00000168906;1183;984;738;715;893;858;1053;650;1352;835;1221;540;1407;1691;697;2174;1259;1606
ENSG00000115486;430;415;303;308;379;332;412;299;748;468;614;213;483;620;258;703;454;497
ENSG00000118640;233;177;122;190;208;156;209;145;368;228;291;104;485;485;195;570;322;337
ENSG00000168899;34;15;30;13;26;30;16;14;13;21;22;5;16;24;8;43;23;24
ENSG00000168894;145;153;118;140;205;106;199;190;403;258;342;147;257;307;118;290;153;187
ENSG00000168890;70;52;52;34;56;64;37;49;105;89;88;27;109;96;27;79;59;68
ENSG00000168883;199;139;112;128;164;127;139;91;251;140;220;83;191;256;80;267;197;176
ENSG00000168887;393;334;281;262;313;277;326;254;612;351;515;174;369;480;199;562;356;310
ENSG00000115523;511;295;392;368;385;530;203;136;359;159;319;102;284;214;153;369;300;292
ENSG00000168874;55;35;23;21;34;36;14;9;26;21;15;7;11;15;7;13;6;11
ENSG00000115525;120;96;73;62;115;94;111;81;187;107;170;52;210;240;114;333;197;222
ENSG00000068654;263;194;133;167;184;224;248;150;416;209;244;115;294;350;151;431;322;303
ENSG00000132300;548;489;358;368;442;376;453;309;548;307;539;208;540;587;273;800;532;656
ENSG00000132305;426;356;301;322;371;348;453;285;586;358;610;211;419;533;241;773;428;458
ENSG00000132313;72;49;43;50;74;59;47;49;80;51;82;26;83;105;48;120;88;108
ENSG00000115548;2605;2258;1935;2088;2254;1865;2695;1915;3985;2303;3955;1283;2616;3210;1385;3909;2569;2910
ENSG00000115561;255;245;135;197;255;221;269;188;455;234;393;116;325;426;183;529;241;314
ENSG00000239305;210;226;150;159;193;161;186;172;324;230;293;131;217;291;132;321;258;210
ENSG00000153561;629;597;404;523;570;530;476;374;821;509;775;268;722;829;350;1062;658;755
ENSG00000153563;120;55;73;59;101;102;41;30;79;56;42;39;67;54;26;78;45;79
ENSG00000172116;51;21;36;24;35;37;16;15;27;13;19;7;27;22;8;29;23;23
ENSG00000183281;21;18;16;10;14;14;17;14;24;11;17;3;17;20;4;30;21;25
ENSG00000172086;119;117;110;91;123;88;120;73;166;104;164;53;138;143;60;224;125;144
ENSG00000172071;228;209;186;190;209;219;307;225;379;244;366;129;237;301;123;430;259;309
ENSG00000153574;56;26;38;32;46;44;41;20;70;34;64;20;42;62;26;57;61;56
ENSG00000144029;9;6;3;7;10;7;8;8;28;7;12;4;7;12;5;8;9;7
ENSG00000144026;155;114;93;128;108;111;85;66;156;85;141;56;125;127;49;179;98;123
ENSG00000275111;24;13;24;24;27;20;25;16;49;19;41;15;23;40;17;45;34;47
ENSG00000233757;73;35;32;36;33;39;46;18;45;31;45;25;34;42;23;62;45;50
ENSG00000115042;70;41;30;34;50;41;37;33;94;35;56;21;62;78;19;66;43;43
ENSG00000174501;105;57;64;74;77;76;52;34;62;37;55;26;61;57;30;87;61;83
ENSG00000274286;8;6;13;3;14;7;20;7;33;14;21;9;59;100;25;60;40;33
ENSG00000188886;607;281;221;185;166;285;627;462;818;377;608;488;1612;2916;964;2174;1188;1489
ENSG00000158050;1613;1039;738;628;775;903;1549;1150;2815;1525;1976;1046;2926;5711;1928;4796;2668;2971
ENSG00000084090;454;380;279;318;421;357;430;255;586;399;554;197;529;669;201;818;451;540
ENSG00000135956;1731;1658;1178;1264;1587;1323;1660;1365;3756;2088;2727;1049;2179;2820;1073;2733;1741;1989
ENSG00000144021;437;439;334;331;494;372;413;315;725;373;656;242;509;645;239;702;402;497
ENSG00000144028;2004;1723;1351;1443;1628;1543;2017;1524;3804;1961;2965;1095;2272;2769;1111;2796;1901;2028
ENSG00000198885;39;20;18;25;15;17;15;14;26;13;14;7;18;22;6;19;13;13
ENSG00000196843;544;437;355;332;466;354;583;578;1561;783;1082;395;624;843;262;739;474;556
ENSG00000114982;1200;885;720;740;886;795;1008;739;1819;917;1453;559;1059;1172;534;1384;903;993
ENSG00000114988;131;110;85;71;110;88;118;81;199;102;188;85;138;179;77;206;123;141
ENSG00000158158;255;194;124;176;225;156;231;177;537;287;394;144;275;369;143;351;214;280
ENSG00000168763;309;278;217;272;297;265;274;224;613;295;417;160;409;451;175;455;279;393
ENSG00000163126;36;38;26;15;20;28;23;22;66;49;32;14;32;35;15;30;21;31
ENSG00000213337;19;10;7;13;13;17;8;6;24;17;15;2;12;9;3;12;6;17
ENSG00000168758;1079;932;613;541;809;680;586;483;1406;713;891;410;237;470;169;393;301;263
ENSG00000135976;184;146;159;142;162;138;137;101;157;74;158;58;147;124;66;203;201;156
ENSG00000196912;59;31;34;15;29;24;18;16;23;13;30;11;32;18;16;45;24;39
ENSG00000135940;91;78;74;67;96;80;86;71;184;127;210;68;127;139;57;129;96;116
ENSG00000115073;307;262;165;216;235;198;452;402;935;490;725;256;338;447;162;452;269;299
ENSG00000228486;15;8;11;18;8;10;17;11;38;9;20;5;12;20;10;11;14;15
ENSG00000115085;255;151;189;186;216;291;85;74;176;94;154;56;144;128;50;157;129;179
ENSG00000075568;1099;1007;654;776;862;732;943;622;1429;861;1243;463;986;1209;544;1621;1147;1265
ENSG00000040933;1133;823;719;747;777;787;678;489;1177;585;893;334;907;1003;478;1235;862;900
ENSG00000183513;111;86;67;56;79;52;84;58;110;61;100;35;86;93;48;129;86;104
ENSG00000115446;193;163;132;116;150;134;152;131;247;122;230;83;173;209;83;287;164;170
ENSG00000071073;896;748;692;704;854;699;672;402;896;579;956;315;1004;1037;399;1629;1004;1098
ENSG00000135951;17;17;18;14;9;8;12;6;16;7;14;3;12;14;7;16;20;15
ENSG00000158411;94;86;63;80;103;62;64;57;109;90;137;38;68;125;38;161;74;112
ENSG00000185414;73;47;53;58;84;47;68;35;99;70;88;23;72;66;32;85;55;68
ENSG00000115514;29;37;24;27;45;36;21;20;33;20;49;10;31;46;12;56;36;37
ENSG00000158417;255;241;160;161;201;171;265;139;305;194;291;90;261;315;112;448;300;265
ENSG00000135945;484;387;302;325;402;347;401;279;592;354;499;208;440;504;217;684;450;475
ENSG00000144218;91;58;67;68;79;80;82;45;139;68;86;45;74;103;50;121;92;92
ENSG00000115539;50;38;17;41;37;51;42;28;63;39;58;24;31;56;20;74;42;50
ENSG00000071082;270;182;233;206;242;260;237;210;369;292;349;127;265;395;131;417;277;300
ENSG00000204634;1256;1133;864;845;1025;820;1059;888;2258;1046;1631;664;1067;1399;671;1353;933;1056
ENSG00000158435;175;127;89;98;118;126;161;101;197;125;193;65;172;179;79;296;174;153
ENSG00000163162;803;740;622;581;746;685;425;357;791;407;781;241;336;440;173;599;435;419
ENSG00000196460;78;56;53;41;77;52;111;90;223;119;150;54;46;79;36;102;42;81
ENSG00000071054;893;689;614;672;741;713;820;660;1531;799;1136;465;629;679;281;970;580;724
ENSG00000115590;15;16;11;9;22;19;14;21;37;19;15;14;32;38;9;64;23;29
ENSG00000115594;325;294;174;213;295;237;252;171;406;227;346;118;250;336;119;316;241;254
ENSG00000115604;34;18;19;18;25;30;9;7;12;13;9;5;13;8;4;11;9;16
ENSG00000115607;65;33;65;34;34;37;14;13;24;6;15;5;38;21;4;43;25;21
ENSG00000135953;74;63;31;65;81;48;68;59;110;60;102;33;54;79;34;103;56;66
ENSG00000135972;21;28;23;15;35;25;21;13;42;23;39;11;42;48;13;54;51;31
ENSG00000135966;183;146;106;118;154;129;152;117;306;167;209;103;223;247;97;314;214;237
ENSG00000135974;193;184;120;192;181;137;137;112;232;139;210;74;187;212;74;296;173;254
ENSG00000071051;239;171;177;187;203;199;304;230;615;325;457;181;173;244;100;256;182;161
ENSG00000115652;186;189;129;140;193;150;332;235;530;333;436;160;125;214;97;247;165;172
ENSG00000135968;615;556;389;462;506;452;474;281;619;339;664;218;469;520;228;843;534;562
ENSG00000169756;1828;1946;1381;1549;1900;1456;1869;1236;2921;1681;2675;973;1735;2087;860;2919;1565;1995
ENSG00000153201;1415;1365;985;1128;1420;1115;1322;853;2010;1267;1905;662;1375;1843;744;2718;1557;1792
ENSG00000163006;43;24;19;13;26;16;15;13;21;14;25;12;22;20;16;23;26;36
ENSG00000186522;341;358;242;273;343;294;356;250;557;316;501;166;202;299;134;417;293;273
ENSG00000198142;182;175;111;137;168;121;217;141;397;249;363;118;127;208;64;231;135;155
ENSG00000153094;216;171;143;139;168;176;153;109;264;138;206;87;226;231;107;286;218;219
ENSG00000153107;202;139;129;137;155;144;125;70;174;127;157;47;202;200;88;303;190;230
ENSG00000153208;1190;1216;724;706;908;729;599;376;936;543;717;357;1485;1477;638;2073;1051;1236
ENSG00000153214;957;899;612;812;843;844;664;502;1079;608;1053;381;687;855;349;1284;830;881
ENSG00000144161;74;61;55;71;55;67;51;46;64;54;92;36;81;97;41;114;75;82
ENSG00000188177;221;181;145;157;209;185;157;100;231;141;223;75;225;296;111;325;185;243
ENSG00000169629;52;50;31;36;53;42;58;38;91;46;72;23;67;48;25;106;68;78
ENSG00000114999;238;203;138;137;172;157;239;166;381;224;288;110;278;400;146;481;279;296
ENSG00000125630;95;59;49;60;55;63;64;33;84;45;74;28;112;114;55;149;100;130
ENSG00000125611;45;37;18;22;35;28;31;23;85;43;52;27;41;54;25;40;26;49
ENSG00000144136;507;403;347;325;374;347;402;266;649;323;510;170;411;453;176;601;452;489
ENSG00000115008;1121;1182;737;1030;1064;869;1430;889;2116;1214;2132;686;376;958;283;1117;668;728
ENSG00000125538;16014;15511;9739;12253;15777;12258;16013;11317;29599;16779;26140;9163;7705;15978;5571;17820;9969;12170
ENSG00000136689;2574;3148;1898;2467;3397;2445;3140;2650;8243;4611;6750;1885;863;1758;655;1834;1075;1292
ENSG00000125637;897;700;663;659;736;719;816;641;1701;850;1351;454;785;972;415;1006;659;791
ENSG00000125618;94;62;45;57;55;49;71;63;154;83;131;25;86;96;40;76;53;68
ENSG00000136682;83;80;52;55;85;88;65;49;92;51;95;28;85;99;49;123;94;100
ENSG00000144134;83;63;46;50;42;39;53;32;96;48;84;25;62;74;38;100;71;63
ENSG00000115084;1072;921;820;852;958;826;864;561;1180;735;1231;411;985;1193;549;1674;1075;1209
ENSG00000115091;2287;2365;1711;1746;2166;1921;1938;1253;2749;1739;2890;1005;2266;2825;1133;4337;2817;2831
ENSG00000088205;469;431;274;395;401;419;455;303;608;400;648;195;449;560;216;805;491;528
ENSG00000125633;1226;1154;855;1008;1084;883;1546;1073;2499;1456;2324;828;989;1362;590;1708;1049;1133
ENSG00000125629;359;408;295;374;291;346;380;309;540;331;705;200;271;313;112;418;245;263
ENSG00000019169;555;598;471;522;626;462;756;609;1582;874;1540;441;822;1159;480;1216;665;826
ENSG00000115107;136;129;82;80;152;111;175;151;337;175;236;104;63;114;26;90;65;89
ENSG00000186132;15;24;12;7;12;10;13;3;29;6;18;8;14;16;5;17;9;13
ENSG00000155368;57;49;38;53;45;30;87;62;161;114;142;45;87;142;40;140;56;86
ENSG00000088179;158;139;125;124;132;189;90;37;88;50;82;36;105;113;55;168;151;169
ENSG00000115109;24;13;8;14;9;19;16;5;21;14;17;5;18;17;8;25;21;23
ENSG00000226479;195;170;89;122;144;163;185;123;358;176;273;107;187;278;118;243;172;207
ENSG00000144118;277;314;201;280;351;253;294;220;453;288;463;199;394;460;166;590;339;428
ENSG00000074054;1292;1077;817;933;1017;897;1202;807;1892;1005;1473;601;1090;1201;517;1577;1119;1159
ENSG00000155438;65;52;39;48;79;57;48;43;74;68;72;41;65;76;40;135;70;73
ENSG00000211460;253;211;200;160;234;192;167;121;280;163;285;102;244;317;124;421;264;277
ENSG00000136732;64;51;45;43;56;44;79;55;210;113;137;53;26;34;12;29;27;27
ENSG00000136717;293;236;178;182;248;208;250;230;599;290;352;157;391;584;243;524;313;344
ENSG00000163161;350;290;206;257;271;228;286;255;585;322;493;201;379;427;189;426;294;349
ENSG00000169967;2053;1985;1453;1650;1834;1680;1902;1274;2543;1569;2737;880;2391;2859;1236;4656;2780;3113
ENSG00000163166;361;281;192;256;269;233;291;197;520;301;413;178;282;380;143;511;313;332
ENSG00000169994;16;13;10;6;9;23;13;11;16;11;11;9;11;8;9;11;11;8
ENSG00000136709;983;794;678;724;822;723;911;518;1336;737;1079;420;1034;1112;519;1496;1017;1099
ENSG00000173349;72;43;38;57;42;30;47;28;78;53;56;23;41;55;29;69;49;58
ENSG00000144231;179;118;86;142;145;146;156;98;242;135;249;90;176;227;96;299;173;172
ENSG00000144233;256;268;215;199;251;199;261;178;503;256;410;131;273;336;134;411;255;289
ENSG00000136715;398;366;249;289;336;311;361;272;700;361;512;205;396;499;201;534;404;392
ENSG00000136731;657;576;431;527;610;556;732;484;1231;756;1060;373;745;998;419;1235;847;886
ENSG00000136720;132;86;79;78;110;66;126;128;321;175;239;78;98;179;52;164;102;88
ENSG00000136699;375;285;198;234;293;245;346;278;752;347;491;157;363;438;184;518;314;323
ENSG00000152082;29;19;17;17;16;24;14;25;77;45;56;9;31;41;20;29;10;32
ENSG00000136710;76;99;81;79;84;59;94;60;198;121;140;56;95;122;55;109;78;75
ENSG00000136718;98;56;64;47;93;66;80;63;174;89;126;47;116;150;71;157;94;119
ENSG00000072135;620;550;387;468;503;522;499;400;1009;594;751;271;623;726;276;860;516;526
ENSG00000152102;969;944;622;763;969;781;955;809;1888;1087;1679;555;1106;1420;538;1636;1039;1032
ENSG00000115762;957;970;621;706;890;721;1106;738;1797;1095;1586;569;1059;1332;567;1758;937;1058
ENSG00000152127;640;576;437;504;583;550;688;441;1137;593;896;374;576;626;242;768;487;534
ENSG00000152128;41;19;7;11;22;11;47;27;95;50;55;26;38;39;12;40;19;31
ENSG00000082258;921;810;679;718;792;631;705;434;1017;513;929;323;720;950;399;1306;936;993
ENSG00000115839;662;610;532;492;604;469;570;391;822;536;888;313;618;780;291;1079;661;736
ENSG00000121988;24;24;8;15;18;9;20;11;32;11;21;12;23;18;15;29;40;20
ENSG00000048991;146;123;97;96;126;120;90;66;172;83;113;30;123;144;52;202;148;141
ENSG00000144224;825;828;565;668;822;726;759;509;1099;730;1063;379;807;928;385;1426;816;945
ENSG00000076003;44;40;54;44;48;54;46;18;35;29;41;11;43;55;24;74;42;55
ENSG00000115866;494;427;367;391;478;389;438;329;679;430;651;224;426;551;213;772;501;474
ENSG00000121966;2491;2677;1620;2115;2755;2132;3999;2992;7201;4568;6302;2073;4771;5933;2210;6185;3277;3826
ENSG00000150540;257;311;187;228;272;216;196;92;317;144;245;94;317;356;152;465;269;341
ENSG00000144228;808;765;583;591;784;654;535;340;768;437;848;308;750;821;380;1371;820;876
ENSG00000115919;14040;11423;8386;9292;10414;9621;13168;9759;17119;9334;15872;6054;7702;11974;5286;15976;11394;11509
ENSG00000075884;95;61;84;74;89;75;39;31;56;31;42;24;84;89;23;121;100;87
ENSG00000121964;502;433;325;345;393;375;399;288;560;300;506;196;420;546;244;641;425;479
ENSG00000169554;9892;8703;6254;6739;7930;7195;10212;7375;16761;9287;13504;4871;11880;15334;6186;19293;11847;13702
ENSG00000121989;225;184;147;124;165;136;328;184;396;234;361;141;369;482;200;624;409;443
ENSG00000115947;115;121;96;96;100;112;100;70;109;90;132;49;135;138;55;229;142;152
ENSG00000204406;270;249;195;158;206;225;205;142;379;209;296;107;233;257;140;351;263;240
ENSG00000135999;511;531;302;361;466;418;440;280;606;359;555;222;513;635;257;827;597;633
ENSG00000168288;182;150;124;146;181;163;171;113;254;169;257;75;163;234;83;317;201;186
ENSG00000184898;26;24;24;28;20;18;14;9;17;14;17;13;17;19;7;31;32;25
ENSG00000123609;72;77;51;59;57;56;50;32;69;41;73;29;61;70;32;119;68;69
ENSG00000123610;22;42;31;52;51;48;36;25;57;37;84;22;11;31;8;39;29;18
ENSG00000080345;1277;1130;915;975;1135;979;1075;630;1355;789;1340;525;1119;1403;592;2002;1340;1491
ENSG00000183091;77;74;51;47;49;64;62;52;86;49;63;25;58;95;32;107;75;75
ENSG00000162980;303;232;210;247;248;217;213;126;229;135;303;89;263;290;132;441;292;306
ENSG00000115145;384;358;216;255;341;304;325;181;437;258;451;176;322;405;169;631;392;401
ENSG00000157827;307;316;213;270;259;207;368;238;592;346;455;141;131;170;65;190;101;198
ENSG00000196504;891;829;669;610;825;687;739;520;1013;640;1049;340;826;1005;419;1465;1021;1053
ENSG00000177917;178;187;118;151;137;172;154;139;311;186;241;92;189;233;97;304;189;171
ENSG00000153234;817;603;426;494;667;593;817;560;1400;717;1235;413;436;824;344;1033;720;765
ENSG00000115159;433;399;267;347;392;380;376;242;542;301;476;184;299;328;141;473;271;302
ENSG00000136541;79;68;79;74;61;73;59;37;88;34;78;30;61;65;33;111;75;72
ENSG00000115165;3884;3322;2567;3049;3187;3060;3625;2241;4927;2981;5167;1708;4506;5389;2417;7389;4637;5213
ENSG00000123612;16;18;23;14;15;20;22;13;21;13;23;6;32;24;17;26;20;27
ENSG00000115170;369;359;272;318;346;289;393;257;725;379;567;206;494;626;244;749;470;569
ENSG00000144283;82;68;48;55;73;77;72;58;115;72;95;27;122;133;44;147;102;109
ENSG00000196151;132;106;84;80;76;93;122;84;129;103;126;50;120;138;75;192;133;144
ENSG00000123636;1716;1399;969;1135;1443;1143;1264;837;1944;1104;1706;589;1910;2050;853;2864;1792;2012
ENSG00000136536;1223;1072;857;862;975;860;1032;559;1237;670;1267;442;1134;1304;527;2014;1275;1409
ENSG00000241399;96;87;89;81;103;101;39;24;41;32;33;15;88;95;39;182;128;115
ENSG00000054219;39;18;24;25;25;29;26;18;32;32;39;15;33;15;8;49;30;40
ENSG00000153250;458;356;323;312;454;337;278;211;440;274;421;154;283;381;171;512;351;394
ENSG00000136560;663;611;453;503;658;461;748;546;1141;652;1024;407;554;742;270;967;608;705
ENSG00000115233;94;53;52;58;77;52;68;45;114;54;89;36;75;76;32;141;67;73
ENSG00000197635;23;20;20;17;23;35;11;9;8;10;12;6;10;13;5;20;15;15
ENSG00000115267;193;174;140;149;169;148;235;131;298;153;284;81;149;190;80;251;170;171
ENSG00000115271;263;251;222;226;212;234;264;127;319;181;343;110;425;498;212;799;520;596
ENSG00000115339;47;25;29;43;38;39;25;20;33;22;35;17;34;37;18;43;26;33
ENSG00000123607;416;361;293;307;328;289;311;166;396;199;370;135;316;385;176;508;335;403
ENSG00000198648;100;60;75;77;63;106;50;50;81;49;47;18;85;80;38;106;82;90
ENSG00000172292;483;382;286;327;446;400;529;322;773;446;654;263;602;664;277;1040;617;660
ENSG00000138399;166;142;112;120;132;125;112;85;144;98;169;67;144;114;61;241;166;198
ENSG00000138398;587;478;392;404;466;508;502;370;615;403;610;240;516;667;225;912;556;631
ENSG00000138385;152;133;115;103;159;122;129;90;197;125;204;63;193;229;87;315;189;195
ENSG00000138382;21;15;13;11;24;13;25;12;29;12;21;10;19;19;9;29;24;29
ENSG00000144357;751;695;525;551;571;576;648;419;916;539;873;345;809;1022;416;1256;842;938
ENSG00000115806;140;123;105;101;114;85;166;96;205;154;168;56;150;180;67;249;123;120
ENSG00000198586;460;374;292;328;415;352;384;246;581;310;488;180;476;471;207;700;495;493
ENSG00000123600;100;60;41;41;57;34;45;22;57;24;52;20;60;57;50;87;64;77
ENSG00000115827;49;63;57;56;68;59;47;38;75;44;49;25;71;86;27;118;69;94
ENSG00000071967;157;166;139;155;183;178;141;88;159;115;205;84;349;409;161;583;261;352
ENSG00000077380;385;348;292;311;340;318;385;252;554;340;524;151;403;475;203;650;428;474
ENSG00000115840;39;32;34;17;23;31;35;14;38;15;20;12;22;28;11;36;37;32
ENSG00000128708;100;95;56;74;79;92;80;49;106;85;147;27;90;129;43;171;101;125
ENSG00000091409;53;38;59;58;45;71;17;13;33;13;43;6;51;34;20;95;68;56
ENSG00000152256;2569;2316;1873;2079;2114;2079;2766;1900;3642;2029;3577;1335;1936;2268;1087;3144;2114;2344
ENSG00000091428;22;18;14;13;24;17;15;17;26;7;28;4;12;23;7;25;20;17
ENSG00000091436;1097;1074;779;885;1082;928;1182;799;1745;980;1624;549;1514;2059;801;2815;1664;1850
ENSG00000172845;4979;4671;3569;3800;4438;3917;3242;2255;4724;2680;4635;1677;2166;2819;1274;4072;2716;2990
ENSG00000138430;128;132;103;88;122;122;102;61;144;85;158;39;125;124;49;164;104;143
ENSG00000138433;129;116;90;108;124;104;120;75;203;120;226;43;132;184;70;218;127;132
ENSG00000144306;36;28;27;28;24;34;30;15;40;28;27;14;55;42;19;79;46;50
ENSG00000163328;102;56;68;81;80;79;51;33;54;24;62;29;88;63;24;82;90;66
ENSG00000115935;1152;895;777;789;998;982;625;435;1035;685;903;298;1383;1598;656;1870;1216;1348
ENSG00000115966;422;392;370;361;375;370;406;249;535;353;514;184;468;504;200;806;447;461
ENSG00000154518;168;161;97;121;156;128;148;112;250;144;251;108;195;203;98;238;126;130
ENSG00000144320;275;327;234;290;317;238;261;182;365;247;369;144;241;318;121;462;279;323
ENSG00000128654;35;25;25;24;28;16;36;24;37;28;39;19;24;31;20;32;27;42
ENSG00000170144;1837;1627;1342;1328;1522;1409;1457;959;1926;1177;2071;765;1735;1978;839;2946;2074;2124
ENSG00000116044;1804;1570;1026;1186;1426;1220;1948;1310;3078;1669;2344;867;1654;2259;905;2638;1746;1909
ENSG00000018510;406;426;307;350;385;354;373;217;443;244;474;162;409;484;180;666;429;496
ENSG00000197557;38;44;12;38;33;39;52;23;63;41;54;15;35;35;20;51;40;43
ENSG00000155636;16;14;8;11;21;12;12;6;14;7;23;8;11;16;8;25;15;26
ENSG00000180228;103;86;78;60;77;97;72;47;123;71;122;40;112;128;66;163;93;173
ENSG00000116095;430;365;290;265;360;299;374;241;478;290;433;146;432;431;183;595;412;479
ENSG00000155657;272;134;218;207;244;289;93;69;116;62;101;51;136;108;67;194;182;143
ENSG00000187231;848;738;609;659;781;699;713;468;992;611;989;382;689;797;370;1281;800;903
ENSG00000163510;205;185;141;175;182;174;157;113;232;162;241;96;186;242;87;344;212;231
ENSG00000170035;160;121;110;109;126;91;101;72;149;94;173;59;156;159;78;243;221;199
ENSG00000115232;495;276;401;392;399;483;140;71;125;80;163;54;269;196;121;412;322;364
ENSG00000138434;688;647;485;584;695;609;696;380;982;641;927;298;859;1048;406;1388;885;986
ENSG00000077232;209;166;102;138;179;152;162;90;169;127;180;58;147;184;87;280;186;222
ENSG00000163002;63;38;24;27;46;46;52;17;45;25;51;16;55;66;26;72;54;52
ENSG00000170396;136;129;87;75;126;106;124;82;245;129;152;54;147;183;76;206;146;162
ENSG00000065548;164;149;99;125;140;119;139;85;207;116;170;74;178;197;74;300;184;203
ENSG00000138448;4863;4921;3526;4203;4826;3881;5940;4516;10387;6067;9862;3548;2171;3359;1231;4467;2785;3151
ENSG00000144369;22;13;10;11;15;4;24;12;25;22;11;9;7;17;2;17;13;8
ENSG00000064989;32;25;12;31;28;21;32;17;43;23;31;15;11;15;4;25;12;13
ENSG00000003436;239;305;180;241;319;201;211;151;299;232;342;98;167;164;87;215;150;182
ENSG00000115368;169;161;108;149;173;140;137;65;166;116;161;68;172;170;84;301;205;247
ENSG00000138449;84;63;79;57;57;61;25;24;32;10;31;7;47;34;21;57;65;61
ENSG00000138381;56;60;30;60;56;52;57;37;64;41;68;23;67;69;37;84;53;75
ENSG00000151687;46;49;39;40;46;42;36;25;30;12;32;14;48;52;19;86;51;50
ENSG00000128699;279;207;189;223;229;219;199;119;236;168;244;68;237;233;104;405;267;261
ENSG00000064933;70;47;31;53;56;48;40;33;56;35;42;16;58;61;24;68;53;69
ENSG00000187699;87;68;52;54;56;59;46;32;56;37;57;29;119;76;38;98;85;75
ENSG00000198130;65;43;33;45;43;55;46;31;59;40;54;20;51;68;23;83;67;65
ENSG00000151689;109;66;39;49;51;58;77;59;133;69;112;42;89;148;49;153;97;117
ENSG00000151690;305;244;195;225;246;239;231;160;329;210;316;132;412;511;224;574;403;438
ENSG00000189362;65;65;39;66;75;58;59;32;70;51;81;26;72;80;32;138;67;59
ENSG00000138386;645;636;426;505;599;473;598;402;871;464;846;317;510;711;290;951;658;688
ENSG00000115419;590;489;431;447;511;411;545;344;743;441;773;278;511;597;235;833;695;623
ENSG00000115415;543;394;394;472;512;528;441;245;581;365;428;189;473;555;221;879;607;617
ENSG00000138378;145;95;116;108;120;134;60;39;79;42;77;24;66;44;35;80;71;65
ENSG00000128641;162;125;103;112;105;120;105;70;151;83;132;50;10;17;6;17;18;14
ENSG00000173559;2185;1842;1301;1488;1568;1576;1459;1067;2085;1176;1961;736;1775;2095;900;3162;1886;2238
ENSG00000168497;276;224;210;237;206;211;222;175;381;185;256;97;378;237;99;318;191;236
ENSG00000196950;95;93;67;50;83;100;74;35;74;45;81;25;90;96;54;129;85;112
ENSG00000081320;3744;3215;2501;2866;3240;2983;2500;1790;3869;2071;3743;1322;2515;3304;1537;4978;3211;3628
ENSG00000138411;144;156;124;103;131;130;185;149;316;174;261;99;52;58;36;107;77;68
ENSG00000119041;163;130;179;132;175;138;122;77;166;99;165;50;165;164;79;305;189;172
ENSG00000197121;105;90;58;85;99;75;56;38;63;41;81;26;74;67;31;107;93;89
ENSG00000065413;1897;1584;1299;1431;1511;1471;1645;1073;2377;1335;2115;831;2251;2625;1144;3405;2217;2412
ENSG00000115524;4982;4757;3447;4098;4604;3851;4479;3081;6484;3807;6437;2210;5005;6048;2378;8212;5075;5622
ENSG00000115520;127;133;88;93;152;107;173;110;237;138;213;69;158;186;80;204;156;181
ENSG00000144381;206;162;159;162;159;158;174;141;286;170;234;105;249;265;90;391;187;260
ENSG00000115541;23;27;28;18;21;14;32;19;34;27;29;4;37;41;13;35;28;30
ENSG00000115540;81;95;68;80;82;81;82;62;114;53;117;39;68;95;41;131;94;109
ENSG00000247626;37;21;21;18;19;15;38;19;34;24;33;21;16;36;14;44;21;23
ENSG00000115896;71;44;34;44;50;28;100;71;160;89;145;59;113;168;61;178;112;120
ENSG00000119042;29;29;20;21;35;25;24;18;70;27;37;17;24;37;11;31;26;17
ENSG00000178074;49;38;31;27;30;36;30;18;34;27;45;10;34;30;17;56;37;55
ENSG00000162971;74;62;43;55;111;55;50;48;73;54;75;31;73;87;32;108;75;84
ENSG00000162972;47;49;20;36;46;29;37;25;62;33;40;15;25;38;20;70;36;46
ENSG00000196141;52;58;32;49;45;36;41;33;105;40;59;17;58;70;26;98;49;69
ENSG00000155729;141;161;109;100;120;125;135;106;218;148;215;71;135;196;62;216;139;140
ENSG00000163535;33;31;15;33;21;30;23;10;34;10;37;16;38;34;16;45;40;44
ENSG00000138356;32;22;17;20;23;22;24;19;64;30;61;27;33;71;25;64;44;53
ENSG00000082153;2063;2001;1372;1527;2008;1584;2014;1290;2766;1693;3027;946;2011;2624;1099;3837;2386;2714
ENSG00000013441;2117;1631;1418;1382;1534;1474;1528;1016;2081;1125;2092;809;1667;1999;851;2559;1715;1946
ENSG00000240344;136;103;98;93;117;82;105;78;142;73;132;45;108;92;52;171;127;117
ENSG00000196290;99;94;71;69;92;85;97;61;146;72;120;45;103;151;67;200;101;115
ENSG00000115942;217;196;175;184;182;152;152;88;185;119;182;76;161;209;88;284;201;218
ENSG00000155744;533;475;363;439;484;349;401;287;567;341;609;198;451;525;249;802;465;560
ENSG00000119013;32;19;15;17;22;12;14;16;34;28;30;6;27;34;8;53;30;42
ENSG00000003402;7640;5972;4411;4856;5853;5140;7010;5348;12384;6511;9790;3845;6071;7975;3293;9144;5873;6548
ENSG00000003400;273;187;162;162;222;218;134;123;220;118;193;77;315;327;142;448;299;337
ENSG00000064012;382;295;227;221;296;292;209;148;332;192;309;120;283;336;167;500;303;345
ENSG00000155749;28;16;32;10;35;27;27;18;45;20;31;13;36;54;19;34;32;44
ENSG00000115993;325;290;222;273;326;275;311;168;444;276;442;127;315;358;154;523;327;373
ENSG00000082146;27;28;32;33;30;26;29;16;30;26;22;10;41;37;27;54;28;38
ENSG00000003393;330;347;259;269;316;321;344;239;509;320;500;155;435;399;187;542;425;387
ENSG00000155760;36;48;23;33;32;20;41;44;96;58;89;43;35;56;21;50;21;33
ENSG00000116030;198;199;133;191;197;152;187;122;259;171;268;93;218;298;120;391;275;254
ENSG00000055044;282;243;196;179;218;206;262;163;345;200;304;140;266;317;126;377;239;326
ENSG00000204217;729;821;505;581;725;591;719;545;1353;796;1150;453;701;906;373;1129;651;739
ENSG00000138439;119;75;109;115;104;163;90;54;98;60;98;35;86;86;53;135;85;91
ENSG00000138442;79;54;30;26;29;49;31;24;48;23;46;16;55;69;31;74;38;45
ENSG00000138380;112;83;58;71;75;67;75;31;92;62;91;31;92;82;35;151;99;85
ENSG00000144426;643;569;427;552;532;476;501;318;740;385;747;255;518;645;291;891;643;624
ENSG00000119004;318;270;190;264;244;279;267;195;485;276;416;137;296;375;169;520;361;338
ENSG00000138443;668;599;369;485;492;495;485;367;811;401;679;258;556;742;308;921;628;724
ENSG00000173166;204;147;122;126;165;131;355;223;585;299;512;148;320;455;164;606;377;452
ENSG00000178562;131;67;79;98;87;108;46;29;61;25;44;17;69;51;27;86;93;72
ENSG00000163600;40;18;36;13;13;29;10;5;24;11;22;4;18;10;9;19;27;17
ENSG00000118257;212;205;162;164;280;166;580;340;952;482;640;251;304;446;143;473;287;340
ENSG00000114933;996;994;654;799;865;821;987;618;1441;877;1240;505;1058;1242;529;1819;1129;1294
ENSG00000023228;401;376;285;260;353;290;370;251;547;332;537;209;427;534;234;677;444;459
ENSG00000114942;202;131;143;178;172;153;129;92;204;131;218;62;208;245;86;273;168;172
ENSG00000204186;48;56;40;33;28;35;21;19;23;24;27;15;24;28;23;31;32;24
ENSG00000118246;174;160;98;139;139;162;140;68;211;123;178;78;170;192;93;309;184;259
ENSG00000118263;428;417;314;358;379;430;452;325;732;390;584;196;547;610;282;780;462;520
ENSG00000118260;601;506;470;487;545;485;443;331;668;418;735;224;485;588;254;945;646;661
ENSG00000144401;32;19;22;21;34;23;24;9;38;17;27;9;26;33;17;56;17;43
ENSG00000163249;75;64;70;55;81;68;107;71;138;96;125;40;102;118;37;156;89;118
ENSG00000163251;35;38;14;30;26;44;27;32;51;29;57;19;60;52;29;88;41;43
ENSG00000178385;189;153;108;108;166;128;191;135;293;151;208;90;204;280;118;327;211;243
ENSG00000138413;80;78;81;85;102;78;58;43;102;66;116;36;119;132;57;196;92;130
ENSG00000115020;1253;1146;891;961;1127;987;1035;690;1427;869;1340;540;1212;1352;609;2015;1295;1416
ENSG00000197713;327;279;219;243;216;270;249;162;340;205;346;139;362;313;168;508;355;398
ENSG00000144445;213;209;153;188;186;181;180;131;234;147;244;115;203;204;116;332;223;193
ENSG00000115365;54;33;36;46;60;34;26;16;34;23;32;10;40;38;17;54;55;50
ENSG00000030419;77;43;72;52;73;69;30;15;45;20;35;17;52;42;19;48;86;78
ENSG00000138376;98;93;52;72;80;72;92;44;112;84;96;41;152;170;62;273;123;198
ENSG00000138363;33;24;40;16;30;46;31;25;52;21;32;10;81;90;35;108;48;87
ENSG00000115414;293;382;210;269;375;305;1179;923;2617;1573;2369;640;25004;32612;11545;34387;19134;20739
ENSG00000118242;76;73;36;57;57;40;343;197;507;312;382;147;185;277;99;364;208;275
ENSG00000079246;1150;993;763;856;1051;917;988;634;1426;861;1452;555;1170;1375;546;2015;1121;1308
ENSG00000138375;160;132;67;121;143;121;107;68;216;107;153;84;129;142;52;185;118;142
ENSG00000197756;371;303;293;279;387;390;377;250;625;409;554;157;425;485;218;573;468;378
ENSG00000079308;15576;13754;9679;11011;12369;10205;20704;17475;43463;21719;29437;10905;19421;25927;10642;24966;15102;17505
ENSG00000163466;1584;1346;1031;1150;1437;1180;1464;1021;2466;1516;2080;677;1503;2015;804;2700;1554;1623
ENSG00000179921;90;54;63;42;53;78;34;43;71;39;46;27;39;83;31;64;60;42
ENSG00000127837;236;179;181;148;201;183;242;175;545;309;397;161;301;446;151;367;207;251
ENSG00000127838;789;727;492;449;723;553;607;576;1791;913;1108;404;454;816;277;680;424;455
ENSG00000135926;1604;1614;1021;1249;1640;1128;1694;1386;3545;2055;3165;1149;1954;2483;942;2508;1489;1569
ENSG00000158428;20;25;22;5;19;18;33;25;49;26;35;14;20;40;10;17;18;32
ENSG00000018280;29906;25347;15992;16434;23415;18310;25982;24649;67382;32905;41765;16646;18859;30505;11974;26846;17589;19941
ENSG00000144579;4584;3684;2522;2257;3192;2932;3731;3990;9532;4407;5990;2593;2690;4363;1735;3714;2640;2909
ENSG00000135913;604;504;381;486;469;393;493;334;733;439;766;236;566;639;278;896;555;653
ENSG00000144580;227;244;213;239;232;214;334;232;548;310;440;154;237;315;134;401;243;296
ENSG00000115568;307;297;232;224;251;239;320;260;619;385;409;171;339;484;180;507;273;369
ENSG00000074582;65;26;17;38;26;37;44;33;59;36;45;25;55;55;24;53;28;64
ENSG00000163481;54;38;29;44;30;35;51;37;88;55;50;30;70;77;25;45;61;64
ENSG00000163482;287;217;161;181;221;149;226;189;407;219;323;141;216;271;144;329;237;238
ENSG00000135912;474;336;264;275;379;346;634;406;958;515;676;282;866;1049;449;1071;686;813
ENSG00000135929;280;254;173;151;232;158;460;367;873;456;644;196;1187;1420;561;1276;713;838
ENSG00000187736;94;79;51;72;56;60;72;68;110;76;86;33;109;121;50;119;73;122
ENSG00000213901;32;14;11;20;15;18;13;12;36;18;18;4;22;51;19;25;38;31
ENSG00000115649;367;251;223;199;263;221;324;284;645;376;534;159;431;576;222;510;319;320
ENSG00000144567;755;821;501;572;732;558;871;557;1681;877;1261;495;862;1151;463;1146;698;798
ENSG00000158552;172;130;111;114;129;127;160;132;297;174;240;96;221;254;96;220;148;173
ENSG00000198925;252;200;149;147;228;170;220;178;511;262;386;129;287;372;136;338;214;216
ENSG00000163516;1059;769;625;729;858;718;874;820;1667;890;1461;522;760;916;408;1041;688;729
ENSG00000163521;22;13;18;9;23;13;10;9;20;14;24;2;18;20;9;42;14;22
ENSG00000115661;97;85;65;78;89;78;101;80;175;95;126;48;119;149;56;145;83;95
ENSG00000127824;140;111;125;101;86;133;100;83;223;135;182;70;158;199;82;172;135;109
ENSG00000135924;584;509;406;465;549;426;802;775;1661;867;1194;452;836;998;385;861;514;616
ENSG00000054356;18;23;9;15;27;17;14;14;41;28;40;15;8;17;11;6;12;10
ENSG00000123992;283;220;173;194;206;202;292;227;555;250;427;159;256;339;112;330;216;244
ENSG00000144591;236;180;145;186;176;165;226;187;503;227;362;154;207;286;109;286;160;193
ENSG00000144589;564;471;332;357;436;389;523;501;1422;627;855;333;752;956;412;861;577;508
ENSG00000116106;61;20;31;25;43;20;20;25;26;24;17;5;32;34;17;48;29;31
ENSG00000163082;18;16;8;17;17;9;28;22;56;27;56;11;16;45;14;36;21;16
ENSG00000116120;88;54;66;59;66;57;68;42;61;50;90;25;96;109;41;131;114;100
ENSG00000123983;361;296;246;265;301;248;220;183;341;223;340;117;381;357;171;609;341;412
ENSG00000152056;30;16;19;18;25;19;16;16;26;13;27;9;16;18;5;44;26;12
ENSG00000085449;508;486;272;399;461;417;451;232;494;309;553;189;374;509;190;729;420;523
ENSG00000135900;57;65;46;22;60;52;44;32;75;64;74;30;53;61;36;98;54;66
ENSG00000036257;828;771;554;597;731;614;616;441;963;531;859;326;750;899;380;1279;849;886
ENSG00000135905;4847;4645;3608;3775;4589;4022;5382;3632;8297;4537;7618;2739;5230;6865;2937;9851;6237;7213
ENSG00000169047;25;16;11;6;11;8;18;7;31;17;24;9;13;19;7;21;14;18
ENSG00000144468;170;151;122;118;162;129;162;86;223;125;185;83;175;185;75;267;160;178
ENSG00000168958;152;116;109;108;127;96;117;82;136;83;153;55;135;159;69;264;165;174
ENSG00000173744;964;860;633;719;851;725;713;473;991;535;934;311;884;1035;469;1557;1121;1141
ENSG00000115009;139;150;73;100;139;97;113;66;169;121;237;86;31;74;25;91;43;58
ENSG00000153823;5518;5188;3513;3983;4894;3941;5638;4411;10045;5365;8143;3034;5409;7493;3079;9116;5551;6304
ENSG00000187957;814;834;571;635;833;596;685;673;1400;879;1305;452;310;527;176;506;326;369
ENSG00000153827;3676;3528;2414;2776;3618;2926;3731;2669;5935;3218;4935;1804;3785;4758;1967;6307;3824;4356
ENSG00000135899;252;166;167;187;203;206;127;93;207;125;160;56;174;179;65;260;173;194
ENSG00000079263;100;74;103;72;71;92;37;42;67;41;44;12;57;46;33;59;65;52
ENSG00000185404;352;269;251;204;238;210;278;142;391;195;326;117;256;311;126;347;201;310
ENSG00000067066;1181;885;747;849;863;812;952;580;1267;727;1198;417;919;1096;474;1514;884;1170
ENSG00000135932;716;678;496;544;614;562;689;472;1090;631;1027;343;1425;1741;723;2271;1360;1468
ENSG00000135916;67;39;39;71;50;35;55;35;117;70;70;39;46;48;20;58;54;28
ENSG00000135898;9;7;12;8;6;11;10;10;32;21;20;14;12;9;3;14;6;7
ENSG00000173692;416;397;274;273;349;312;482;300;646;382;564;209;449;510;224;784;493;518
ENSG00000135931;85;56;41;20;70;46;90;64;183;67;119;58;113;117;44;92;125;102
ENSG00000115053;1040;885;678;722;856;904;986;703;1643;1026;1454;513;1123;1414;590;1613;992;1234
ENSG00000187514;1371;1296;1017;1152;1466;1254;1981;1581;4189;2926;3291;1199;2029;2785;962;2727;1528;1676
ENSG00000156973;62;49;29;41;59;53;39;44;107;54;62;27;45;61;25;77;42;55
ENSG00000144524;168;137;132;113;138;123;141;113;279;153;186;74;197;231;81;220;136;155
ENSG00000144535;295;180;163;157;173;180;172;164;382;183;259;97;227;286;123;320;239;243
ENSG00000221944;111;94;61;75;85;81;92;69;159;80;114;46;144;151;50;145;92;126
ENSG00000135930;567;530;395;443;554;474;600;468;1088;583;864;329;728;897;342;1039;613;728
ENSG00000204120;1202;1099;785;804;1008;876;1141;840;1798;991;1630;579;1316;1631;669;2063;1300;1442
ENSG00000182600;27;32;3;12;17;17;21;27;58;27;34;15;38;44;16;47;43;33
ENSG00000168918;846;514;560;589;651;643;616;494;1028;596;810;310;962;1163;502;1276;823;899
ENSG00000085978;270;221;198;211;289;240;277;203;465;216;347;128;307;307;118;442;306;341
ENSG00000077044;626;513;462;428;538;549;537;449;1034;511;742;274;729;886;394;978;649;664
ENSG00000085982;281;270;188;220;274;192;240;166;420;213;308;137;293;375;126;437;326;311
ENSG00000188042;1436;1238;938;1025;1391;1125;1415;1081;2601;1714;2330;825;765;1014;409;1398;910;906
ENSG00000130147;31;26;12;22;18;15;22;13;41;32;52;7;34;46;12;43;25;16
ENSG00000144476;2982;2878;1841;2300;3107;2243;3866;3044;8169;4015;6015;2371;2064;3536;1353;3017;2154;2233
ENSG00000198612;179;174;130;119;149;106;161;99;206;116;230;57;157;207;86;286;203;220
ENSG00000124839;23;25;15;19;16;24;22;28;66;31;56;17;18;21;13;25;21;8
ENSG00000124831;2354;2079;1646;1867;2103;1910;2391;1596;3703;2101;3195;1044;2177;2554;1114;3468;2109;2375
ENSG00000177483;38;42;18;30;25;33;36;20;48;33;49;13;41;41;17;56;41;40
ENSG00000132329;15;10;4;9;7;7;7;9;38;14;15;6;6;16;2;16;10;13
ENSG00000184182;47;82;48;61;59;48;72;58;124;51;77;25;102;120;45;155;79;100
ENSG00000132330;50;27;16;25;35;13;32;29;62;33;39;20;48;32;20;55;44;40
ENSG00000132323;205;215;138;135;154;150;201;136;277;183;239;87;208;259;104;329;214;243
ENSG00000132326;149;152;108;122;140;122;178;161;414;191;266;99;169;237;101;249;140;189
ENSG00000204104;48;65;27;43;49;67;44;34;81;49;67;33;50;70;38;96;50;47
ENSG00000065802;337;309;262;246;314;262;351;305;739;370;587;237;314;404;174;475;316;332
ENSG00000068024;773;599;461;511;597;594;792;728;1513;875;1082;450;1045;1034;492;1223;827;781
ENSG00000130414;661;558;375;480;497;511;645;490;1116;556;848;338;729;838;355;982;746;703
ENSG00000172428;7;11;10;9;7;7;13;8;36;12;16;6;10;17;12;13;13;12
ENSG00000144504;276;211;187;186;225;184;225;201;523;213;342;154;283;321;138;300;247;185
ENSG00000188542;104;85;41;43;78;64;84;47;144;73;114;41;79;119;48;118;70;104
ENSG00000142327;479;330;314;292;367;347;266;283;945;455;549;217;365;515;186;495;330;341
ENSG00000142330;254;187;163;140;195;196;224;222;525;281;369;148;285;369;140;314;208;243
ENSG00000178623;590;605;375;424;530;375;762;613;1848;912;1359;488;735;1081;427;977;646;606
ENSG00000162804;141;72;84;55;76;90;70;56;163;67;112;45;115;111;38;116;92;88
ENSG00000122085;288;233;234;200;249;235;207;200;366;225;342;106;250;283;141;352;245;288
ENSG00000115687;179;85;101;94;80;125;87;82;171;91;94;44;141;96;38;115;75;112
ENSG00000115685;110;82;78;108;112;115;122;91;187;128;211;67;134;180;86;226;141;141
ENSG00000146205;20;17;13;18;15;11;19;21;59;32;32;11;15;21;13;24;4;21
ENSG00000115677;1640;1457;1080;1250;1434;1276;1989;1534;3770;2075;2886;1100;2316;3086;1241;3035;1903;2124
ENSG00000168385;1222;1139;803;952;1118;930;1177;724;1682;1036;1650;559;1355;1657;697;2152;1310;1396
ENSG00000006607;110;88;62;59;73;64;73;67;166;78;94;42;106;100;49;131;102;92
ENSG00000115694;456;389;278;291;347;347;395;373;1017;453;670;284;470;636;246;541;366;443
ENSG00000176946;108;74;50;52;92;81;109;71;204;108;135;54;75;148;51;151;84;97
ENSG00000168397;884;621;407;481;610;544;707;647;1690;785;1098;484;876;964;412;934;680;670
ENSG00000168393;27;19;9;14;18;18;19;13;31;19;24;8;31;25;12;35;19;23
ENSG00000168395;507;450;329;300;447;353;496;418;949;514;713;324;577;683;283;703;494;544
ENSG00000180902;607;471;374;326;462;362;453;494;1293;550;880;354;343;494;204;390;309;328
ENSG00000204099;37;30;22;15;33;21;18;26;91;43;55;15;8;14;11;7;4;9
ENSG00000072756;275;207;163;199;248;206;208;129;299;151;257;79;248;254;103;401;293;316
ENSG00000113851;204;137;111;173;140;179;130;64;179;106;184;60;162;177;67;280;176;202
ENSG00000144455;201;193;148;173;137;161;233;169;370;207;292;124;368;453;216;564;341;337
ENSG00000170364;29;12;12;13;12;10;11;8;32;18;27;6;16;17;9;22;22;15
ENSG00000150995;2304;1757;1537;1621;1849;1617;3187;2186;4990;2573;3733;1397;3943;5215;2126;6164;3822;4041
ENSG00000134107;1900;1984;1234;1574;2142;1713;3208;2448;6444;3511;5076;1790;2331;3577;1353;3627;2029;2457
ENSG00000134108;650;711;504;600;687;554;699;538;1190;676;1053;376;661;762;348;1123;679;830
ENSG00000134109;1877;1725;1365;1497;1755;1393;2063;1522;3441;1939;3207;1112;1617;2026;840;2667;1507;1738
ENSG00000070950;120;120;87;64;119;89;108;70;157;102;147;45;131;118;64;220;96;121
ENSG00000134077;123;133;119;126;140;142;149;124;250;164;217;82;171;223;95;294;161;185
ENSG00000168137;2242;1782;1401;1547;1777;1558;1989;1549;3322;1776;2789;1027;1701;2297;1011;2787;1851;2004
ENSG00000163719;644;554;412;392;518;485;618;483;1246;575;863;373;799;957;424;986;630;696
ENSG00000156983;342;288;201;236;249;278;337;284;728;400;490;223;499;573;242;572;350;409
ENSG00000114026;236;160;105;95;160;161;146;130;330;181;253;94;235;312;132;331;198;222
ENSG00000134072;152;118;87;93;95;95;113;96;300;117;161;47;523;670;240;699;397;389
ENSG00000171148;283;228;143;195;193;195;201;170;518;284;366;123;309;441;149;463;237;300
ENSG00000241553;719;652;547;614;709;618;787;629;1569;978;1318;525;1167;1472;553;1554;945;967
ENSG00000214021;782;657;467;484;568;481;701;560;1417;662;952;387;972;1131;427;1119;758;823
ENSG00000156990;79;81;61;53;74;60;60;58;131;64;98;44;107;113;38;153;71;81
ENSG00000171135;67;50;54;37;67;42;53;63;134;86;114;38;79;105;30;111;50;70
ENSG00000163703;88;78;43;47;56;52;94;89;184;105;128;44;90;115;44;115;56;80
ENSG00000163704;14;15;6;23;26;20;20;17;54;24;40;18;41;38;9;35;23;16
ENSG00000125037;223;176;148;159;208;181;234;172;392;242;366;127;335;371;140;432;243;271
ENSG00000144554;174;135;105;111;136;127;155;93;193;104;179;65;165;218;71;239;173;168
ENSG00000254999;189;203;188;174;231;182;244;137;427;280;402;127;245;343;124;324;231;232
ENSG00000134086;1203;919;802;830;1072;870;1159;835;1925;1200;1634;552;845;1108;462;1340;978;907
ENSG00000134070;1250;1000;836;881;1067;808;1687;1454;3651;1721;2655;971;464;989;342;924;619;570
ENSG00000157014;605;527;412;433;471;410;578;459;1062;556;870;358;422;433;169;625;354;382
ENSG00000157020;170;89;97;122;118;120;157;125;312;168;239;77;167;214;85;206;120;133
ENSG00000196639;37;50;38;33;50;60;29;29;113;61;92;35;24;28;20;43;31;23
ENSG00000197548;2053;1762;1284;1319;1616;1510;2225;1724;3987;1968;3035;1219;1999;2491;1016;2920;1876;2133
ENSG00000144560;481;469;379;354;471;389;456;377;964;519;772;292;430;632;220;694;417;489
ENSG00000144559;120;94;70;70;50;103;64;64;108;59;93;37;79;77;38;101;79;78
ENSG00000132170;2057;2017;1398;1486;1819;1545;1293;998;2174;1098;1854;805;574;762;347;1074;720;912
ENSG00000154743;149;120;99;87;101;122;89;77;161;95;146;59;43;73;24;65;42;49
ENSG00000075975;248;254;169;181;206;211;227;174;384;174;315;108;213;248;97;315;221;205
ENSG00000132155;1979;1788;1358;1454;1740;1383;2033;1444;3288;1953;2789;1065;1998;2391;1018;2759;1860;2004
ENSG00000144713;357;236;248;265;328;305;309;189;446;326;380;134;317;383;176;444;274;351
ENSG00000144711;3217;2824;1902;2011;2704;2237;2745;2359;7062;3460;4387;1781;2397;3386;1408;3206;2213;2427
ENSG00000132182;524;323;414;391;395;540;202;206;354;225;298;112;450;485;243;561;491;480
ENSG00000163517;43;36;47;28;40;29;28;25;56;37;51;12;34;45;18;48;15;19
ENSG00000163528;20;12;18;23;12;9;9;9;20;20;23;6;18;18;8;35;16;32
ENSG00000170876;661;651;393;458;682;575;642;458;1258;679;1036;391;835;1214;403;1278;745;828
ENSG00000154767;396;308;242;294;295;290;326;242;633;332;457;157;452;575;233;672;393;462
ENSG00000170860;56;57;51;38;66;49;73;52;125;75;98;46;85;121;32;128;79;118
ENSG00000131389;3396;3170;2319;2408;3160;2547;3629;2670;7084;3537;5217;1973;4046;5112;1969;5303;3434;3927
ENSG00000154781;310;302;236;257;314;295;307;236;533;287;433;182;319;403;157;475;359;332
ENSG00000131379;48;18;21;32;36;29;37;37;81;36;56;17;45;53;22;41;36;42
ENSG00000154783;33;30;7;10;22;9;15;17;64;25;31;16;23;25;9;27;22;23
ENSG00000177463;1427;1205;848;988;1206;931;1240;857;2060;1112;1677;648;1345;1575;690;2003;1281;1417
ENSG00000131368;278;233;202;167;245;215;213;152;331;162;270;99;313;323;145;418;291;365
ENSG00000131381;196;174;161;180;184;170;228;176;329;202;306;116;250;284;137;376;227;273
ENSG00000131375;481;440;319;328;438;350;379;218;466;250;476;153;395;480;204;700;493;536
ENSG00000131370;881;697;496;613;832;679;710;655;1507;737;1143;441;249;390;177;467;354;378
ENSG00000206562;136;116;93;79;96;118;138;83;165;114;156;60;112;130;59;188;103;144
ENSG00000144597;707;656;466;589;680;549;660;406;997;611;1014;300;594;777;343;1097;573;751
ENSG00000206561;40;31;18;16;18;35;12;15;36;16;20;13;38;31;11;35;33;30
ENSG00000131373;132;102;91;74;86;77;83;65;125;63;117;42;118;155;56;161;118;115
ENSG00000169814;185;159;110;119;153;129;158;116;250;149;204;65;209;242;99;254;185;199
ENSG00000206560;811;696;599;620;673;568;797;522;1108;645;1171;342;1281;1427;611;2084;1364;1462
ENSG00000154813;73;61;32;43;63;51;41;37;67;59;86;31;110;108;48;157;108;102
ENSG00000154814;127;86;115;106;101;135;92;57;84;46;81;31;81;99;47;129;109;108
ENSG00000131378;884;710;555;508;635;543;1062;874;2290;1078;1381;603;587;901;316;897;599;654
ENSG00000154822;236;143;195;157;205;209;139;87;209;125;181;73;217;238;94;340;231;220
ENSG00000131374;836;737;512;606;651;627;647;445;970;544;875;327;817;869;391;1267;737;828
ENSG00000182568;649;521;393;469;503;432;401;289;682;458;617;208;554;631;288;853;644;591
ENSG00000144566;284;237;162;220;227;192;232;140;323;214;324;119;260;314;145;476;323;294
ENSG00000114166;181;156;131;144;143;150;143;86;162;109;145;60;211;235;103;319;204;202
ENSG00000182247;130;112;118;98;111;120;199;153;278;158;240;65;200;241;94;310;258;234
ENSG00000170142;253;274;213;233;240;166;276;190;418;245;395;110;250;341;146;481;317;297
ENSG00000197885;37;28;28;20;44;23;31;17;44;25;37;19;30;38;18;33;41;31
ENSG00000174748;899;791;669;794;991;769;878;521;1233;793;1129;415;1147;1333;590;1659;1043;1126
ENSG00000174738;136;125;112;109;117;104;103;63;120;82;125;41;194;174;88;222;212;173
ENSG00000077097;1034;877;724;782;1010;788;820;598;1201;736;1213;419;929;1116;482;1599;1020;1181
ENSG00000151092;904;727;643;725;690;627;1012;771;1257;870;1586;456;811;886;427;1262;851;866
ENSG00000151093;51;22;36;30;28;30;60;21;83;36;64;16;40;53;19;54;42;48
ENSG00000163491;55;37;28;30;32;42;52;20;72;28;54;38;79;96;35;104;102;99
ENSG00000033867;1235;1189;874;890;1100;980;1152;769;1742;1010;1772;574;1302;1473;624;2516;1582;1701
ENSG00000163508;42;27;33;38;33;57;23;16;24;15;22;4;31;30;8;52;34;36
ENSG00000187118;71;72;59;72;74;51;54;37;57;57;61;27;57;66;26;95;66;75
ENSG00000163512;432;474;311;358;486;345;402;266;540;378;545;202;373;469;197;721;396;477
ENSG00000206559;23;15;6;13;19;17;20;15;31;17;28;10;17;13;6;9;19;15
ENSG00000163513;855;778;606;705;877;642;730;464;1241;702;1058;351;1663;1956;771;2473;1408;1610
ENSG00000163527;1402;1361;985;1191;1371;1047;1464;851;1806;1174;2184;671;1573;1839;780;2566;1540;1781
ENSG00000153551;217;171;142;125;149;108;98;100;224;120;134;63;188;246;92;252;142;159
ENSG00000091317;551;647;434;529;655;455;596;358;857;575;971;274;734;967;374;1445;815;939
ENSG00000144635;216;201;149;173;158;166;176;123;262;134;269;126;259;276;104;360;253;245
ENSG00000182973;195;172;105;128;161;137;166;132;252;127;200;85;188;265;94;308;207;219
ENSG00000183813;62;36;35;20;42;45;18;19;34;19;35;10;36;24;12;38;36;35
ENSG00000170266;290;286;212;248;296;273;306;243;664;368;516;185;453;533;219;666;357;359
ENSG00000188167;485;422;307;307;428;319;522;364;932;536;666;229;587;741;303;805;498;547
ENSG00000170275;306;228;216;211;256;302;204;122;298;197;247;89;301;293;111;378;231;294
ENSG00000153560;745;780;601;553;716;647;744;515;1222;673;977;390;602;730;354;968;756;865
ENSG00000163539;672;660;447;508;651;543;619;430;917;482;801;279;687;754;314;1141;748;838
ENSG00000170248;1174;1153;897;955;1192;908;1070;667;1649;981;1419;530;963;1170;476;1598;1041;1188
ENSG00000168016;416;301;310;306;329;338;303;213;499;238;378;159;356;363;175;390;307;332
ENSG00000178567;424;402;327;319;415;366;388;250;578;320;558;172;372;475;211;592;386;475
ENSG00000076242;252;195;178;159;202;161;237;168;341;201;340;130;237;322;145;398;266;274
ENSG00000093167;331;266;193;198;266;231;333;239;514;260;410;133;259;347;125;446;308;341
ENSG00000144674;814;613;566;571;588;574;824;528;1076;637;1052;347;860;919;378;1344;884;936
ENSG00000144677;32;19;22;19;13;8;15;5;18;16;9;5;19;20;9;20;14;16
ENSG00000136059;60;50;40;40;55;47;53;44;110;55;64;28;58;65;27;63;48;53
ENSG00000187091;49;22;19;18;26;31;10;24;31;17;30;8;25;17;8;26;15;17
ENSG00000008226;11;22;16;15;4;30;8;15;23;11;25;5;24;15;17;15;11;5
ENSG00000060971;195;161;113;113;166;149;161;125;337;161;232;92;236;245;99;299;176;194
ENSG00000172936;595;559;394;448;598;501;547;379;1107;662;780;306;693;892;366;1024;623;685
ENSG00000172939;1454;1231;1016;1075;1253;1067;1360;1049;2090;1171;2069;729;1335;1708;682;2150;1379;1565
ENSG00000172940;97;65;61;72;42;74;117;90;232;88;151;70;98;122;48;125;102;95
ENSG00000144671;30;20;11;20;31;26;34;33;52;29;52;10;45;46;22;28;35;26
ENSG00000093217;51;23;30;32;37;26;38;34;60;37;32;19;35;45;16;52;37;28
ENSG00000114739;510;428;349;412;397;361;425;353;729;447;650;273;414;491;231;556;348;394
ENSG00000157036;83;56;63;62;70;47;47;31;86;55;66;23;60;97;33;90;80;91
ENSG00000114742;311;287;190;232;238;206;247;145;358;206;317;126;262;312;142;434;305;313
ENSG00000114745;381;330;271;221;310;307;371;307;742;395;541;197;411;517;228;516;372;382
ENSG00000168026;77;69;35;41;51;47;58;41;89;50;72;21;85;83;39;97;76;64
ENSG00000144655;1326;1235;800;1060;1287;1016;1637;1482;3853;2014;2997;1151;1740;2838;1175;2634;1550;1720
ENSG00000168329;346;170;293;252;264;366;82;40;59;41;94;30;90;69;71;206;182;178
ENSG00000144659;83;50;43;41;57;69;42;32;61;45;71;24;50;65;21;75;55;47
ENSG00000168028;352;259;247;283;301;337;216;183;356;213;320;136;309;359;165;468;295;355
ENSG00000114784;92;83;53;47;98;71;65;54;110;73;140;37;91;101;46;130;82;81
ENSG00000188846;353;251;256;317;299;296;318;233;518;405;457;192;367;494;221;523;299;408
ENSG00000177873;121;92;71;78;74;65;103;57;167;78;136;30;130;135;47;183;103;130
ENSG00000172888;414;339;240;316;272;266;358;223;543;320;494;186;366;418;160;556;400;443
ENSG00000168036;5323;4592;3478;3831;4618;3781;4003;2841;6246;3354;6172;2167;4007;5065;2415;6620;4208;5184
ENSG00000168038;199;167;132;99;181;163;162;93;191;110;205;69;210;189;110;275;157;182
ENSG00000182606;947;838;588;692;710;636;835;573;1448;813;1164;444;1020;1179;489;1314;834;939
ENSG00000114812;62;27;46;46;32;63;19;6;23;13;19;10;29;19;10;46;34;26
ENSG00000093183;320;251;180;204;212;211;298;174;405;255;389;139;400;418;164;516;312;334
ENSG00000008324;16;23;14;16;11;17;21;7;19;20;23;6;27;35;16;33;19;31
ENSG00000114857;2146;1734;1418;1487;1734;1562;1625;1116;2440;1376;2129;772;1780;1992;938;2860;1964;2139
ENSG00000114853;173;182;106;103;155;155;151;120;394;174;224;87;249;299;112;299;143;173
ENSG00000181061;55;77;46;71;70;50;52;41;55;49;84;38;73;73;33;103;75;70
ENSG00000163788;396;332;272;299;315;285;348;215;502;306;472;147;404;454;225;639;373;456
ENSG00000160746;145;127;67;113;110;93;127;83;178;107;157;49;160;160;68;183;124;122
ENSG00000011198;544;463;268;363;420;345;402;214;411;287;442;154;866;857;481;1158;744;863
ENSG00000179152;75;98;68;53;80;63;69;39;98;50;98;46;115;116;44;153;112;120
ENSG00000185219;552;444;387;405;443;450;534;398;751;445;724;327;668;763;294;907;587;609
ENSG00000178917;186;158;124;128;162;150;179;130;220;126;211;73;198;232;104;308;196;212
ENSG00000196345;18;19;14;7;22;9;18;10;27;14;18;8;11;9;8;27;13;17
ENSG00000186448;115;118;88;86;82;99;86;90;161;78;147;46;126;151;42;194;126;120
ENSG00000169981;21;17;20;30;47;17;20;17;47;21;26;6;19;34;12;35;30;36
ENSG00000196653;24;22;15;5;10;16;13;7;20;21;15;5;11;16;4;27;8;19
ENSG00000163807;136;146;92;96;88;108;114;86;151;95;176;61;130;161;68;232;133;165
ENSG00000169964;26;25;14;17;12;25;22;14;32;21;22;11;26;28;14;40;35;21
ENSG00000163812;896;799;583;648;779;619;845;548;1511;766;1163;439;831;1059;460;1220;746;836
ENSG00000075914;58;52;52;48;46;38;48;44;107;52;94;34;88;84;31;100;76;86
ENSG00000163814;362;301;278;293;389;310;398;364;855;595;881;222;504;622;283;742;440;489
ENSG00000249992;18;22;5;15;28;10;22;22;74;45;53;25;16;35;10;38;15;20
ENSG00000011376;182;145;110;108;116;104;139;109;282;159;206;91;171;209;94;237;158;189
ENSG00000144791;1057;996;762;866;896;746;1027;780;1738;984;1451;551;916;1156;476;1286;825;821
ENSG00000211456;507;464;364;377;438;380;401;265;455;265;450;164;450;502;206;747;472;538
ENSG00000163818;58;37;27;34;36;23;48;29;56;34;40;16;50;44;26;89;49;45
ENSG00000163820;326;272;193;292;312;260;427;297;744;390;567;196;548;697;259;712;510;554
ENSG00000163823;701;741;457;588;851;580;943;560;1448;1035;1273;396;1721;2145;812;2666;1376;1632
ENSG00000121807;235;217;180;221;262;236;171;111;184;194;230;69;1201;1250;496;1775;858;951
ENSG00000160791;414;448;256;355;403;322;571;390;945;649;720;279;1666;1947;678;2386;1147;1388
ENSG00000121797;161;141;105;142;154;121;157;113;242;213;317;84;187;213;85;250;113;155
ENSG00000178038;28;39;48;30;33;42;25;28;67;31;46;21;26;23;17;29;28;32
ENSG00000160799;102;94;62;87;63;75;107;116;231;112;158;61;111;174;74;153;123;107
ENSG00000160796;1152;718;925;826;908;1059;596;520;1218;599;874;369;862;919;358;1034;819;714
ENSG00000181555;1355;1176;955;1012;1106;1041;1159;782;1751;967;1573;618;1234;1520;597;2035;1236;1363
ENSG00000088727;47;28;29;34;45;18;27;21;62;25;48;16;50;47;30;51;34;45
ENSG00000114648;312;272;185;208;277;253;250;223;617;278;396;159;319;408;152;461;308;297
ENSG00000076201;534;473;311;309;438;390;530;455;1406;681;804;315;611;833;312;699;499;475
ENSG00000114650;529;427;307;331;450;352;503;378;1097;521;740;304;678;896;366;747;510;556
ENSG00000163832;81;42;30;37;57;22;40;49;102;71;62;26;59;74;32;77;42;51
ENSG00000173473;898;776;625;638;779;688;798;560;1358;734;1120;418;806;1021;459;1347;823;941
ENSG00000132153;235;223;180;145;222;211;233;168;488;277;304;120;277;341;170;380;233;271
ENSG00000047849;812;670;561;599;607;614;832;583;1529;759;1014;435;736;920;371;960;688;740
ENSG00000164048;188;127;130;160;162;127;111;96;213;132;160;56;165;205;79;224;175;167
ENSG00000172113;82;51;51;63;71;70;63;58;120;76;92;33;70;106;47;113;99;84
ENSG00000164050;160;140;80;96;129;83;158;147;423;158;244;98;114;161;42;114;84;93
ENSG00000232112;73;50;34;52;68;56;75;34;101;82;91;26;65;89;39;132;53;53
ENSG00000164053;47;36;33;29;54;27;33;48;87;38;45;30;58;71;26;77;37;63
ENSG00000164054;387;346;366;336;404;350;360;315;903;461;621;242;441;593;250;564;322;346
ENSG00000114268;1933;1594;1116;1355;1463;1110;1888;1483;3789;1860;3080;1142;1772;2079;871;2158;1279;1470
ENSG00000145040;49;37;25;29;26;22;20;16;59;22;41;21;13;19;10;23;11;25
ENSG00000114270;2183;1721;1049;1202;1542;1278;1026;975;2837;1200;2228;1008;480;687;252;491;475;512
ENSG00000010256;454;349;318;367;416;311;436;376;1065;542;749;310;526;813;293;670;367;406
ENSG00000225697;1089;909;585;649;875;672;876;765;1943;961;1569;584;908;1068;454;863;593;790
ENSG00000008300;95;81;53;67;92;66;70;95;213;100;118;49;95;146;53;111;83;82
ENSG00000213672;204;182;139;109;162;144;240;196;513;255;366;139;297;320;142;322;185;250
ENSG00000068745;459;371;255;318;372;373;375;273;749;392;534;203;356;424;170;528;384;388
ENSG00000114302;266;269;211;212;262;204;245;190;440;249;383;133;261;376;180;451;278;336
ENSG00000178537;41;34;36;36;31;43;35;15;49;20;46;21;35;44;19;51;46;24
ENSG00000177479;622;500;357;414;503;436;537;429;994;467;801;297;660;812;306;898;554;670
ENSG00000178467;120;84;83;78;98;89;103;100;271;139;150;70;151;184;85;163;102;131
ENSG00000178252;1395;1172;851;975;1105;1048;1399;1218;2999;1528;2281;873;1751;2236;888;2077;1295;1458
ENSG00000178149;114;89;70;64;79;75;95;74;241;113;139;84;121;171;68;115;86;82
ENSG00000178057;86;77;53;70;69;81;77;58;181;102;100;39;60;108;41;123;68;70
ENSG00000178035;16;15;8;12;7;9;8;7;26;11;15;4;16;24;5;12;26;18
ENSG00000198218;244;234;187;203;233;205;244;151;342;237;357;148;252;356;146;412;272;284
ENSG00000172053;452;337;309;368;361;438;395;375;807;478;609;238;557;633;241;628;391;380
ENSG00000172046;730;554;465;474;585;566;713;662;1535;786;1103;431;798;1021;407;967;714;718
ENSG00000172037;312;190;141;166;206;154;213;184;547;293;402;157;388;495;163;430;252;223
ENSG00000177352;37;55;37;28;58;58;52;45;131;52;92;29;59;88;42;74;50;62
ENSG00000185909;52;36;22;25;32;32;17;25;36;29;34;13;35;26;7;22;19;29
ENSG00000188315;202;180;119;137;167;157;169;137;377;189;294;119;230;288;106;379;286;286
ENSG00000114316;1590;1242;877;1037;1391;1030;1614;1250;3119;1613;2344;914;1954;2369;968;2753;1712;1779
ENSG00000233276;189;161;115;125;185;152;216;210;572;315;372;134;365;430;160;415;219;236
ENSG00000067560;1371;1426;976;1382;1616;1373;1510;916;2377;1404;2262;723;1618;2079;817;2588;1573;1664
ENSG00000145022;115;84;56;73;95;77;100;66;189;119;149;47;127;147;65;151;91;94
ENSG00000145029;92;59;48;51;70;74;69;52;127;71;90;34;76;77;37;96;56;54
ENSG00000173402;98;88;58;69;90;78;152;85;224;143;201;58;107;155;58;172;114;107
ENSG00000164062;341;284;236;195;278;226;312;226;673;374;489;176;369;439;166;434;259;312
ENSG00000173531;35;27;17;37;25;21;30;23;67;47;54;18;42;29;14;25;18;25
ENSG00000164068;537;449;312;312;429;403;499;460;1091;492;700;297;538;702;316;638;414;504
ENSG00000173540;120;69;76;57;69;75;142;153;273;198;234;87;180;182;86;190;109;88
ENSG00000176095;472;495;286;336;457;316;475;384;968;541;814;284;598;746;304;782;494;507
ENSG00000182179;415;264;296;296;367;374;278;245;495;256;427;156;275;294;170;399;259;296
ENSG00000183763;14;17;17;8;14;14;16;6;20;13;34;9;8;23;4;24;7;12
ENSG00000164077;14;14;17;16;11;17;12;12;27;16;14;11;28;21;8;25;20;19
ENSG00000004534;1740;1412;1054;1131;1273;1213;1524;1172;2582;1358;2178;755;1533;1828;757;2181;1366;1544
ENSG00000003756;2169;1769;1340;1502;1690;1493;1919;1475;3124;1727;2489;1070;2250;2746;1079;3076;2028;2246
ENSG00000001617;78;73;52;43;64;39;51;47;162;65;97;44;14;32;14;41;15;14
ENSG00000114353;2064;1791;1469;1479;1938;1759;2046;1753;5318;2986;3543;1315;2508;3621;1305;3543;1957;2129
ENSG00000012171;34;20;22;16;19;20;19;20;64;25;49;16;36;67;9;40;21;34
ENSG00000214706;46;35;36;48;47;37;50;51;115;61;78;30;82;84;49;95;63;71
ENSG00000186792;7;16;7;8;13;9;9;7;21;14;14;5;14;11;7;11;10;12
ENSG00000243477;46;37;23;28;32;23;39;27;70;38;44;22;34;49;20;52;33;35
ENSG00000114378;12;5;4;5;16;5;11;7;31;15;11;10;19;19;6;14;25;17
ENSG00000068001;31;18;20;34;14;29;43;37;115;43;54;18;56;85;36;51;37;36
ENSG00000114383;57;45;48;46;54;22;75;52;141;85;107;32;105;117;41;120;73;66
ENSG00000068028;394;228;243;230;287;263;358;286;657;359;509;238;378;484;202;490;295;363
ENSG00000004838;12;7;4;3;12;5;11;5;20;8;8;4;5;8;7;12;6;6
ENSG00000114388;143;89;85;106;103;92;122;130;283;137;208;73;113;181;83;185;111;112
ENSG00000114395;154;126;77;84;112;93;123;112;297;130;195;77;132;201;83;146;108;125
ENSG00000126062;325;272;149;207;280;223;340;307;879;470;653;250;258;433;158;362;203;212
ENSG00000007402;33;16;15;31;33;33;15;16;38;22;33;10;12;22;12;27;27;32
ENSG00000088543;12;19;16;9;14;15;22;16;37;21;25;12;13;17;9;15;19;18
ENSG00000114735;436;292;269;259;286;232;327;258;674;385;480;193;331;411;144;454;272;307
ENSG00000114737;75;40;56;58;58;84;38;39;99;48;51;22;75;88;34;94;56;52
ENSG00000114738;897;711;596;639;882;723;858;758;1878;1032;1202;524;1214;1587;660;1596;958;1012
ENSG00000088538;33;18;13;34;17;26;37;48;121;35;73;17;61;98;53;85;84;96
ENSG00000145050;49;59;38;34;38;46;96;65;139;92;162;53;47;72;23;63;51;48
ENSG00000259956;310;295;206;220;287;232;288;246;660;400;543;202;325;417;170;465;279;318
ENSG00000145041;643;452;335;391;486;391;588;430;910;440;741;298;643;793;325;951;637;714
ENSG00000164080;813;603;440;524;612;532;774;619;1491;742;1195;420;935;1108;446;1209;759;878
ENSG00000164081;116;100;95;82;137;93;143;100;282;173;220;109;140;198;57;156;128;108
ENSG00000164082;10;11;5;8;10;6;21;17;25;5;20;6;20;11;14;11;11;15
ENSG00000114767;48;42;12;31;44;37;70;49;96;48;73;29;61;59;34;61;50;46
ENSG00000041880;39;15;16;29;30;21;17;14;54;29;31;5;19;27;16;24;21;17
ENSG00000090097;20;12;13;12;23;25;10;13;28;18;21;14;11;17;5;18;9;10
ENSG00000114779;102;76;40;59;68;95;72;48;138;60;75;39;59;87;29;107;63;61
ENSG00000162244;223;163;167;169;180;217;132;117;268;194;270;83;175;210;95;279;153;178
ENSG00000164086;87;72;74;85;78;89;42;33;107;59;69;33;57;59;35;78;72;58
ENSG00000164087;31;23;25;12;22;19;19;17;70;47;37;11;45;46;15;45;29;38
ENSG00000023330;292;266;166;197;223;183;405;293;777;401;615;201;426;525;212;563;329;422
ENSG00000247596;229;221;153;177;228;206;288;223;784;388;538;216;318;476;185;442;227;278
ENSG00000164088;741;638;532;518;655;567;911;778;1875;969;1353;497;1097;1618;607;1427;849;1072
ENSG00000164091;959;813;664;735;944;740;946;595;1512;890;1358;526;1259;1415;608;1828;1100;1230
ENSG00000168237;248;196;162;120;186;140;244;229;534;249;349;163;296;330;126;310;240;191
ENSG00000114841;719;600;465;474;678;539;628;575;1384;626;865;360;688;886;330;788;643;672
ENSG00000163930;850;707;420;562;600;551;796;655;1549;854;1198;391;946;1223;438;1159;721;806
ENSG00000010318;24;26;17;13;26;22;34;29;63;25;45;9;48;33;19;54;30;52
ENSG00000010322;1912;1420;1072;1189;1322;1267;1560;1411;3740;1776;2497;986;1920;2510;968;2324;1572;1735
ENSG00000010327;2102;1558;1072;1022;1478;1262;1244;1120;2565;1527;1722;737;7875;7580;2969;6403;4214;4153
ENSG00000168268;298;234;116;154;234;144;225;206;661;320;420;183;277;373;101;284;187;225
ENSG00000168273;29;17;26;19;15;24;31;10;23;17;23;10;50;46;24;51;38;42
ENSG00000163939;809;771;504;568;679;584;730;452;1110;641;1072;370;895;1111;414;1357;876;988
ENSG00000163938;154;114;103;99;100;98;111;83;177;105;151;65;175;163;75;249;149;171
ENSG00000016864;90;90;80;72;111;110;74;56;151;89;160;64;102;131;63;162;79;104
ENSG00000114902;73;79;54;68;99;54;56;59;120;94;100;47;75;87;44;148;83;66
ENSG00000114904;259;268;182;207;262;202;419;258;544;297;494;167;409;491;168;563;377;403
ENSG00000055957;59;40;37;12;32;33;121;94;250;110;154;73;38;47;15;27;28;32
ENSG00000162267;23;14;10;10;11;7;54;55;144;71;77;21;16;25;8;20;12;14
ENSG00000213533;129;95;71;99;98;106;90;71;135;69;94;46;121;140;66;181;138;125
ENSG00000163935;153;140;97;118;131;123;157;103;244;118;188;74;198;215;105;281;154;195
ENSG00000163933;154;160;131;134;157;151;224;116;353;184;249;106;260;295;131;347;191;215
ENSG00000163932;1292;1097;853;860;1063;895;1425;1261;3376;1708;2155;922;1270;1882;693;1716;1143;1307
ENSG00000163931;695;516;521;457;682;707;450;349;944;492;639;265;665;726;338;811;509;591
ENSG00000272886;431;467;248;366;401;325;454;262;726;388;580;209;435;581;227;692;428;478
ENSG00000113812;207;138;140;121;154;171;154;109;256;150;226;91;170;221;86;262;156;216
ENSG00000113811;76;97;76;70;75;61;104;64;172;116;144;49;90;126;56;181;99;102
ENSG00000157445;28;38;21;21;24;29;31;17;44;26;24;10;8;10;7;11;10;13
ENSG00000114251;521;499;315;383;548;393;370;216;651;377;540;205;31;69;11;79;63;71
ENSG00000180376;99;82;94;77;88;103;80;41;92;66;78;39;92;99;39;174;106;124
ENSG00000163946;922;817;512;709;851;723;668;431;956;614;921;333;880;979;426;1455;929;1099
ENSG00000163947;327;177;217;187;259;251;250;170;371;181;302;135;189;249;118;363;229;233
ENSG00000157500;428;410;348;398;444;341;386;246;522;303;579;188;501;519;212;858;534;546
ENSG00000174840;153;166;118;114;166;197;171;119;267;146;238;94;238;240;107;323;230;236
ENSG00000168374;273;310;186;229;319;218;275;167;398;272;410;159;297;334;167;489;340;329
ENSG00000174839;515;463;353;361;391;362;326;223;568;276;474;187;415;433;212;676;366;419
ENSG00000163681;608;523;402;458;536;474;471;350;828;444;650;234;488;604;280;849;594;624
ENSG00000136068;2063;2016;1612;1742;1895;1628;3506;2981;7800;4108;6315;2162;1427;2326;917;2453;1447;1758
ENSG00000163686;159;129;90;100;90;87;98;84;220;135;204;56;108;170;64;153;114;125
ENSG00000163684;73;68;69;89;72;83;92;46;151;97;118;44;89;103;48;143;84;105
ENSG00000168297;536;533;340;405;410;387;540;365;812;466;699;292;655;804;351;1039;655;773
ENSG00000168291;119;170;117;139;150;125;140;93;212;112;223;81;179;233;80;280;194;199
ENSG00000168301;35;47;22;26;31;22;28;13;31;19;35;13;45;54;16;62;54;37
ENSG00000189283;24;24;10;17;19;11;8;3;18;16;11;8;19;13;5;23;17;30
ENSG00000163634;44;56;32;43;46;60;41;33;67;36;71;22;44;58;29;80;48;50
ENSG00000163635;1147;929;683;831;907;825;921;622;1606;825;1228;433;1171;1339;616;1694;1053;1220
ENSG00000163636;116;137;80;102;142;104;120;114;223;126;199;42;124;190;86;192;170;168
ENSG00000144741;109;92;74;78;88;90;125;70;133;72;117;53;112;143;64;193;98;102
ENSG00000144749;138;89;99;91;99;90;123;92;243;118;147;74;109;117;42;127;79;87
ENSG00000163376;31;43;41;41;30;25;41;16;40;31;44;14;55;70;27;84;42;80
ENSG00000172340;143;143;121;144;162;131;144;87;173;111;181;69;124;186;75;236;152;168
ENSG00000163378;79;53;54;56;57;46;64;44;84;47;60;16;81;79;38;119;61;66
ENSG00000144747;873;806;593;654;765;588;736;499;1097;724;1066;339;768;1064;407;1371;847;1007
ENSG00000144744;442;400;319;319;369;328;371;246;461;326;508;192;415;454;215;709;463;468
ENSG00000144746;624;651;459;606;824;626;840;562;1449;937;1420;494;786;1130;439;1435;729;832
ENSG00000114541;109;54;81;61;66;68;59;54;87;56;61;26;127;109;39;140;107;115
ENSG00000187098;221;163;143;122;179;129;345;274;512;261;402;128;374;516;212;683;408;433
ENSG00000114861;256;203;193;179;215;204;160;122;253;121;224;81;192;205;112;337;271;205
ENSG00000163412;188;137;131;151;158;131;105;75;184;96;126;50;140;162;73;202;153;149
ENSG00000163602;855;744;498;561;744;653;831;606;1179;728;1036;409;785;995;382;1304;751;854
ENSG00000144736;76;70;57;78;83;76;93;64;155;72;154;59;90;89;46;144;93;137
ENSG00000163605;644;618;432;526;573;442;495;344;677;415;793;258;471;633;235;970;624;646
ENSG00000255423;253;191;143;159;205;162;187;147;273;148;268;112;168;225;95;286;177;211
ENSG00000227124;47;47;32;31;45;40;39;26;53;30;61;16;57;55;22;68;64;76
ENSG00000114480;1274;1296;990;1157;1296;1072;1485;1059;1970;1326;2348;728;1643;1760;775;2536;1515;1573
ENSG00000083937;148;131;87;122;120;82;90;45;121;64;120;54;105;154;55;192;89;134
ENSG00000163320;852;798;583;653;718;613;628;411;837;541;974;360;773;882;403;1254;850;938
ENSG00000175105;651;626;514;469;541;520;593;341;747;472;831;291;594;718;314;1055;645;762
ENSG00000179021;120;98;86;108;127;90;111;64;150;81;140;67;156;155;54;224;139;135
ENSG00000169379;65;60;41;41;40;36;53;34;59;56;68;24;51;95;35;111;57;57
ENSG00000178700;35;33;42;31;38;34;47;24;53;37;48;16;45;44;12;46;41;26
ENSG00000178694;211;187;144;162;150;151;170;109;221;139;237;70;174;209;87;322;232;234
ENSG00000113966;10;9;13;9;19;19;17;5;11;13;13;2;11;8;4;17;17;12
ENSG00000080200;719;708;502;654;653;557;732;507;979;598;1005;347;743;908;358;1251;724;887
ENSG00000170854;38;32;39;24;43;30;28;17;24;27;34;11;41;48;21;92;50;62
ENSG00000080822;471;465;334;396;434;397;459;326;687;433;646;204;503;555;231;769;510;561
ENSG00000080819;190;159;138;168;131;137;226;121;319;199;282;99;254;277;111;351;208;223
ENSG00000064225;114;92;45;71;83;60;157;97;185;135;170;66;408;365;155;561;334;392
ENSG00000057019;13;13;10;6;12;14;13;4;14;8;19;2;27;18;6;28;19;25
ENSG00000168386;13;16;11;5;10;5;21;7;34;21;30;16;33;42;23;44;38;31
ENSG00000036054;582;625;465;498;542;456;509;362;724;434;844;293;610;720;290;1086;737;753
ENSG00000114021;98;50;61;40;68;68;75;54;100;63;83;30;98;81;38;135;79;101
ENSG00000154174;211;216;133;156;200;175;189;94;226;159;230;95;164;242;92;335;175;196
ENSG00000181458;72;86;41;57;56;61;101;58;95;79;108;49;25;39;27;44;32;23
ENSG00000114354;328;360;245;305;306;295;324;251;515;311;478;175;339;400;184;603;387;440
ENSG00000081148;70;39;22;38;21;29;26;15;47;13;35;15;38;41;16;57;43;39
ENSG00000138468;439;348;283;295;325;353;308;176;394;213;432;146;333;404;178;602;409;410
ENSG00000174173;43;39;30;34;38;34;35;20;35;31;53;18;43;48;23;84;39;58
ENSG00000081154;379;384;261;314;360;293;294;148;375;294;442;151;377;419;159;708;395;413
ENSG00000066422;420;310;291;299;370;256;343;221;465;273;436;137;384;460;194;649;413;454
ENSG00000114391;267;241;192;232;304;258;240;184;431;304;423;158;334;439;172;506;279;364
ENSG00000182504;125;102;80;89;94;97;88;46;127;68;125;60;94;88;38;166;104;108
ENSG00000144815;207;192;168;203;216;217;170;120;261;174;253;95;217;291;106;381;239;234
ENSG00000144802;3349;2587;1937;2027;2315;2235;2983;2034;4066;2470;3675;1312;3916;5356;2330;6601;4167;5053
ENSG00000170017;206;262;177;189;243;143;375;222;553;327;613;178;958;1243;493;1435;873;980
ENSG00000114423;653;551;433;465;496;473;606;419;966;536;779;272;814;1066;416;1376;863;993
ENSG00000114439;550;501;397;476;542;501;599;397;796;533;793;290;518;684;303;852;606;616
ENSG00000196776;693;581;451;535;595;569;503;286;616;386;664;237;751;784;347;1188;835;838
ENSG00000114446;29;20;14;21;18;12;13;15;33;24;15;9;24;28;14;28;31;31
ENSG00000163507;18;15;7;9;15;11;17;11;13;9;16;3;27;15;7;27;15;23
ENSG00000198919;41;45;39;41;26;64;26;14;49;31;36;17;33;40;29;65;39;59
ENSG00000163519;21;17;17;17;24;36;7;6;7;7;11;5;8;11;5;15;10;18
ENSG00000153283;227;124;160;166;174;133;90;52;157;78;129;44;144;106;69;170;132;111
ENSG00000240891;78;43;44;48;50;56;31;22;47;31;56;29;40;35;20;64;42;27
ENSG00000144824;34;15;28;23;17;17;12;8;17;14;20;9;41;25;14;29;29;37
ENSG00000144827;70;83;43;64;72;39;41;27;71;55;71;37;80;98;41;146;81;85
ENSG00000174500;12;25;16;14;17;22;18;21;33;22;33;17;19;13;4;24;20;16
ENSG00000091972;9;8;6;11;20;19;35;20;42;38;37;13;19;19;11;23;29;17
ENSG00000144848;413;361;299;265;367;316;316;217;508;309;444;146;450;516;201;721;434;477
ENSG00000138459;152;184;97;119;162;118;156;86;199;131;191;74;190;280;94;290;208;217
ENSG00000163607;28;19;14;14;11;20;21;16;31;14;18;11;25;30;19;41;38;19
ENSG00000163608;440;406;294;331;378;335;413;241;486;322;513;208;374;445;195;696;486;464
ENSG00000206530;150;107;81;97;105;127;92;77;135;65;168;37;128;114;58;161;123;125
ENSG00000285943;36;21;17;14;16;14;18;16;35;19;28;19;30;20;11;27;17;18
ENSG00000163611;83;68;39;48;63;55;49;37;61;43;93;34;76;101;30;108;73;83
ENSG00000072858;118;66;56;74;70;103;48;28;77;39;47;26;85;43;28;71;40;53
ENSG00000176542;683;718;457;513;738;577;761;421;1047;607;923;328;641;855;350;1236;717;759
ENSG00000121579;962;855;572;658;732;672;714;485;1006;644;1114;386;862;985;416;1438;931;1000
ENSG00000114573;516;505;329;363;464;459;581;308;733;530;881;245;663;807;303;1210;661;672
ENSG00000178075;17;18;16;7;17;11;10;5;8;9;10;8;18;12;6;18;25;15
ENSG00000184307;29;12;12;10;19;15;21;8;12;18;22;3;19;16;10;14;16;25
ENSG00000163617;86;79;52;47;40;68;83;54;110;59;84;27;55;88;38;89;68;73
ENSG00000151576;367;318;208;239;275;215;351;261;593;321;481;167;382;521;190;575;347;448
ENSG00000181847;52;38;58;39;32;47;36;17;39;16;28;15;39;35;18;29;34;30
ENSG00000181722;539;447;313;383;468;387;403;314;613;330;511;205;572;591;332;853;566;662
ENSG00000121578;83;72;39;53;66;52;56;34;84;52;73;27;82;80;47;106;56;56
ENSG00000031081;837;840;586;573;813;622;1348;883;2620;1413;1883;710;753;1345;471;1541;807;1023
ENSG00000176142;344;262;186;199;251;247;336;216;505;293;408;143;309;372;166;475;294;339
ENSG00000163389;118;102;69;93;73;78;151;98;185;116;174;60;158;167;76;211;169;156
ENSG00000113845;149;140;96;107;134;119;135;83;212;150;205;82;199;187;68;233;129;152
ENSG00000144843;31;23;16;36;21;28;44;21;48;20;40;8;49;38;21;66;35;59
ENSG00000121577;22;22;18;18;23;17;16;16;38;15;15;5;30;24;12;44;13;23
ENSG00000138495;50;46;27;42;38;31;30;33;64;31;63;27;37;76;28;85;49;62
ENSG00000082701;708;624;430;463;566;507;571;397;914;560;794;294;588;704;311;937;570;660
ENSG00000163428;234;202;162;120;185;157;158;93;213;120;217;68;207;258;102;393;247;266
ENSG00000065518;120;114;94;95;96;88;97;64;145;133;177;53;100;110;40;147;90;98
ENSG00000113924;28;10;20;13;16;13;12;15;24;10;17;8;24;18;10;25;17;15
ENSG00000144840;192;157;132;115;149;131;140;91;205;123;177;54;161;201;78;308;177;209
ENSG00000153767;136;131;79;107;120;101;120;97;244;123;192;80;163;219;84;269;159;173
ENSG00000180353;1809;1543;1157;1353;1658;1384;1875;1672;3797;2144;2959;1200;2461;3243;1220;3431;1725;2017
ENSG00000173230;1407;1270;839;1058;1289;1166;1364;889;1896;1202;1846;641;1400;1688;715;2228;1404;1600
ENSG00000173226;145;119;107;95;109;83;123;67;165;83;110;63;116;157;65;211;187;194
ENSG00000145088;58;35;33;34;45;43;45;33;72;41;56;28;66;79;32;125;62;88
ENSG00000163406;168;121;104;120;151;137;130;91;183;95;148;53;224;217;94;324;247;254
ENSG00000114013;1470;1514;957;1181;1588;1229;1040;738;2084;1150;2135;794;1029;1491;674;1741;1136;1435
ENSG00000121552;42;37;37;38;34;35;36;35;52;47;50;16;37;40;8;67;41;41
ENSG00000160124;16;14;13;15;14;3;10;14;17;11;14;7;18;18;7;17;16;15
ENSG00000114023;302;240;177;207;235;202;351;230;406;240;447;163;260;345;143;420;264;280
ENSG00000196981;61;56;41;52;41;49;63;41;74;45;74;23;73;85;29;117;62;87
ENSG00000114030;545;452;347;394;460;430;456;306;651;361;636;227;523;678;252;823;641;662
ENSG00000138496;151;82;97;114;103;138;84;43;106;60;83;33;130;138;47;180;135;137
ENSG00000163840;283;266;230;217;284;295;236;149;364;228;357;133;275;321;147;436;269;351
ENSG00000173200;183;97;127;105;135;149;57;42;80;53;53;23;88;91;40;130;105;93
ENSG00000173193;1172;879;806;845;987;837;988;699;1438;779;1297;482;840;995;410;1428;914;1020
ENSG00000169087;97;74;52;61;59;57;61;69;79;46;76;29;93;115;56;173;85;123
ENSG00000138463;323;245;162;190;246;276;199;131;292;202;294;114;286;332;154;520;343;372
ENSG00000065485;16;12;16;14;27;18;13;16;25;23;20;11;15;25;11;17;16;25
ENSG00000121542;71;76;61;60;64;69;77;46;91;45;81;40;71;113;32;124;98;117
ENSG00000206527;201;169;133;135;159;141;168;84;210;142;232;84;225;290;97;411;227;267
ENSG00000065534;18;9;11;13;10;19;22;11;26;14;17;8;20;24;14;18;8;18
ENSG00000175455;312;251;234;211;225;227;230;154;257;148;327;111;255;264;129;424;291;361
ENSG00000114491;95;89;79;87;92;84;90;61;157;84;119;56;113;180;59;177;104;125
ENSG00000082781;39;21;21;36;47;41;16;18;54;13;47;23;62;60;28;102;45;58
ENSG00000173706;197;178;134;155;161;174;209;136;315;196;259;73;207;237;76;319;138;224
ENSG00000221955;9;25;7;27;20;29;37;27;55;54;54;21;44;23;21;43;23;37
ENSG00000163848;799;760;531;553;702;657;691;489;979;611;1002;363;751;873;353;1278;808;754
ENSG00000114520;111;123;105;86;98;102;94;64;134;82;153;44;132;132;48;184;118;152
ENSG00000144909;543;513;372;429;544;457;511;325;798;484;777;246;679;896;343;1139;688;770
ENSG00000114544;85;64;47;58;57;48;74;57;131;70;102;35;75;103;42;91;83;60
ENSG00000070476;491;418;294;305;347;345;423;323;846;471;648;238;604;577;227;675;403;446
ENSG00000114554;204;191;114;149;175;133;385;373;1084;483;538;228;280;467;130;400;268;304
ENSG00000163870;470;382;237;253;343;294;451;438;1172;610;723;325;456;607;212;570;364;364
ENSG00000073111;25;20;11;16;16;16;17;15;44;22;40;7;30;23;9;27;15;16
ENSG00000114626;702;673;432;461;542;495;625;590;1678;871;1035;431;641;833;389;743;459;569
ENSG00000074416;137;107;85;101;121;98;362;279;639;344;401;176;155;312;112;251;163;203
ENSG00000058262;975;884;691;774;915;809;1360;900;2355;1474;1768;673;1199;1678;665;1827;1065;1206
ENSG00000175792;23;16;21;13;18;17;9;13;21;16;22;10;8;26;10;28;18;13
ENSG00000132394;82;57;55;46;58;58;68;67;143;78;83;38;89;98;36;106;72;86
ENSG00000179348;107;58;57;51;57;74;96;81;301;119;117;65;76;65;18;59;42;43
ENSG00000163902;440;484;391;381;444;403;603;472;1152;722;995;309;617;857;335;869;514;659
ENSG00000075785;1344;1292;856;908;1187;961;1454;1008;2914;1681;2021;751;1514;2073;792;2150;1336;1505
ENSG00000177646;428;345;256;283;307;260;339;300;737;382;498;211;424;544;242;571;404;427
ENSG00000172780;22;38;19;10;34;29;16;32;85;42;50;16;30;40;19;35;20;16
ENSG00000240682;105;102;71;52;84;98;97;92;181;106;140;48;93;151;54;147;84;96
ENSG00000169714;729;762;574;680;811;689;846;536;1303;836;1236;433;1008;1294;469;1455;877;938
ENSG00000181789;761;626;440;509;590;542;809;616;1549;886;1290;461;812;1113;461;1112;633;743
ENSG00000183624;128;121;81;108;146;138;165;103;256;150;217;83;146;218;99;231;132;138
ENSG00000184897;650;583;402;392;505;432;889;849;1872;1402;1167;518;642;1037;436;938;485;567
ENSG00000172771;20;16;7;18;8;10;23;21;42;17;25;12;20;29;6;22;19;17
ENSG00000163913;277;207;160;183;234;177;311;181;541;266;363;147;340;473;170;470;303;356
ENSG00000129071;437;331;221;299;301;257;268;230;419;239;451;148;333;347;163;565;303;374
ENSG00000004399;2737;2404;1572;1711;2496;1933;4097;3508;10366;5165;6070;2571;2872;4478;1407;3688;2205;2316
ENSG00000172765;246;270;169;168;223;222;273;174;449;221;335;142;274;316;144;439;232;301
ENSG00000196455;351;265;182;244;297;246;252;162;409;258;375;151;301;360;162;524;296;362
ENSG00000017260;772;716;552;655;826;648;733;503;1057;672;1124;427;684;778;349;1159;630;736
ENSG00000034533;41;33;43;36;38;35;29;23;68;25;48;14;65;69;24;71;65;58
ENSG00000114670;33;23;18;11;19;25;13;10;22;20;25;7;19;27;11;35;12;13
ENSG00000198585;110;108;99;81;99;99;89;70;124;84;96;50;181;172;73;206;161;146
ENSG00000114686;78;56;56;49;44;58;46;21;70;53;74;16;67;81;38;92;59;63
ENSG00000014257;56;57;55;38;38;51;14;14;27;19;30;14;116;115;40;161;118;94
ENSG00000138246;1103;1010;768;842;1008;857;866;537;1207;690;1138;434;1075;1234;502;1808;1137;1306
ENSG00000240303;17;15;11;8;18;9;25;14;61;15;31;18;18;28;14;26;25;22
ENSG00000081307;109;89;63;76;89;81;94;73;111;90;162;46;94;115;51;167;109;107
ENSG00000113971;141;114;102;65;91;113;86;66;139;74;130;37;96;104;49;142;125;107
ENSG00000091527;1067;1038;816;1001;1070;907;1049;681;1539;1023;1545;483;1277;1665;667;2251;1253;1394
ENSG00000163781;437;381;259;325;371;325;360;215;528;284;476;168;408;465;206;710;471;486
ENSG00000144867;22;32;37;22;25;28;32;19;38;24;37;15;39;35;19;63;24;29
ENSG00000163785;243;228;141;147;195;208;171;115;243;158;228;82;188;253;109;335;255;287
ENSG00000129055;50;45;37;49;45;25;43;29;67;39;65;29;74;69;35;110;58;69
ENSG00000182923;128;115;91;71;116;81;91;55;154;91;103;49;100;135;49;186;124;145
ENSG00000073711;32;33;24;24;29;10;15;11;21;13;23;10;19;34;6;23;19;21
ENSG00000174579;706;508;429;514;565;521;510;402;947;569;800;310;657;839;353;1035;604;692
ENSG00000114054;68;39;34;39;36;34;41;36;93;37;64;35;88;69;27;74;67;61
ENSG00000118007;1002;871;721;736;861;694;885;556;1223;658;1152;395;912;1143;467;1565;959;1040
ENSG00000158092;180;161;149;140;180;137;174;124;256;149;212;78;187;214;96;310;168;197
ENSG00000174564;34;37;41;35;45;19;43;29;66;21;60;22;48;44;24;69;39;46
ENSG00000158163;112;61;61;55;63;62;47;37;104;46;46;32;120;157;62;158;113;116
ENSG00000138231;112;91;81;76;109;86;100;62;172;95;148;64;117;152;70;207;99;116
ENSG00000114098;427;363;235;283;342;330;316;199;440;256;436;139;407;490;207;630;443;516
ENSG00000158186;109;145;84;92;140;120;129;80;197;119;141;44;208;248;94;331;172;174
ENSG00000114107;22;17;8;14;6;15;10;8;13;6;13;6;10;11;5;12;18;14
ENSG00000051382;3327;3386;2424;2969;3135;2773;4249;2958;6001;3478;6079;2163;4203;4637;2112;6275;3908;4202
ENSG00000175110;113;121;72;87;80;100;96;85;134;97;180;62;134;144;56;236;115;143
ENSG00000184432;568;476;398;421;590;445;506;383;834;499;859;279;604;816;319;1017;609;664
ENSG00000163864;9;8;11;3;13;7;15;14;9;12;8;6;25;26;11;17;12;14
ENSG00000114120;506;480;388;487;491;460;468;359;611;352;652;224;356;415;179;650;421;503
ENSG00000155893;27;29;30;25;18;38;24;27;47;23;31;16;32;11;8;22;18;14
ENSG00000177311;232;210;174;174;247;169;205;118;314;222;283;97;239;278;86;338;217;257
ENSG00000155903;648;562;459;510;643;540;399;315;568;361;624;210;430;459;189;875;516;562
ENSG00000114125;145;139;106;103;109;133;125;87;237;137;215;92;157;218;76;264;176;172
ENSG00000114124;8;10;13;8;10;17;5;11;20;14;19;8;28;21;10;30;13;20
ENSG00000069849;420;464;290;290;482;335;408;289;682;422;635;233;448;541;197;717;490;468
ENSG00000114126;97;89;51;85;92;73;28;31;87;48;69;26;52;63;39;101;91;92
ENSG00000175066;555;440;303;341;514;419;214;173;397;228;406;123;238;251;141;454;293;314
ENSG00000114127;1380;1198;926;1054;1195;1022;975;600;1329;837;1393;477;1098;1339;574;1936;1236;1346
ENSG00000175054;371;273;219;226;268;224;232;144;291;167;255;95;365;390;172;520;402;435
ENSG00000144935;36;20;19;22;12;26;10;16;14;18;19;11;18;20;15;24;13;12
ENSG00000163710;18;24;16;15;16;11;6;9;24;6;18;9;17;16;9;32;9;22
ENSG00000163714;1215;1040;837;936;994;929;873;573;1157;650;1219;470;974;1122;439;1775;1103;1201
ENSG00000175040;172;132;109;131;174;135;99;92;306;165;198;63;104;131;42;151;102;93
ENSG00000181804;166;101;91;113;146;114;256;164;337;145;284;122;171;194;75;191;161;132
ENSG00000181744;207;229;151;185;233;198;234;169;402;229;337;126;319;390;165;421;237;320
ENSG00000152952;607;605;438;632;666;548;315;214;471;375;607;207;175;185;100;294;199;232
ENSG00000188313;735;685;468;607;776;563;545;385;945;563;907;323;492;732;270;1025;630;662
ENSG00000163754;48;43;55;38;51;38;38;25;62;44;47;24;71;74;31;111;78;70
ENSG00000071794;110;48;49;74;69;65;62;30;64;27;65;27;68;59;29;93;69;71
ENSG00000163755;262;251;219;183;215;220;222;164;301;155;341;114;214;225;83;289;230;218
ENSG00000114744;40;38;59;34;40;30;47;27;75;49;60;22;48;57;30;94;50;60
ENSG00000082996;1000;888;672;679;927;787;893;717;1459;960;1344;431;1053;1226;513;1656;950;1178
ENSG00000196428;615;514;358;369;548;416;574;357;1175;646;793;265;536;740;252;736;467;575
ENSG00000120742;350;371;283;365;414;380;391;247;596;420;600;195;450;602;223;794;415;515
ENSG00000144895;202;196;145;179;244;213;191;104;274;205;271;102;247;292;98;361;240;262
ENSG00000198843;219;233;143;178;208;175;202;103;271;212;257;105;276;303;121;406;248;310
ENSG00000181788;82;103;71;108;95;72;123;88;179;119;138;64;106;113;56;154;85;107
ENSG00000144893;16;13;24;14;35;25;20;12;36;16;26;9;20;20;13;27;17;26
ENSG00000181631;66;39;60;44;60;78;16;8;8;6;10;6;14;20;12;41;39;32
ENSG00000169313;18;21;12;18;23;10;12;10;14;8;27;6;35;25;10;26;14;10
ENSG00000152580;14;12;10;10;13;13;31;10;32;26;34;5;50;52;16;81;46;66
ENSG00000152601;2804;2382;1959;2017;2419;2172;2411;1603;3301;1913;2894;1089;3513;3846;1707;5207;3549;3775
ENSG00000169860;140;191;106;118;174;137;120;93;218;125;205;64;53;82;28;93;67;104
ENSG00000181467;543;426;334;378;460;400;419;270;591;397;555;210;615;668;276;1065;613;631
ENSG00000174953;472;413;326;346;412;358;383;231;446;307;516;200;444;499;220;791;535;570
ENSG00000196549;13;21;14;24;21;11;30;18;21;12;29;9;17;20;11;33;10;24
ENSG00000169359;114;86;71;80;75;65;74;45;87;67;107;45;64;76;30;114;76;84
ENSG00000163655;264;220;162;165;242;179;203;121;268;161;250;87;200;217;97;339;200;233
ENSG00000114850;298;316;235;258;264;264;313;154;379;238;429;147;335;403;172;636;358;409
ENSG00000163659;2962;2947;1982;2117;2486;2212;2824;1907;4062;2515;3717;1360;3397;4378;1896;6419;3791;4399
ENSG00000197980;40;26;27;28;28;19;33;27;48;38;54;17;35;53;18;58;24;40
ENSG00000163660;2629;2252;1722;1910;2168;1949;2012;1434;2855;1686;2816;1007;3059;3596;1568;5503;3537;3845
ENSG00000174891;225;160;169;152;202;143;178;131;265;173;264;97;204;248;96;327;207;257
ENSG00000168827;166;121;121;115;145;155;137;75;173;115;206;64;179;205;96;272;199;190
ENSG00000079257;24;13;16;15;16;6;9;11;21;10;24;9;17;14;4;31;6;16
ENSG00000118855;533;598;420;492;590;453;466;285;662;473;717;242;640;782;297;1140;646;743
ENSG00000068885;49;38;33;34;41;40;36;20;40;24;38;15;32;22;13;46;48;38
ENSG00000113810;283;239;158;236;224;212;217;180;354;205;296;132;256;315;134;448;336;284
ENSG00000213186;18;29;21;22;22;31;22;6;18;11;31;10;38;25;18;50;37;39
ENSG00000186432;616;524;390;391;477;478;520;320;741;446;670;290;594;773;287;1016;653;807
ENSG00000163590;142;97;100;73;110;115;83;50;117;51;101;40;107;157;46;169;109;128
ENSG00000169251;191;185;135;130;159;141;153;121;220;134;230;69;189;239;105;333;216;234
ENSG00000114209;329;299;218;248;254;250;284;182;393;223;339;115;297;318;133;442;285;311
ENSG00000173905;108;73;81;63;95;78;125;83;179;106;128;52;130;162;57;210;110;134
ENSG00000085274;195;156;97;121;139;137;120;82;178;108;145;59;173;186;78;319;184;213
ENSG00000114248;35;51;13;22;33;32;25;9;29;16;23;7;28;42;17;48;45;37
ENSG00000008952;892;1047;677;787;1035;834;850;554;1229;905;1356;432;827;1165;443;1577;923;1104
ENSG00000173890;112;128;73;127;122;90;54;33;101;88;126;34;37;54;18;74;55;60
ENSG00000173889;1862;1747;1355;1405;1594;1358;1541;1021;2185;1261;2102;684;1795;2025;939;2795;1967;2061
ENSG00000163558;185;192;157;157;150;169;156;93;257;140;221;83;190;268;92;361;210;239
ENSG00000136603;2801;2713;1845;2174;2732;2146;2260;1464;3302;1898;3517;1288;2138;2968;1117;4250;2671;3047
ENSG00000163584;35;28;15;17;23;25;32;14;38;34;33;12;22;38;19;59;36;50
ENSG00000154310;1132;918;802;790;938;898;1329;919;2022;1077;1513;597;619;907;342;1153;720;813
ENSG00000075651;1202;969;720;808;989;824;1082;722;1440;866;1181;460;332;530;201;676;398;451
ENSG00000075420;5094;4640;3331;3786;4412;4067;5457;4073;9216;5096;7557;2859;2795;3989;1562;5078;2957;3565
ENSG00000121858;77;38;70;58;49;50;12;13;15;13;22;7;31;16;10;36;33;55
ENSG00000144959;237;288;157;178;298;178;340;234;538;402;473;149;476;579;224;729;441;470
ENSG00000114346;52;65;51;37;40;36;83;42;73;43;90;36;99;113;47;157;100;89
ENSG00000177565;1169;1139;934;919;979;970;1121;670;1361;814;1348;543;1412;1675;747;2588;1594;1644
ENSG00000172667;144;131;103;142;132;158;150;79;198;111;169;71;191;214;76;297;194;182
ENSG00000121879;448;392;337;348;414;310;362;218;442;291;473;171;367;420;187;700;448;503
ENSG00000171121;58;40;30;39;49;36;30;19;57;28;25;13;39;52;22;73;48;47
ENSG00000121864;99;75;68;73;84;90;76;49;111;48;113;40;68;115;53;134;90;97
ENSG00000171109;354;247;222;248;210;216;228;153;342;178;314;121;308;322;134;468;316;308
ENSG00000114450;419;406;338;364;436;363;410;228;523;351;513;189;490;573;229;835;431;549
ENSG00000136518;76;43;38;40;70;50;51;30;81;66;88;39;75;77;38;121;74;92
ENSG00000136522;27;30;19;15;32;24;22;12;23;15;35;8;23;27;11;66;22;29
ENSG00000136521;43;42;23;37;46;34;29;15;49;30;40;12;31;46;22;71;61;43
ENSG00000058056;34;18;20;24;31;26;37;22;59;22;52;17;16;11;6;17;16;13
ENSG00000163728;607;464;374;412;521;432;366;228;499;301;510;189;458;510;212;670;566;597
ENSG00000114416;621;552;427;448;555;451;591;328;772;477;726;274;544;637;260;880;571;603
ENSG00000205981;30;39;36;33;27;41;28;20;32;20;38;10;32;47;18;73;30;58
ENSG00000058063;1098;961;763;860;1041;892;955;647;1292;796;1347;438;1041;1185;516;1777;1246;1229
ENSG00000043093;294;276;205;185;291;193;249;128;327;163;325;118;259;317;132;451;324;353
ENSG00000078070;192;157;118;121;138;137;139;130;244;157;204;90;216;265;93;322;215;220
ENSG00000078081;239;187;120;126;269;140;513;301;888;510;588;257;311;354;126;335;335;274
ENSG00000176597;108;110;51;96;120;77;101;69;153;90;167;54;175;186;80;277;134;164
ENSG00000172578;197;170;169;151;209;216;227;193;290;196;274;89;351;351;158;451;266;303
ENSG00000114796;865;882;593;676;803;672;745;476;1064;627;983;404;830;924;394;1296;773;866
ENSG00000163872;1494;1366;1056;1283;1240;1175;1666;1210;2647;1446;2234;795;1286;1578;683;1916;1137;1343
ENSG00000175193;79;58;57;48;58;53;84;79;134;57;119;48;121;134;50;157;105;143
ENSG00000114770;255;170;175;167;183;167;172;117;278;138;207;79;275;271;124;283;251;245
ENSG00000145191;366;321;293;313;349;293;410;259;704;368;493;218;480;544;230;644;448;534
ENSG00000161202;704;665;402;507;711;584;707;578;1755;871;1082;414;739;1028;371;1007;620;721
ENSG00000161203;718;744;558;602;814;613;960;696;1888;1032;1349;532;908;1358;484;1303;686;873
ENSG00000161204;551;428;325;380;438;380;555;513;1215;564;881;337;650;766;270;727;422;478
ENSG00000214160;52;30;49;12;37;32;42;32;70;64;51;21;56;52;16;44;29;59
ENSG00000175166;673;593;460;503;580;532;717;516;1328;734;1049;396;803;979;437;1083;603;759
ENSG00000114867;1392;1166;938;980;1248;1146;1565;1298;3112;1727;2230;818;1869;2330;891;2484;1401;1579
ENSG00000175182;275;214;184;179;241;210;256;248;577;292;487;173;343;438;150;400;255;305
ENSG00000114859;34;21;23;19;14;23;20;26;58;25;23;19;24;33;9;14;21;23
ENSG00000163882;162;130;106;117;115;96;135;109;285;162;261;90;203;184;84;212;131;140
ENSG00000156931;1778;1663;1202;1370;1464;1307;1163;801;1618;857;1508;594;1291;1459;649;2165;1411;1547
ENSG00000073803;44;33;34;30;43;27;45;26;63;51;53;37;44;38;21;65;37;40
ENSG00000163900;103;99;71;80;105;63;90;57;174;74;126;53;100;118;44;184;78;92
ENSG00000163904;242;243;188;178;235;196;208;145;320;204;323;124;233;332;138;387;247;252
ENSG00000073792;297;260;241;193;262;211;260;225;507;275;383;146;251;359;138;371;264;280
ENSG00000136527;969;773;673;687;827;709;787;546;1111;624;1159;412;972;1223;480;1692;1126;1132
ENSG00000244405;21;11;11;12;17;17;6;10;32;10;16;4;9;20;13;18;6;14
ENSG00000058866;37;11;24;29;16;23;18;6;11;10;12;2;14;11;3;24;24;25
ENSG00000213139;34;18;12;8;21;21;18;27;21;27;27;8;20;37;19;58;20;43
ENSG00000113838;75;64;35;41;52;57;58;53;88;50;81;28;82;77;38;134;69;86
ENSG00000090520;89;81;66;89;118;84;149;114;217;116;240;71;135;157;72;201;121;112
ENSG00000156976;1267;1112;877;948;1202;1009;1227;807;1727;1195;1855;670;1491;1810;741;2277;1347;1605
ENSG00000163918;10;7;3;15;15;8;7;6;14;11;13;4;11;21;8;16;17;12
ENSG00000073849;320;262;263;247;272;292;141;85;223;128;195;68;183;192;106;279;226;207
ENSG00000113916;823;721;565;576;749;591;683;522;1302;737;1034;369;1268;1545;607;1608;1081;1168
ENSG00000145012;1708;1620;1237;1343;1485;1435;1447;988;2365;1317;2004;704;1353;1738;804;2493;1556;1751
ENSG00000188001;100;85;67;65;90;51;43;31;86;29;61;21;174;169;72;207;152;167
ENSG00000196083;366;399;307;329;400;343;358;240;604;398;656;204;393;464;192;650;389;395
ENSG00000152492;128;77;95;95;109;126;86;73;149;83;140;64;103;116;47;176;150;138
ENSG00000180611;152;137;130;116;168;153;172;142;315;206;275;90;154;245;117;310;195;165
ENSG00000198836;716;575;496;561;607;552;568;354;808;489;806;252;679;730;361;1026;665;777
ENSG00000114315;31;20;15;14;25;38;30;22;33;24;29;16;11;17;3;7;7;10
ENSG00000178732;45;36;23;24;24;28;41;19;52;22;41;22;26;39;24;43;26;17
ENSG00000133657;8647;9233;6338;7191;9477;7254;7203;5205;10880;6461;11674;3712;5577;8132;3216;11953;7536;7887
ENSG00000145014;65;56;27;39;52;43;36;34;98;55;67;27;16;32;15;25;20;29
ENSG00000041802;181;164;123;129;188;125;138;122;288;147;232;85;226;296;106;353;181;284
ENSG00000185112;75;69;42;22;42;40;41;30;82;48;61;34;37;55;31;59;25;31
ENSG00000173950;30;31;18;26;21;44;13;9;36;20;16;14;22;29;9;31;18;19
ENSG00000114331;1260;1150;837;926;1001;1013;970;649;1314;779;1393;457;1026;1174;547;1940;1292;1289
ENSG00000184203;385;330;235;319;340;262;282;175;445;285;405;143;351;375;184;635;396;369
ENSG00000176945;92;84;35;53;55;42;73;36;174;86;83;41;63;80;42;113;63;71
ENSG00000061938;504;394;378;295;398;413;319;306;817;383;524;207;367;438;156;422;295;313
ENSG00000072274;1317;1108;886;1085;1112;985;966;720;1374;783;1323;497;1057;1234;527;1612;1051;1114
ENSG00000161217;614;481;437;375;496;442;558;369;881;530;702;254;594;763;302;912;602;603
ENSG00000145107;24;20;13;14;10;20;15;8;25;16;28;5;4;14;6;14;11;10
ENSG00000163960;1293;1284;864;1189;1172;1031;1245;824;1847;1082;1761;609;1314;1617;635;2108;1362;1475
ENSG00000163961;497;469;411;392;479;409;479;384;921;511;714;320;578;673;304;828;504;520
ENSG00000185798;51;58;26;29;48;39;48;34;83;46;63;25;62;89;24;81;49;44
ENSG00000174013;51;61;42;42;54;52;61;36;58;48;83;26;58;73;32;73;45;73
ENSG00000174004;90;71;86;92;113;114;99;54;119;74;103;41;189;181;79;187;180;130
ENSG00000163964;27;24;21;19;28;25;20;12;34;24;35;9;25;28;13;58;29;26
ENSG00000180370;1057;1009;817;891;1176;832;1057;660;1665;959;1558;537;1045;1487;630;2064;1287;1334
ENSG00000119231;677;572;404;510;475;493;509;416;919;478;782;312;631;732;326;1017;602;692
ENSG00000114503;202;217;138;149;194;173;201;116;303;215;267;95;242;284;132;384;198;249
ENSG00000270170;17;23;18;15;42;28;25;32;52;35;40;11;29;42;10;31;19;12
ENSG00000163975;25;14;8;11;12;23;19;18;49;31;41;17;13;28;5;20;25;14
ENSG00000075711;506;412;300;378;387;313;379;287;607;323;500;203;465;578;212;755;542;569
ENSG00000161267;33;25;24;18;31;43;24;13;45;16;25;11;34;51;33;35;39;26
ENSG00000145016;669;565;417;473;583;448;703;550;1309;715;913;354;826;925;422;1135;697;783
ENSG00000122068;347;348;222;291;334;226;311;193;403;315;445;149;400;437;197;575;376;403
ENSG00000186001;969;822;600;708;804;728;962;658;1447;797;1196;451;762;1040;430;1317;869;942
ENSG00000114473;177;165;129;149;140;132;252;166;426;211;355;111;214;293;145;368;217;263
ENSG00000182899;282;237;184;233;294;280;224;188;422;278;399;164;272;401;161;443;256;328
ENSG00000185621;103;82;60;87;82;81;73;55;164;59;108;43;87;119;47;141;80;103
ENSG00000272602;19;28;28;26;25;24;19;10;34;13;22;10;19;34;11;34;25;29
ENSG00000250312;57;61;41;36;48;64;62;48;141;49;95;30;73;75;36;102;77;74
ENSG00000131127;393;352;271;316;321;261;287;210;410;227;397;119;294;364;150;471;331;353
ENSG00000182903;163;119;89;105;98;100;101;66;137;64;135;46;101;136;46;185;132;154
ENSG00000174227;747;608;565;529;653;534;767;564;1431;669;1090;424;801;963;366;989;618;766
ENSG00000133256;38;24;6;23;12;19;18;14;34;18;26;8;19;22;10;13;10;23
ENSG00000169020;66;42;43;43;43;49;48;57;144;85;100;25;72;87;27;108;41;39
ENSG00000215375;125;70;62;58;75;74;88;98;233;104;148;58;72;108;54;66;70;67
ENSG00000169026;420;341;234;224;308;201;327;343;965;446;620;234;389;510;196;431;295;297
ENSG00000185619;1313;1211;944;966;1133;955;1326;1070;2698;1384;2015;802;1297;1511;585;1682;1087;1212
ENSG00000178950;1220;953;759;747;989;765;1316;1152;3161;1417;1909;736;1147;1430;617;1435;952;1107
ENSG00000127419;110;59;54;52;70;89;54;55;103;59;70;36;89;92;32;108;83;62
ENSG00000145214;285;225;185;189;254;243;201;174;476;272;272;106;196;281;106;210;173;248
ENSG00000127415;83;54;58;37;57;69;45;37;83;40;56;33;59;65;32;75;47;39
ENSG00000127418;318;286;208;198;235;267;276;275;857;431;456;167;259;394;120;311;251;230
ENSG00000159674;72;48;105;54;94;88;29;30;29;27;55;20;47;41;18;70;63;73
ENSG00000159692;1176;856;708;665;897;832;954;912;2281;1163;1463;624;1260;1386;600;1417;1000;1015
ENSG00000090316;423;328;234;211;364;235;365;368;851;432;635;262;439;648;225;588;385;383
ENSG00000163945;808;683;559;513;733;582;817;632;1426;673;1056;359;828;915;404;1088;748;779
ENSG00000163950;111;126;83;90;139;103;101;78;173;109;138;72;123;176;67;193;113;129
ENSG00000013810;204;153;114;144;148;149;154;110;323;165;221;89;297;427;153;335;245;249
ENSG00000168936;129;72;93;88;90;89;122;99;219;141;190;68;137;156;69;143;95;88
ENSG00000168924;161;169;122;107;180;150;179;123;380;206;251;88;243;322;117;310;177;231
ENSG00000109685;581;462;363;407;445;377;640;485;1060;598;869;341;770;836;345;990;702;749
ENSG00000185049;188;129;123;102;113;129;135;148;358;165;248;63;147;206;89;190;154;155
ENSG00000130997;10;23;15;9;9;17;8;7;22;6;17;10;15;15;4;11;14;11
ENSG00000214367;73;67;47;61;70;32;46;28;66;41;61;22;51;61;27;71;61;56
ENSG00000123933;286;160;161;144;223;156;169;132;403;180;215;107;220;297;122;242;211;211
ENSG00000159733;111;70;96;82;72;70;75;63;174;66;98;40;121;107;51;93;78;85
ENSG00000063978;431;315;263;291;377;326;386;288;758;439;556;210;419;544;219;628;338;375
ENSG00000125386;854;749;538;621;733;621;817;716;1947;935;1223;467;957;1163;470;1260;820;862
ENSG00000168884;304;208;180;193;288;225;504;459;1125;563;840;304;469;609;219;526;323;399
ENSG00000087266;5315;4249;3148;3082;4251;3299;4950;4232;11606;5937;7477;2975;5266;6749;2631;6963;4447;4727
ENSG00000087274;1151;911;754;800;927;807;954;731;1911;978;1353;521;1147;1416;563;1649;1054;1119
ENSG00000109736;528;469;314;299;405;327;452;521;1421;674;838;358;470;807;304;602;419;478
ENSG00000087269;178;132;121;120;133;130;173;111;276;177;200;78;197;252;106;282;157;200
ENSG00000125388;37;19;12;20;27;20;18;19;33;18;28;13;12;24;8;28;19;26
ENSG00000197386;2681;2211;1717;1812;2228;1912;2717;2057;5485;2678;3985;1538;3029;3803;1498;4073;2895;3016
ENSG00000188981;78;40;29;45;31;67;52;64;134;52;86;28;65;78;29;73;60;56
ENSG00000159788;440;390;301;211;373;340;451;377;954;479;687;248;471;587;216;561;342;454
ENSG00000163956;1685;1421;1095;1121;1479;1150;1411;1165;3240;1563;2123;867;1858;2113;881;2089;1236;1620
ENSG00000132406;45;45;28;26;68;19;28;24;49;29;58;14;43;44;21;68;32;36
ENSG00000145220;31;30;22;18;39;39;22;17;33;24;36;8;27;34;14;68;47;58
ENSG00000168826;48;39;28;28;25;43;40;15;75;26;58;24;49;48;19;65;46;47
ENSG00000168818;91;95;76;83;81;65;109;79;172;78;142;41;125;156;70;178;115;152
ENSG00000173040;134;98;96;83;89;93;116;106;217;107;170;63;94;128;59;149;86;92
ENSG00000072840;692;652;458;480;604;480;749;651;1911;878;1158;512;440;717;291;768;411;529
ENSG00000013288;320;247;195;189;250;290;339;210;711;384;462;183;450;535;210;497;323;404
ENSG00000179010;509;521;395;475;523;433;580;418;1034;654;1005;306;686;910;313;1023;594;627
ENSG00000170846;34;40;23;33;35;47;31;34;58;25;46;33;50;38;32;76;45;50
ENSG00000178988;114;112;82;83;111;92;116;77;182;114;159;62;125;163;60;201;130;133
ENSG00000186222;37;19;19;19;17;28;25;14;50;43;54;11;17;28;7;41;18;25
ENSG00000170871;570;580;416;431;578;436;586;457;842;507;760;294;718;881;363;1257;759;778
ENSG00000132405;536;432;310;368;430;347;508;390;873;451;709;233;1195;1307;518;1472;912;944
ENSG00000173011;198;158;123;143;197;163;222;214;412;237;351;144;261;337;153;374;226;246
ENSG00000109519;79;68;68;68;90;69;135;80;192;136;177;62;142;166;60;178;106;131
ENSG00000196526;37;35;34;25;27;23;32;18;55;28;45;14;33;23;9;26;27;44
ENSG00000125089;853;712;568;529;708;525;874;796;2295;1075;1418;552;1216;1648;572;1466;1013;1004
ENSG00000087008;277;192;198;161;182;190;245;207;520;264;366;142;228;326;145;318;230;246
ENSG00000155275;105;69;70;69;99;58;106;85;164;95;146;52;136;178;67;231;117;153
ENSG00000109667;25;19;16;21;12;16;11;4;22;12;12;4;14;27;7;37;26;18
ENSG00000071127;1370;1170;928;985;1359;1099;1418;1151;3060;1579;2087;861;1814;2449;960;2523;1551;1731
ENSG00000178163;261;253;162;215;238;238;265;171;375;225;359;135;319;399;135;549;321;381
ENSG00000002587;33;24;10;15;21;18;15;8;27;14;23;13;52;65;15;87;56;63
ENSG00000157869;120;106;87;71;95;105;90;44;140;59;111;38;108;131;45;185;86;150
ENSG00000038219;1487;1355;943;1118;1346;1113;1375;918;2304;1301;2043;760;1522;1812;685;2270;1451;1637
ENSG00000137449;290;306;171;233;231;189;222;166;378;214;348;90;234;314;121;474;374;360
ENSG00000118564;767;775;644;617;805;679;733;474;969;562;911;304;890;888;419;1424;913;1015
ENSG00000237765;45;33;22;19;24;31;9;13;21;17;16;3;22;30;6;51;31;27
ENSG00000109743;81;59;56;51;58;88;48;27;63;49;51;22;90;82;36;101;81;66
ENSG00000004468;62;49;48;57;65;86;36;22;33;29;43;22;30;30;9;45;35;44
ENSG00000137441;52;21;41;46;44;46;12;13;22;9;32;11;33;32;13;36;25;21
ENSG00000169762;209;186;147;164;180;124;150;101;191;102;192;94;199;219;87;293;222;192
ENSG00000002549;113;56;102;58;82;101;91;48;128;87;123;48;106;128;59;195;137;122
ENSG00000118579;1498;1341;972;1104;1184;1104;1322;904;2175;1144;1669;690;1494;1804;793;2205;1392;1667
ENSG00000163257;329;316;231;226;281;205;262;186;361;237;328;120;259;339;127;434;289;339
ENSG00000178177;590;597;443;429;551;459;476;288;635;364;598;229;559;634;276;1025;678;742
ENSG00000163138;136;130;125;97;114;125;108;88;161;77;150;53;153;166;83;300;175;165
ENSG00000109606;1050;954;664;748;934;773;995;710;1493;845;1443;521;1111;1316;547;1810;1186;1247
ENSG00000181982;179;150;110;120;119;142;147;99;215;124;235;82;252;299;164;353;212;222
ENSG00000109618;210;170;137;131;167;132;185;90;228;131;211;72;214;262;117;328;234;256
ENSG00000038210;122;146;102;147;140;149;135;74;155;103;188;80;141;184;95;231;206;166
ENSG00000168228;120;97;68;52;76;76;103;52;105;53;103;36;89;106;41;139;115;108
ENSG00000053900;401;320;256;275;300;294;334;185;372;234;356;150;325;377;150;562;390;427
ENSG00000091490;127;98;115;88;109;122;68;24;90;35;88;36;102;88;69;133;90;136
ENSG00000250317;17;30;15;25;23;17;24;10;41;22;44;11;29;22;8;51;16;16
ENSG00000168214;2229;2293;1501;1907;2116;1873;2743;1698;3966;2217;3715;1181;2707;3622;1509;4847;3093;3589
ENSG00000109689;169;126;97;94;127;112;114;67;165;98;151;68;161;185;101;247;232;193
ENSG00000047365;406;236;285;262;302;282;225;131;349;175;322;129;281;265;122;445;330;343
ENSG00000197057;49;12;37;41;19;36;15;6;16;11;17;4;16;8;11;22;26;18
ENSG00000181826;200;168;158;134;140;138;150;113;254;157;219;89;195;232;102;282;214;190
ENSG00000169299;89;79;65;75;101;75;78;64;119;72;92;44;105;149;66;215;140;122
ENSG00000065882;412;345;296;278;347;282;334;209;507;275;439;178;419;496;223;672;418;483
ENSG00000109787;429;381;357;331;339;393;285;162;349;195;366;136;305;381;167;507;291;356
ENSG00000174125;930;869;497;682;738;754;741;481;1009;639;1046;387;1432;1575;637;2371;1255;1493
ENSG00000174130;349;310;215;258;314;291;329;207;440;270;433;150;546;660;230;875;484;597
ENSG00000197712;137;138;98;111;129;106;138;106;237;152;208;73;140;172;62;209;130;145
ENSG00000109790;741;720;538;548;717;651;799;464;1072;574;986;344;770;886;370;1242;809;861
ENSG00000157796;212;205;131;193;173;206;185;122;233;140;258;73;333;334;141;441;299;284
ENSG00000035928;251;240;197;201;276;203;223;150;313;184;346;93;224;271;122;429;245;283
ENSG00000163682;564;444;455;479;568;411;514;318;783;488;809;266;666;761;315;996;550;616
ENSG00000121897;44;29;17;26;22;31;22;15;35;16;36;13;29;38;17;51;37;31
ENSG00000109814;79;92;50;67;73;71;86;43;148;122;178;57;79;94;37;148;92;87
ENSG00000163683;237;242;190;211;246;224;238;164;367;213;367;126;241;326;109;436;283;289
ENSG00000078140;591;587;465;448;525;518;454;316;616;387;601;246;576;569;273;922;649;659
ENSG00000121892;825;790;603;650;738;680;715;470;1042;606;988;369;814;931;374;1310;896;922
ENSG00000078177;435;368;320;331;394;308;306;218;466;293;482;147;200;299;117;453;291;333
ENSG00000168421;361;292;271;194;294;265;253;175;411;232;354;134;91;107;42;100;96;92
ENSG00000163694;1360;1197;890;943;1205;973;1339;973;2294;1343;1903;720;1663;2176;846;2635;1684;1727
ENSG00000179299;17;6;6;15;10;7;11;14;23;18;26;11;9;16;13;25;21;21
ENSG00000064042;18;10;6;7;17;5;15;18;35;20;21;17;12;15;7;15;9;18
ENSG00000109133;385;386;247;248;439;325;347;187;495;299;476;167;323;469;188;603;442;406
ENSG00000182308;15;9;6;14;12;4;8;9;18;4;8;7;6;21;11;15;13;10
ENSG00000014824;286;282;215;214;261;212;252;145;363;210;362;131;256;342;135;511;272;377
ENSG00000124406;350;290;271;260;283;270;214;112;304;180;277;100;327;310;161;438;334;319
ENSG00000151806;165;170;135;147;154;121;104;89;195;109;183;72;166;194;92;299;167;200
ENSG00000163281;16;28;11;29;19;27;19;5;25;18;24;11;23;29;16;47;33;32
ENSG00000169019;30;22;25;27;33;17;20;10;20;19;34;9;39;38;14;39;27;26
ENSG00000145246;336;345;257;263;307;290;285;197;399;232;370;141;435;509;238;655;353;407
ENSG00000145244;42;51;16;28;33;39;48;36;65;34;81;24;433;408;190;397;260;319
ENSG00000170448;862;713;454;536;591;495;588;378;653;452;830;250;2816;2555;1278;3668;2419;2342
ENSG00000074966;159;112;113;100;136;115;70;45;90;55;77;33;138;140;68;222;173;111
ENSG00000135605;220;222;122;161;168;137;202;152;256;150;273;104;351;442;177;485;318;305
ENSG00000109171;546;538;362;426;496;436;494;306;808;436;671;236;461;581;224;753;488;577
ENSG00000075539;1763;1652;1177;1512;1495;1279;1619;989;2116;1181;2151;732;1683;1816;837;2768;1879;1909
ENSG00000109180;250;223;138;160;200;216;209;142;380;238;308;119;254;311;149;403;234;246
ENSG00000109184;204;238;172;178;186;162;198;114;307;153;296;86;212;227;102;379;247;242
ENSG00000109189;77;45;42;41;51;56;52;33;62;39;61;14;75;64;25;87;74;69
ENSG00000184178;51;30;25;27;34;33;35;21;40;29;37;17;78;39;34;77;46;44
ENSG00000145216;201;122;102;142;139;150;149;80;225;116;184;76;160;217;81;278;136;162
ENSG00000109220;172;154;111;125;148;132;124;131;266;150;221;89;135;156;63;222;132;135
ENSG00000157404;62;36;30;33;41;36;23;13;49;25;40;12;48;26;16;38;32;42
ENSG00000128039;28;27;26;21;26;25;27;16;36;25;30;13;57;45;21;88;31;52
ENSG00000134851;546;427;343;362;450;365;408;267;674;364;576;181;377;531;215;698;452;447
ENSG00000134852;293;218;181;226;239;230;219;156;304;177;326;128;301;297;137;500;353;349
ENSG00000090989;462;480;418;430;482;456;453;300;584;353;639;226;504;542;247;817;529;596
ENSG00000174799;368;305;250;307;319;249;341;176;422;230;411;155;267;354;134;454;332;337
ENSG00000109265;17;11;7;19;15;17;20;16;30;12;20;9;8;14;4;19;9;15
ENSG00000157426;143;149;120;115;150;166;145;81;152;110;145;53;148;193;68;268;171;166
ENSG00000128059;26;25;13;22;13;15;19;11;26;9;18;8;16;22;10;28;31;25
ENSG00000128050;118;92;97;88;117;82;96;63;134;71;164;40;106;103;50;144;107;81
ENSG00000174780;315;318;245;262;278;268;367;205;503;287;419;169;386;490;216;611;408;408
ENSG00000084093;639;664;477;548;708;575;644;452;1148;676;990;412;584;751;343;1054;651;720
ENSG00000084092;71;63;43;58;73;50;62;47;121;56;98;29;74;84;27;97;48;66
ENSG00000047315;1111;1111;842;929;1030;906;992;737;1582;890;1496;536;1168;1477;587;1957;1208;1319
ENSG00000163453;6;11;11;10;8;23;15;8;8;10;16;2;9;15;7;8;10;9
ENSG00000145241;382;366;260;295;321;299;279;198;399;256;391;141;375;369;195;586;402;417
ENSG00000033178;1009;927;708;895;838;792;770;588;1165;656;1315;431;603;692;299;1083;781;823
ENSG00000083896;1101;1015;825;859;1057;945;1076;667;1498;882;1453;492;1104;1307;520;1755;1217;1391
ENSG00000132467;80;58;44;56;59;40;53;53;130;67;109;49;56;75;32;122;56;57
ENSG00000018189;398;253;216;234;273;249;312;221;434;223;390;163;293;293;124;430;297;336
ENSG00000132463;294;297;241;260;310;289;346;222;525;272;484;162;351;403;143;524;350;397
ENSG00000173542;550;561;417;438;494;454;504;307;644;443;671;232;521;533;202;962;582;606
ENSG00000156136;98;94;86;105;82;121;69;42;88;76;104;33;102;111;33;171;93;110
ENSG00000163626;50;65;34;47;44;33;47;30;68;48;62;24;56;69;25;88;54;58
ENSG00000132466;1281;1230;932;1000;1159;1124;1244;851;1934;1167;1622;603;1378;1719;664;2054;1354;1674
ENSG00000169429;28624;27063;19073;23268;25307;21178;23554;14824;27425;19298;37047;10039;17565;27943;10680;41683;26899;29323
ENSG00000163739;467;523;293;298;472;343;212;144;413;273;374;90;236;467;170;561;303;362
ENSG00000163737;72;49;32;42;61;53;21;23;117;44;49;24;71;59;18;60;45;38
ENSG00000163736;309;261;224;244;263;196;208;143;191;117;156;83;437;306;121;532;389;338
ENSG00000163735;10552;14071;8556;12268;16658;10459;12517;7913;23963;15114;26180;8693;4917;11968;4332;14894;9954;10186
ENSG00000163734;1003;889;530;615;859;621;586;422;1541;769;1122;233;662;1568;528;1650;993;1103
ENSG00000081041;910;773;502;567;696;537;496;432;1073;610;905;237;617;1183;478;1470;830;1040
ENSG00000163738;10;25;13;21;15;12;25;6;28;13;20;6;43;33;9;40;21;24
ENSG00000124882;10105;9796;6524;7764;9113;7679;9181;6650;13373;8312;14788;4379;7574;12472;5527;18193;11858;12322
ENSG00000163743;147;153;92;79;128;78;106;47;126;75;121;46;125;140;57;231;120;162
ENSG00000174796;142;139;87;118;88;103;111;64;134;79;149;54;118;123;47;205;153;140
ENSG00000138757;470;487;344;489;529;453;550;389;824;522;780;283;514;664;253;879;498;558
ENSG00000138768;623;615;443;506;610;553;604;331;769;531;823;297;595;707;359;1152;699;708
ENSG00000138744;235;168;163;181;143;239;121;65;166;93;166;56;153;232;88;270;190;216
ENSG00000198301;104;111;95;87;116;103;101;56;135;82;123;38;103;150;69;205;122;147
ENSG00000138750;198;237;120;171;197;136;201;148;258;140;240;98;179;219;90;353;222;237
ENSG00000138760;814;952;567;702;930;711;705;450;1057;682;1054;384;902;1207;413;1570;872;1091
ENSG00000138758;96;69;92;79;61;84;79;67;134;66;111;48;130;140;62;148;121;153
ENSG00000118816;1103;1172;895;1024;1239;1035;1247;724;1970;1286;1875;556;1475;1841;746;2184;1339;1480
ENSG00000138764;541;573;408;492;541;447;524;356;745;466;823;308;424;473;194;679;398;445
ENSG00000156234;382;338;248;306;325;202;229;158;268;187;323;88;75;80;32;111;99;119
ENSG00000138767;963;770;646;736;811;738;735;459;1009;611;999;340;798;885;424;1348;901;916
ENSG00000169288;16;27;10;26;26;17;15;8;24;17;24;10;17;28;8;52;35;32
ENSG00000138756;878;794;592;637;722;674;696;428;971;523;855;295;970;1082;440;1643;1023;1096
ENSG00000163291;12;19;12;20;24;26;12;15;9;8;18;8;15;22;8;29;19;22
ENSG00000163297;1267;1227;936;977;1349;1090;1658;1233;2921;1821;2688;877;1313;1791;741;2390;1446;1491
ENSG00000152784;125;91;48;77;90;82;52;65;172;94;122;53;47;65;27;97;41;53
ENSG00000138670;2308;1950;1441;1582;2032;1374;1843;1201;3004;1446;2717;735;1762;2741;1291;4028;2242;3011
ENSG00000138668;1023;907;718;890;934;864;861;576;1288;802;1258;452;980;1170;493;1755;1175;1288
ENSG00000152795;1201;1083;918;874;987;985;919;627;1291;860;1354;428;1062;1260;552;1765;1178;1375
ENSG00000145293;54;25;46;35;39;54;35;26;52;27;57;13;42;57;17;70;50;48
ENSG00000249242;34;19;25;11;22;24;82;35;87;54;68;31;49;49;22;51;40;61
ENSG00000145284;12;8;8;12;9;12;17;11;19;9;19;10;15;13;7;19;16;6
ENSG00000138674;798;782;604;699;802;737;780;474;1141;671;947;394;725;1002;373;1235;857;885
ENSG00000168152;16;19;9;10;19;21;15;4;16;9;14;4;15;18;9;16;18;22
ENSG00000189308;154;178;136;93;169;130;151;86;193;140;223;69;154;194;81;261;163;188
ENSG00000138663;82;67;46;42;76;59;47;30;70;47;61;28;61;95;25;110;50;81
ENSG00000145287;620;333;477;541;468;643;132;105;155;98;157;72;180;157;114;388;394;344
ENSG00000173085;183;155;104;113;149;125;98;65;163;91;128;50;91;126;62;141;116;113
ENSG00000173083;476;548;360;435;639;427;416;279;777;561;869;253;388;608;211;800;461;505
ENSG00000163312;166;141;90;93;138;127;115;65;184;124;188;63;149;156;62;239;152;160
ENSG00000163319;53;32;23;33;29;22;34;25;40;26;51;15;38;63;25;66;36;69
ENSG00000163322;99;81;57;61;89;64;63;24;80;51;80;26;66;77;32;109;89;78
ENSG00000138678;56;34;32;34;49;42;49;17;71;27;63;13;72;90;46;136;75;91
ENSG00000163625;2579;2265;1567;1864;2142;1843;2283;1624;3772;2026;3184;1159;2313;3096;1157;3990;2318;2765
ENSG00000138639;313;264;197;205;241;209;221;151;272;187;300;120;646;608;262;833;523;575
ENSG00000163629;16;8;15;10;22;24;10;4;9;10;16;5;13;12;5;17;8;25
ENSG00000172493;1074;961;669;783;858;749;929;579;1289;765;1164;406;1318;1456;655;1930;1177;1322
ENSG00000145332;196;221;155;182;220;179;181;131;265;179;315;91;244;318;120;393;273;248
ENSG00000198189;271;254;175;213;256;196;203;93;271;192;320;120;277;311;122;495;247;299
ENSG00000170502;52;57;41;35;52;41;50;36;89;59;64;38;73;84;32;110;75;70
ENSG00000118785;41;62;29;43;51;51;204;152;254;260;453;81;40;52;21;96;41;57
ENSG00000118762;604;527;397;346;477;401;622;491;1090;562;934;327;335;437;188;484;398;404
ENSG00000163644;159;123;115;133;110;110;93;51;117;76;94;41;85;102;38;143;99;143
ENSG00000138642;42;33;22;29;42;34;28;17;35;33;35;17;29;34;16;52;41;32
ENSG00000138646;71;51;50;36;50;51;44;23;58;30;54;16;45;37;23;63;41;44
ENSG00000138641;147;112;97;86;101;95;106;64;144;75;111;56;132;118;60;201;173;130
ENSG00000138640;1026;828;690;803;818;731;985;767;1443;747;1414;519;1081;1091;587;1377;858;1092
ENSG00000180346;33;34;12;36;22;25;35;17;52;35;47;14;23;36;11;37;29;27
ENSG00000185477;1848;1806;1244;1417;1603;1509;999;692;1802;987;1725;593;1241;1461;650;2243;1405;1701
ENSG00000145335;23;19;10;16;30;17;20;15;31;14;30;5;24;22;14;37;32;28
ENSG00000163104;154;135;106;122;112;157;127;70;143;82;163;53;116;144;62;250;161;186
ENSG00000163110;570;590;372;418;470;403;565;369;900;535;783;273;587;720;305;901;540;652
ENSG00000138698;140;122;105;109;152;139;132;76;190;129;159;72;165;209;77;285;189;203
ENSG00000151247;109;97;59;75;90;59;77;53;120;80;108;50;102;94;32;154;82;124
ENSG00000164024;208;185;142;154;197;187;187;143;267;154;281;83;217;220;102;354;204;261
ENSG00000197894;120;120;94;107;112;117;106;77;153;112;177;60;119;134;51;224;114;105
ENSG00000145331;12;19;15;9;29;10;12;9;27;14;18;5;20;21;11;27;16;18
ENSG00000070190;304;218;214;202;219;205;256;181;408;226;374;137;358;336;152;427;325;353
ENSG00000109270;130;124;87;90;117;78;123;68;115;65;145;46;136;149;61;211;135;148
ENSG00000164031;444;415;317;356;379;346;301;198;434;279;446;151;360;420;176;664;413;490
ENSG00000164032;211;189;123;162;244;169;238;178;410;181;333;115;269;332;136;398;219;260
ENSG00000138814;660;641;444;573;659;602;548;395;936;571;914;285;579;799;330;1131;628;711
ENSG00000153064;78;45;67;67;60;63;39;25;38;20;35;15;67;50;16;79;61;48
ENSG00000138821;318;276;203;223;248;186;572;375;821;520;710;188;314;440;181;641;336;394
ENSG00000109320;1501;1319;976;1010;1317;1085;1903;1416;3384;1869;2867;1000;1155;1900;732;2354;1376;1557
ENSG00000109323;1973;1859;1348;1616;1807;1410;2014;1471;3271;1808;3014;1072;1530;1905;747;2576;1292;1670
ENSG00000109332;3096;2649;2055;2217;2715;2182;2928;1996;4617;2567;4152;1377;2750;3728;1623;4902;3185;3315
ENSG00000145354;90;91;57;48;88;57;74;40;110;73;104;40;85;86;39;116;55;73
ENSG00000164038;61;47;53;31;64;45;56;22;112;39;86;35;22;11;3;13;13;20
ENSG00000164039;13;11;4;10;11;15;5;4;13;5;7;2;5;7;3;8;9;7
ENSG00000168769;3370;3064;2020;2512;3055;2612;2996;2080;4598;2759;4078;1458;3501;4141;1789;5682;3538;3856
ENSG00000138777;77;67;65;61;64;64;49;29;62;24;67;28;68;52;25;107;62;59
ENSG00000138785;53;39;40;27;45;37;34;26;50;31;40;10;36;56;28;57;37;43
ENSG00000138780;27;23;16;23;30;17;22;10;22;15;33;9;28;24;8;44;17;28
ENSG00000145348;391;343;277;264;305;315;293;206;389;214;313;145;313;341;183;548;328;362
ENSG00000164022;353;322;237;276;331;280;316;233;495;322;443;159;420;496;206;571;380;416
ENSG00000138801;426;468;330;309;394;393;541;321;838;556;746;307;473;665;272;831;485;561
ENSG00000164023;379;394;287;291;332;318;297;197;450;300;511;180;488;602;254;948;587;598
ENSG00000138796;29;14;25;22;22;16;12;5;14;10;13;5;20;13;4;22;15;15
ENSG00000138795;134;86;135;110;107;173;44;33;42;30;68;19;49;58;46;95;89;86
ENSG00000109475;291;241;264;239;281;257;219;154;288;228;317;118;276;316;140;473;250;234
ENSG00000198856;77;86;61;65;98;89;100;45;101;84;124;56;86;143;49;171;84;90
ENSG00000138802;649;545;354;424;535;455;504;343;739;401;644;253;548;692;280;954;583;618
ENSG00000005059;307;292;199;224;282;198;231;153;349;234;306;110;279;318;133;455;246;306
ENSG00000123739;30;36;22;18;41;42;18;13;33;17;31;14;19;20;5;41;23;35
ENSG00000109534;21;24;22;29;14;22;22;17;29;22;28;10;25;34;20;51;33;26
ENSG00000174749;24;13;18;10;16;28;21;9;24;23;18;4;36;42;13;60;47;37
ENSG00000138660;84;97;84;67;105;75;88;57;109;68;105;39;130;162;59;244;145;154
ENSG00000145365;40;32;43;28;34;28;34;19;65;44;66;24;58;50;20;71;51;57
ENSG00000073331;190;147;138;134;177;166;227;149;339;207;291;113;312;334;148;378;216;298
ENSG00000138658;103;81;56;74;66;74;69;38;78;59;82;32;84;92;51;125;95;106
ENSG00000174720;250;232;144;189;235;194;227;166;347;244;348;101;264;327;151;515;274;362
ENSG00000145349;147;97;154;121;131;143;68;61;122;63;119;37;116;114;58;182;161;151
ENSG00000145388;212;189;152;145;177;159;172;111;213;138;264;71;229;239;92;372;203;225
ENSG00000150961;423;365;283;279;428;325;437;287;605;449;544;173;427;634;253;698;474;465
ENSG00000172403;7;11;5;12;13;10;57;22;58;39;49;12;24;23;8;18;26;25
ENSG00000145390;74;40;64;82;64;76;81;44;79;50;97;35;95;62;38;104;100;87
ENSG00000164096;313;326;265;337;426;278;447;313;760;530;823;264;420;530;188;675;389;389
ENSG00000138735;51;45;47;64;54;44;43;24;49;31;43;14;68;37;17;61;59;45
ENSG00000050730;229;198;133;173;191;173;172;134;298;197;211;85;84;148;50;175;96;118
ENSG00000164111;1873;2120;1386;1610;2123;1519;2605;1638;4357;2601;4108;1239;2385;3527;1307;4348;2481;2853
ENSG00000123737;57;61;61;42;60;69;61;40;76;50;80;31;65;85;33;133;72;78
ENSG00000138686;53;53;50;61;56;56;38;34;57;36;71;24;49;72;26;73;70;62
ENSG00000138688;1730;1541;1168;1354;1494;1392;1385;860;1956;1094;1757;605;1453;1574;751;2340;1531;1692
ENSG00000181004;8;26;13;13;15;23;22;11;22;7;27;8;21;22;10;35;19;24
ENSG00000138685;43;57;38;36;36;31;26;17;41;17;24;16;13;14;7;20;13;13
ENSG00000145375;112;78;58;59;85;80;56;57;95;61;101;35;74;93;34;102;58;86
ENSG00000151458;388;353;212;276;355;339;323;221;477;271;462;166;462;490;200;663;421;518
ENSG00000164066;13;18;7;19;7;17;5;10;9;5;8;9;14;9;7;32;17;12
ENSG00000164073;189;186;127;135;139;109;127;85;149;101;172;67;156;185;70;256;149;188
ENSG00000164074;236;239;169;165;196;170;193;127;269;164;268;93;241;255;108;394;305;228
ENSG00000138709;114;107;63;113;105;89;106;55;153;94;146;43;115;157;68;178;163;158
ENSG00000164040;124;101;66;100;118;92;122;67;145;87;159;47;114;146;67;187;107;106
ENSG00000077684;151;99;108;95;124;135;97;70;144;51;127;57;151;145;50;187;139;154
ENSG00000151466;188;164;94;130;136;155;111;74;194;112;161;53;178;188;77;285;189;192
ENSG00000151470;50;34;17;32;36;24;27;20;26;15;37;12;28;49;17;65;33;34
ENSG00000151012;8136;6983;4897;4853;5738;5409;10135;6503;13299;7864;12233;4277;6589;9468;3719;12846;8394;9018
ENSG00000151014;27;18;26;15;48;13;17;22;63;26;41;16;31;27;18;44;38;22
ENSG00000109381;520;497;354;406;447;385;431;299;701;332;611;207;474;576;235;744;533;554
ENSG00000109390;55;36;27;29;32;23;47;42;63;33;59;25;53;63;24;65;47;62
ENSG00000164134;232;173;130;180;192;184;181;111;249;124;219;60;245;259;109;399;311;283
ENSG00000172007;55;30;26;39;51;27;34;14;46;38;43;16;55;44;13;67;48;34
ENSG00000145391;310;295;194;261;266;226;300;148;442;256;399;138;405;472;198;600;393;406
ENSG00000196782;433;417;277;321;380;302;316;231;625;362;482;184;370;363;186;475;319;351
ENSG00000153130;60;60;34;34;55;50;43;22;54;36;43;17;38;47;19;51;29;47
ENSG00000179387;123;95;78;88;93;84;93;48;116;77;123;55;96;109;57;177;107;140
ENSG00000109436;1134;963;673;783;880;794;1094;785;1749;1031;1412;555;507;702;245;872;522;631
ENSG00000109445;154;156;133;128;163;131;188;138;268;171;269;93;223;279;99;321;194;222
ENSG00000164136;194;162;146;170;167;162;249;190;387;212;283;148;97;136;53;184;162;133
ENSG00000109452;67;47;68;71;48;71;25;15;28;16;29;6;35;24;13;49;59;30
ENSG00000170185;209;181;127;122;159;147;172;119;280;155;232;84;200;237;76;319;219;248
ENSG00000109458;355;357;262;183;270;304;295;190;389;230;366;143;358;416;209;505;406;405
ENSG00000153147;700;599;433;527;587;548;582;380;793;528;841;276;612;809;338;1091;710;811
ENSG00000164163;98;84;88;98;90;100;78;54;101;66;123;44;157;184;91;303;187;196
ENSG00000164164;905;794;648;723;707;728;1014;653;1433;828;1402;440;780;968;379;1370;924;1018
ENSG00000170365;19;11;4;10;6;19;5;6;21;11;13;8;21;24;5;22;7;16
ENSG00000151611;74;81;41;40;62;47;57;59;79;51;79;44;71;72;23;102;69;70
ENSG00000151612;68;38;41;35;36;29;20;25;49;26;34;12;31;39;13;48;27;37
ENSG00000164167;274;253;173;178;217;213;190;107;224;132;226;89;204;225;129;295;209;246
ENSG00000250673;30;24;32;18;13;30;19;15;47;26;25;19;32;39;19;39;28;19
ENSG00000120519;130;67;80;67;71;56;68;38;90;54;63;21;103;104;47;142;108;120
ENSG00000164168;129;120;63;107;131;108;159;59;187;114;195;52;145;203;83;249;164;201
ENSG00000164169;85;66;46;58;64;84;70;47;76;37;86;29;58;54;30;84;71;74
ENSG00000071205;517;425;332;313;371;330;702;448;1029;537;801;326;720;873;320;1180;732;802
ENSG00000151623;53;40;38;29;34;45;15;9;23;10;16;13;27;24;13;32;22;28
ENSG00000198589;459;311;326;320;334;372;294;158;352;199;334;149;476;409;205;588;473;423
ENSG00000145425;346;185;249;200;266;269;196;125;277;172;292;95;231;301;121;413;263;282
ENSG00000059691;58;38;30;37;54;35;63;33;78;43;70;21;54;62;31;91;46;56
ENSG00000109670;582;517;438;444;496;475;591;448;961;597;778;291;512;704;292;868;551;614
ENSG00000170006;99;58;59;80;72;119;23;11;18;17;36;7;34;21;12;57;56;58
ENSG00000164144;227;175;121;155;161;170;156;116;244;171;225;78;179;228;74;288;201;211
ENSG00000137460;28;30;19;17;12;18;25;19;53;28;41;16;38;36;19;44;21;31
ENSG00000121210;344;221;245;255;255;339;203;141;314;162;284;104;197;232;136;380;286;245
ENSG00000137462;926;946;676;828;910;726;1269;829;1572;967;1581;519;1446;1952;735;2830;1625;1830
ENSG00000171566;185;155;111;136;140;154;152;105;185;122;208;79;177;229;92;255;169;215
ENSG00000164116;16;14;18;17;13;33;6;3;8;4;9;2;16;7;4;17;12;8
ENSG00000256043;97;118;66;80;106;112;105;44;133;89;107;55;87;124;50;151;70;109
ENSG00000145431;194;161;160;118;159;159;201;142;324;165;266;101;247;258;117;300;228;225
ENSG00000164125;164;111;91;93;126;120;107;50;127;116;124;34;146;192;79;346;210;203
ENSG00000164124;22;26;24;28;11;18;43;27;29;25;38;14;40;66;23;88;57;60
ENSG00000205208;30;21;16;16;23;24;36;26;40;29;36;16;25;27;7;39;21;24
ENSG00000171503;146;107;99;125;117;116;135;84;206;111;167;64;141;163;72;232;149;157
ENSG00000171497;86;85;56;52;84;83;106;51;122;82;129;48;76;88;50;139;94;96
ENSG00000052795;449;342;288;288;344;279;448;307;701;387;466;167;541;548;199;752;404;576
ENSG00000109756;1189;1058;722;887;996;845;980;748;1677;1019;1566;518;947;1200;512;1568;1044;1107
ENSG00000145414;76;70;41;48;55;55;74;48;129;71;105;37;85;79;35;90;52;80
ENSG00000198498;67;45;41;50;49;49;36;37;37;37;73;14;42;57;21;83;59;73
ENSG00000145416;860;810;635;702;825;614;762;430;926;509;928;341;1392;1536;736;2292;1454;1671
ENSG00000170088;69;56;45;29;49;85;68;36;83;67;71;30;128;144;57;196;97;114
ENSG00000109466;636;531;458;436;561;465;548;370;807;524;775;300;561;651;310;963;536;607
ENSG00000052802;22;31;14;11;20;15;25;9;20;16;19;8;32;24;13;46;27;19
ENSG00000137628;138;93;85;107;103;117;68;51;101;75;123;49;94;72;46;156;103;98
ENSG00000181381;1339;1191;1012;1056;1253;944;1415;974;1855;1215;2159;648;1467;1503;671;2518;1601;1799
ENSG00000129116;53;28;27;27;55;49;31;23;86;51;69;33;112;148;52;181;86;123
ENSG00000145439;286;249;183;171;204;225;195;133;227;123;219;98;199;216;85;301;170;288
ENSG00000154447;73;55;35;26;66;57;41;33;102;48;102;38;66;72;38;122;42;67
ENSG00000137601;175;171;96;105;140;131;113;74;172;89;145;62;126;139;69;181;148;134
ENSG00000109572;442;354;330;336;381;322;405;245;535;312;526;144;438;513;213;725;424;474
ENSG00000056050;27;20;10;24;23;11;18;7;14;16;23;7;20;30;10;38;21;19
ENSG00000198948;41;25;28;40;40;43;20;17;29;17;22;10;49;29;20;60;29;32
ENSG00000109586;188;196;118;135;133;129;167;120;229;167;220;92;177;224;93;339;201;234
ENSG00000164104;279;253;191;192;228;207;185;123;274;152;264;112;180;209;94;273;193;216
ENSG00000164105;116;100;84;108;95;95;132;96;199;117;209;83;109;140;47;189;96;94
ENSG00000164117;82;60;59;55;65;60;68;49;139;55;94;32;81;74;47;131;65;99
ENSG00000164118;170;138;89;81;138;120;116;60;140;75;145;56;119;146;70;253;144;134
ENSG00000129128;695;672;534;643;680;606;640;403;902;575;1009;296;644;772;349;1413;854;932
ENSG00000038002;41;27;32;28;33;43;30;24;53;33;38;14;45;52;27;57;47;49
ENSG00000129187;95;73;62;72;109;72;81;63;187;99;170;58;102;149;55;169;102;147
ENSG00000151718;264;201;163;204;252;193;237;206;417;213;381;143;258;269;101;361;225;216
ENSG00000168564;76;54;60;39;46;44;51;32;88;54;54;24;86;96;31;84;85;74
ENSG00000168556;35;36;22;30;34;22;37;25;60;42;55;20;44;50;22;57;32;37
ENSG00000182552;60;37;32;28;38;53;39;20;47;18;48;12;44;45;12;56;46;46
ENSG00000168538;802;742;518;620;717;599;699;447;925;566;868;333;789;984;399;1356;774;889
ENSG00000168310;902;938;695;659;843;770;1126;790;1892;1027;1407;590;1462;1703;715;1894;1078;1382
ENSG00000164305;150;129;101;110;130;124;114;77;212;140;195;82;250;245;95;355;207;233
ENSG00000164306;47;48;39;40;41;44;37;14;37;30;40;28;40;60;24;72;49;38
ENSG00000151726;755;621;458;555;670;538;635;413;829;512;867;270;1020;1228;490;1349;875;1066
ENSG00000164323;99;77;53;75;67;70;47;28;47;51;69;28;74;80;37;129;77;95
ENSG00000109762;140;111;94;119;120;104;93;69;150;75;114;54;81;80;32;112;73;106
ENSG00000186352;38;36;30;45;56;34;61;50;113;74;108;35;80;89;39;94;42;53
ENSG00000109775;76;72;56;61;51;76;68;69;108;76;101;39;88;131;52;188;88;127
ENSG00000205129;69;45;42;50;53;53;45;37;76;36;73;15;64;45;24;55;43;55
ENSG00000145476;95;89;62;63;89;54;52;43;95;39;61;28;57;85;22;91;74;66
ENSG00000109536;61;70;54;49;39;63;60;41;96;72;80;30;90;86;42;161;82;83
ENSG00000164366;137;102;121;107;110;116;127;110;254;175;269;90;163;211;104;202;139;156
ENSG00000073578;66;88;58;71;84;67;81;64;214;88;156;50;115;155;59;138;109;104
ENSG00000249915;77;57;58;51;64;39;59;52;120;54;94;26;67;90;40;91;76;83
ENSG00000288622;81;95;62;48;77;56;144;130;268;101;144;83;167;154;76;180;121;120
ENSG00000063438;2533;1922;1526;1402;1778;1307;2566;2144;5335;2196;3363;1433;2818;3395;1482;3730;2516;2535
ENSG00000180104;1637;1425;1009;1078;1416;1042;2069;1728;4501;2113;3063;1210;2966;3718;1495;3493;2185;2537
ENSG00000066230;12;10;7;5;10;7;9;10;38;14;22;3;8;11;3;15;4;12
ENSG00000112877;105;89;86;86;110;82;108;85;210;114;172;58;117;151;63;145;103;107
ENSG00000188818;32;13;20;10;17;29;17;11;46;21;34;12;20;30;7;24;15;19
ENSG00000028310;461;361;268;308;344;320;394;330;832;407;617;242;452;564;263;573;375;464
ENSG00000113504;670;374;409;328;473;423;483;462;1172;551;743;288;758;819;348;774;523;541
ENSG00000049656;307;282;195;197;299;241;357;267;764;386;570;188;391;459;216;493;312;325
ENSG00000153395;2261;1893;1482;1726;2118;1778;1593;1529;3632;1803;2781;1157;850;1056;445;1508;911;860
ENSG00000145494;22;19;15;15;19;25;21;26;51;26;22;9;25;40;14;37;22;33
ENSG00000164151;536;516;343;386;490;412;452;304;641;391;590;226;483;541;259;782;500;554
ENSG00000133398;113;155;88;93;127;114;126;83;191;119;207;56;111;162;91;169;147;157
ENSG00000037474;417;326;281;274;357;391;425;314;700;397;575;233;427;533;208;689;404;504
ENSG00000145545;510;411;334;377;365;328;663;446;968;524;864;332;324;431;192;593;362;417
ENSG00000112941;792;629;547;549;668;526;942;780;1677;838;1218;510;685;890;382;1058;707;758
ENSG00000124275;238;210;165;186;181;185;225;190;299;217;311;117;266;329;123;458;306;355
ENSG00000124279;46;54;22;29;31;29;28;21;37;27;38;14;34;33;16;33;29;37
ENSG00000150756;91;92;74;64;86;50;97;48;123;71;98;45;115;90;61;117;86;111
ENSG00000150753;259;221;159;194;210;243;280;121;462;267;376;134;362;416;172;508;343;377
ENSG00000145495;2432;2341;1718;1988;2387;1881;2245;1598;3565;2096;3268;1122;2467;3312;1404;4037;2507;2775
ENSG00000164236;69;49;39;39;64;38;135;105;236;136;172;88;78;90;35;106;81;77
ENSG00000112977;164;125;120;118;190;134;195;118;284;190;298;106;310;410;176;431;245;297
ENSG00000038382;2778;2230;1799;1861;2301;1799;3031;2361;5580;2796;4107;1552;2459;2988;1230;3524;2310;2511
ENSG00000145569;359;308;254;293;356;280;273;194;423;255;366;127;545;586;245;804;544;605
ENSG00000154124;1266;1014;908;862;982;878;1098;849;1795;937;1488;589;1281;1499;674;1885;1250;1314
ENSG00000154122;109;60;74;69;76;68;82;49;117;82;86;48;163;151;64;208;124;132
ENSG00000173545;90;84;76;79;86;81;106;86;191;119;180;58;104;157;61;159;101;118
ENSG00000145555;1567;1618;1159;1299;1593;1372;2128;1834;4888;2477;3481;1251;515;1285;456;1293;786;970
ENSG00000176788;733;806;447;608;837;602;933;620;1882;1239;1458;498;579;762;282;839;507;639
ENSG00000113360;263;187;146;186;214;209;178;127;301;184;240;91;235;296;135;307;236;272
ENSG00000082213;72;50;48;40;62;55;42;26;43;36;56;22;59;63;20;100;45;74
ENSG00000113384;375;349;238;319;334;295;319;184;546;323;508;164;352;477;165;577;380;454
ENSG00000150712;159;154;102;140;122;133;129;96;198;124;195;52;139;199;81;271;161;185
ENSG00000056097;705;732;513;513;634;558;690;522;1135;696;1038;337;745;939;367;1151;800;822
ENSG00000113387;469;387;318;339;404;309;338;226;413;304;489;143;411;518;220;774;511;473
ENSG00000113407;249;256;196;234;249;218;266;184;398;268;429;139;303;348;185;528;320;338
ENSG00000039560;1187;1060;753;865;995;779;1043;730;1676;852;1380;499;956;1086;467;1498;796;998
ENSG00000113456;158;151;92;101;154;140;121;90;170;110;191;57;126;165;81;220;124;134
ENSG00000113460;44;28;22;18;21;21;15;19;17;16;41;14;24;38;10;60;21;41
ENSG00000168724;291;280;201;202;266;248;251;192;412;244;364;154;291;399;150;457;309;386
ENSG00000113494;13;14;6;10;23;15;29;24;34;30;45;10;18;32;12;33;21;18
ENSG00000152582;41;25;29;40;33;26;30;13;53;16;38;10;21;21;9;45;30;26
ENSG00000168685;4407;5089;3459;4129;5136;3949;4111;2709;7571;4107;5988;2249;1513;2558;838;3106;1818;2268
ENSG00000164187;236;258;152;209;243;247;224;174;316;193;325;99;287;302;123;450;308;322
ENSG00000145604;155;155;105;96;136;121;110;74;155;78;132;53;115;127;64;182;166;166
ENSG00000152620;137;112;84;69;126;69;97;72;136;93;141;35;108;119;55;172;96;135
ENSG00000079215;494;502;282;343;418;357;1522;926;2090;1324;1702;626;335;690;225;788;481;513
ENSG00000164190;2199;1949;1497;1649;1886;1705;1948;1183;2895;1649;2582;920;2000;2471;1034;3481;2246;2527
ENSG00000197603;126;87;90;81;78;109;58;43;82;44;57;18;65;77;45;116;93;84
ENSG00000113569;258;229;186;228;207;251;235;148;322;203;293;111;277;296;127;430;260;260
ENSG00000082068;255;219;194;199;237;175;209;138;321;156;266;100;257;283;133;414;267;291
ENSG00000164327;1401;1306;954;1177;1144;1133;1069;692;1271;752;1383;445;1173;1237;546;1955;1426;1578
ENSG00000082074;1242;950;932;987;990;1119;865;531;1114;670;1013;333;1375;1438;567;2124;1279;1457
ENSG00000153071;673;668;479;551;652;608;839;511;1310;744;961;322;1447;1542;525;1957;1077;1437
ENSG00000113638;135;119;98;80;111;111;107;50;136;63;148;52;130;132;44;229;118;139
ENSG00000171522;360;272;259;294;305;316;328;281;757;456;503;198;314;404;176;442;217;265
ENSG00000132356;517;500;367;429;411;441;336;211;518;321;535;209;467;513;210;768;536;569
ENSG00000145592;453;320;259;279;306;329;270;214;439;322;417;163;319;379;160;443;313;345
ENSG00000132357;122;156;105;126;155;125;113;90;188;135;200;62;256;239;80;303;193;221
ENSG00000083720;55;39;33;40;34;46;19;8;45;13;24;4;55;27;16;53;31;29
ENSG00000205765;146;165;119;146;188;176;185;107;223;140;224;78;244;292;114;394;201;251
ENSG00000151876;14;10;13;21;26;15;21;8;22;10;17;9;29;28;11;49;35;23
ENSG00000177721;55;31;24;18;41;33;30;7;45;21;29;15;26;35;19;48;35;36
ENSG00000172262;150;149;111;114;132;87;114;84;187;102;156;67;144;160;71;232;147;163
ENSG00000177453;70;54;28;36;64;46;65;38;104;51;82;33;42;64;38;59;39;41
ENSG00000112972;180;117;97;115;142;131;171;101;228;139;219;88;206;211;130;328;192;203
ENSG00000151882;13;8;19;20;5;9;7;6;15;10;18;6;10;13;3;14;8;5
ENSG00000151881;37;49;43;48;52;46;40;19;61;27;53;15;41;43;22;52;48;38
ENSG00000172239;130;101;111;115;117;100;122;67;144;123;170;54;147;152;50;210;147;145
ENSG00000112992;352;283;262;255;327;306;270;176;380;224;340;153;375;444;194;602;425;419
ENSG00000112996;48;52;33;23;47;46;38;21;55;39;46;21;32;66;27;80;41;46
ENSG00000170571;405;324;304;325;428;343;248;144;293;224;388;111;340;388;189;603;360;399
ENSG00000151883;551;415;342;440;438;410;380;250;524;299;468;184;387;441;189;694;461;489
ENSG00000152684;38;59;41;44;61;42;70;48;131;84;117;29;70;82;36;96;38;46
ENSG00000213949;71;53;44;48;65;42;51;40;56;44;78;23;85;70;33;100;65;59
ENSG00000164171;8;12;8;12;9;11;14;9;11;12;26;11;7;12;3;15;8;7
ENSG00000164172;34;25;44;25;46;30;29;10;37;26;31;13;41;39;28;54;44;49
ENSG00000164258;46;30;24;29;42;38;43;24;50;31;42;14;50;33;29;78;38;53
ENSG00000185305;169;159;98;140;145;153;135;110;211;105;175;76;190;246;122;298;181;257
ENSG00000178996;259;241;204;249;239;241;263;212;546;308;412;147;247;309;97;404;240;276
ENSG00000145649;41;20;33;27;32;55;10;3;13;9;12;7;9;15;4;25;28;23
ENSG00000067248;234;219;162;148;207;188;188;108;252;147;240;97;200;266;101;367;238;294
ENSG00000039123;592;641;435;504;562;502;568;319;666;432;766;259;642;763;321;1106;713;803
ENSG00000177058;278;214;144;179;222;144;206;143;301;196;280;111;226;262;111;383;235;288
ENSG00000164509;27;19;15;11;15;19;48;36;105;57;65;47;19;37;14;54;29;38
ENSG00000134352;1286;1417;988;1201;1370;1081;1800;1066;2099;1436;2369;779;1930;2531;1054;3825;2224;2608
ENSG00000095015;952;789;691;770;845;875;652;432;891;576;913;341;850;931;456;1425;878;1024
ENSG00000155542;22;20;19;27;31;21;20;8;39;23;20;23;22;43;9;34;22;33
ENSG00000155545;168;149;116;133;156;132;110;72;160;111;179;71;148;162;74;264;203;147
ENSG00000062194;1152;1056;795;827;1032;821;926;630;1270;740;1396;464;967;1189;498;1720;1081;1208
ENSG00000145632;60;28;19;40;36;30;31;25;59;38;43;20;37;58;23;43;34;37
ENSG00000175857;66;60;52;55;64;76;33;32;37;53;53;17;143;145;66;283;156;179
ENSG00000113448;845;729;586;755;853;733;320;301;635;318;631;214;154;174;64;284;170;163
ENSG00000164181;85;95;69;83;93;73;106;66;145;65;137;44;101;86;31;124;85;65
ENSG00000049167;54;32;22;34;26;35;20;23;20;25;33;3;36;33;14;56;47;30
ENSG00000164182;10;7;17;11;5;10;18;11;25;6;23;3;26;23;11;33;17;18
ENSG00000188725;120;124;87;112;121;84;116;71;148;106;177;48;134;151;65;232;146;135
ENSG00000130449;1102;1066;735;928;982;862;928;741;1693;934;1427;473;1021;1236;541;1728;1043;1227
ENSG00000068796;463;345;305;315;361;328;298;235;483;273;437;141;468;398;178;577;453;467
ENSG00000086189;67;32;36;30;56;36;30;26;33;29;54;13;57;48;27;74;60;59
ENSG00000086200;103;89;68;59;64;74;72;41;95;29;93;47;81;87;44;179;103;101
ENSG00000186105;16;21;13;13;18;10;14;5;13;6;9;8;16;16;6;31;20;21
ENSG00000153006;99;104;78;108;103;104;97;51;122;69;103;41;103;123;61;151;108;116
ENSG00000153015;446;377;237;273;361;353;309;191;409;240;396;164;306;325;163;542;333;414
ENSG00000049192;134;94;65;74;116;81;73;40;124;73;124;55;19;29;10;50;21;25
ENSG00000113593;304;228;198;202;244;269;230;145;314;182;310;105;297;335;125;404;298;300
ENSG00000113595;265;191;161;174;199;183;171;126;253;140;240;87;179;219;98;340;204;251
ENSG00000113597;53;25;23;45;32;43;32;26;49;30;33;19;51;53;25;60;44;41
ENSG00000253251;20;9;16;5;7;7;9;5;19;5;17;3;8;11;5;14;19;12
ENSG00000197860;203;221;152;183;206;195;245;149;341;247;352;100;191;251;117;337;193;227
ENSG00000123213;65;35;36;22;50;33;34;21;57;31;45;20;68;71;32;104;87;76
ENSG00000112851;1244;994;820;921;1094;1076;927;559;1072;756;1218;411;1051;1135;529;1875;1195;1350
ENSG00000153914;1450;1339;913;903;1042;988;1063;747;1386;850;1393;497;1285;1551;655;2161;1532;1531
ENSG00000069020;102;67;69;58;62;61;56;45;125;47;73;39;48;54;21;69;65;56
ENSG00000134061;49;28;32;32;37;56;16;9;39;25;40;9;49;37;20;64;41;43
ENSG00000145675;733;578;516;606;633;583;621;416;960;552;757;281;629;783;328;1072;724;746
ENSG00000145740;188;202;134;184;172;158;233;145;287;162;276;105;213;301;118;415;245;247
ENSG00000134057;13;4;11;5;5;9;11;3;8;9;17;5;12;12;5;6;6;14
ENSG00000134056;19;24;12;22;19;22;28;12;45;25;40;13;26;33;11;41;25;38
ENSG00000134058;98;93;92;67;91;78;89;69;149;83;133;45;101;123;51;184;109;104
ENSG00000183323;26;28;16;25;20;32;29;17;39;23;33;12;47;51;22;66;43;46
ENSG00000085231;19;21;13;15;16;15;18;11;30;14;30;7;28;28;11;49;29;24
ENSG00000273841;178;140;105;107;134;141;146;91;200;144;189;78;167;203;81;262;138;172
ENSG00000152942;90;157;84;94;116;76;85;54;140;83;122;39;71;111;45;190;108;135
ENSG00000183474;37;23;21;13;15;22;18;11;26;23;16;10;30;21;10;32;19;31
ENSG00000172062;16;19;10;12;4;16;15;4;13;7;16;5;16;18;2;22;5;21
ENSG00000249437;154;100;105;76;115;130;130;79;137;89;140;56;362;408;151;538;310;285
ENSG00000145734;631;580;376;428;503;467;519;334;622;391;665;225;662;733;307;1099;794;743
ENSG00000131844;109;58;77;69;75;53;62;45;99;51;85;29;93;86;43;102;102;98
ENSG00000113048;107;89;97;75;95;96;82;65;119;75;123;36;98;120;58;136;116;114
ENSG00000049883;69;46;36;41;55;42;65;28;60;34;43;18;61;66;29;73;81;71
ENSG00000178175;53;31;17;23;33;28;55;56;114;74;83;41;49;38;18;47;33;38
ENSG00000083312;1419;1407;1042;1101;1340;1173;1029;678;1462;892;1545;556;986;1290;471;1793;1266;1389
ENSG00000157107;688;700;489;503;605;533;537;277;672;379;609;227;678;850;372;1296;863;890
ENSG00000145741;386;365;284;359;442;373;339;207;547;383;560;171;386;523;196;760;429;457
ENSG00000164331;162;132;88;134;152;140;128;85;194;118;167;65;165;171;75;217;126;168
ENSG00000164338;62;63;39;37;64;37;49;26;68;40;61;21;60;68;33;87;65;79
ENSG00000171617;139;124;137;132;95;126;98;78;185;95;154;77;124;148;62;200;116;150
ENSG00000049860;656;677;382;416;747;463;667;393;1020;674;1078;326;1200;1504;572;1996;1060;1227
ENSG00000164347;148;112;95;123;130;98;120;77;170;92;155;50;134;125;57;199;148;106
ENSG00000164346;81;84;68;66;88;85;91;59;119;127;111;46;99;144;52;203;75;110
ENSG00000198780;20;16;11;19;20;14;6;4;8;6;11;4;14;15;7;13;13;12
ENSG00000176928;27;20;8;10;20;13;8;8;12;8;17;6;11;8;3;8;12;13
ENSG00000113161;371;377;218;295;363;256;302;222;455;276;462;164;576;622;287;860;544;638
ENSG00000113163;938;798;657;711;741;664;758;587;1251;699;1209;391;843;943;431;1401;874;1040
ENSG00000122008;638;571;441;418;507;494;486;285;646;331;596;210;584;632;269;942;696;701
ENSG00000189045;26;13;7;18;15;15;26;7;34;12;23;9;19;21;16;43;29;31
ENSG00000152359;58;56;37;46;45;45;47;34;50;30;38;19;56;76;28;63;56;73
ENSG00000145703;371;230;258;281;280;310;181;120;270;175;256;106;391;354;175;501;377;363
ENSG00000181104;61;23;63;47;53;69;31;20;65;32;41;25;65;53;26;63;49;59
ENSG00000164252;72;48;47;55;82;53;61;49;94;57;71;22;76;82;31;137;70;76
ENSG00000164253;168;146;119;128;140;114;159;98;194;120;189;79;189;187;75;292;157;182
ENSG00000171530;94;94;66;88;83;85;86;63;146;105;142;44;76;132;51;195;103;88
ENSG00000132842;1518;1341;905;1206;1349;1139;1340;938;1976;1129;1770;623;1548;1711;758;2534;1625;1638
ENSG00000085365;227;275;197;205;270;259;192;121;258;141;260;89;233;259;104;376;262;239
ENSG00000145685;224;339;200;181;273;179;341;195;537;351;478;152;419;545;191;832;388;502
ENSG00000113273;280;232;144;174;255;180;332;219;486;273;400;153;304;381;150;446;283;319
ENSG00000152409;211;184;163;168;195;156;140;119;231;149;223;83;187;214;98;295;198;202
ENSG00000152413;14;16;13;16;40;15;22;15;48;24;30;10;20;31;10;41;21;27
ENSG00000164329;820;789;566;653;720;605;755;532;996;631;1023;352;851;956;396;1371;900;974
ENSG00000164309;21;7;6;13;18;18;14;16;18;14;21;6;14;16;12;38;19;15
ENSG00000177034;118;96;91;97;93;99;86;37;107;60;104;32;72;91;39;149;112;115
ENSG00000164300;914;806;585;643;764;626;841;534;1289;759;993;387;1034;1219;500;1554;984;981
ENSG00000039319;2599;2455;1770;1904;2331;1882;2053;1315;2860;1573;2831;968;1329;1709;665;2734;1664;1881
ENSG00000152380;33;35;25;20;38;37;37;17;41;28;44;19;37;49;24;58;51;43
ENSG00000228716;27;15;19;14;14;17;8;10;17;13;21;12;13;12;8;21;23;8
ENSG00000113318;207;183;136;149;150;155;146;96;219;117;178;70;160;222;69;279;213;213
ENSG00000113319;40;36;38;20;39;40;19;6;25;8;11;10;14;26;10;27;42;23
ENSG00000131732;89;68;77;96;66;71;74;49;100;57;132;38;93;125;42;172;75;113
ENSG00000145687;138;167;109;129;141;130;135;132;203;122;191;69;319;285;116;388;234;285
ENSG00000152348;46;32;27;29;17;27;27;22;45;28;35;13;34;34;19;32;31;29
ENSG00000186468;430;329;299;372;429;397;373;243;453;352;541;174;465;542;230;658;434;429
ENSG00000174695;928;916;635;684;871;775;853;541;1163;747;1240;388;1326;1565;659;2170;1328;1465
ENSG00000152422;115;120;98;125;142;111;128;97;172;98;161;59;140;210;75;308;200;189
ENSG00000038427;95168;94799;64054;79073;102897;77359;92699;67635;150788;92298;147390;47811;119706;153472;62991;184351;106320;125847
ENSG00000127184;152;167;131;128;151;125;164;96;262;174;285;73;163;253;105;328;136;191
ENSG00000145715;746;557;478;407;537;475;493;420;886;485;769;292;750;848;376;1159;817;869
ENSG00000134480;459;357;287;281;339;319;299;204;452;271;384;158;404;448;172;643;406;485
ENSG00000164180;151;120;94;86;102;95;92;57;120;69;149;44;125;125;67;183;155;131
ENSG00000081189;416;347;235;248;307;303;128;91;220;114;166;66;242;216;107;318;242;277
ENSG00000153140;21;15;11;13;13;18;16;5;12;15;23;8;17;19;7;32;20;19
ENSG00000176055;16;20;4;13;17;18;11;9;10;11;6;4;5;10;5;28;18;9
ENSG00000176018;151;179;117;140;197;150;129;85;142;105;186;55;171;209;64;308;205;199
ENSG00000113369;1998;2101;1506;1951;1987;1682;2065;1367;2814;1835;3283;980;2307;2958;1196;4363;2469;2965
ENSG00000113391;276;241;233;228;230;198;238;148;330;160;286;109;238;281;125;452;305;291
ENSG00000248483;282;246;186;191;219;213;215;155;338;171;224;125;241;277;110;393;282;288
ENSG00000185261;25;16;17;19;6;29;25;12;20;14;18;4;18;25;12;40;26;31
ENSG00000133302;67;56;31;31;45;48;31;16;52;26;49;13;41;24;17;65;59;63
ENSG00000175471;183;183;130;168;209;165;329;155;412;252;423;148;240;258;87;476;255;246
ENSG00000198677;315;254;222;209;242;265;229;138;326;216;289;89;275;349;135;483;327;341
ENSG00000164291;11;8;18;4;18;11;8;8;8;4;15;4;12;11;6;19;7;15
ENSG00000164292;35;15;20;12;14;18;10;7;16;12;22;3;35;12;6;38;19;31
ENSG00000173221;112;73;67;89;140;118;114;47;150;102;125;54;165;175;53;199;114;125
ENSG00000118985;1576;1571;1112;1377;1471;1191;1050;813;1554;993;1547;548;697;917;400;1197;801;954
ENSG00000164307;471;373;324;322;378;354;526;369;706;488;693;257;486;673;258;745;455;529
ENSG00000164308;141;82;89;121;98;111;64;29;59;28;75;32;52;29;36;110;81;76
ENSG00000113441;1325;1194;966;1077;1246;1162;1019;600;1295;805;1454;432;1321;1443;565;2234;1407;1628
ENSG00000058729;96;90;55;74;79;72;74;59;111;54;99;33;96;99;37;168;90;114
ENSG00000153922;1239;1065;821;933;1076;986;944;626;1306;740;1277;462;990;1139;557;1889;1218;1403
ENSG00000174132;33;20;15;19;23;14;29;29;40;26;42;12;22;56;19;34;27;25
ENSG00000113532;376;413;312;301;408;360;491;278;655;462;648;241;776;940;380;1391;863;792
ENSG00000173930;36;13;17;15;17;21;12;3;9;5;13;2;8;15;9;28;29;27
ENSG00000145730;773;759;536;586;811;663;550;425;926;613;1006;356;577;738;293;961;582;608
ENSG00000145723;41;31;23;26;38;40;30;11;34;24;33;6;35;43;12;71;43;47
ENSG00000145725;679;595;463;519;543;485;477;278;600;379;667;198;637;733;312;1224;745;823
ENSG00000184349;1847;1538;1193;1276;1507;1380;1758;1473;3225;1862;2402;923;700;1120;463;1245;790;901
ENSG00000145743;88;57;51;67;75;55;73;35;73;57;67;22;82;67;26;122;75;78
ENSG00000151422;509;405;351;321;381;348;393;234;521;332;551;174;434;548;250;795;533;547
ENSG00000198961;1023;999;814;914;1013;931;1175;704;1545;970;1602;550;1223;1530;614;2084;1265;1208
ENSG00000112893;387;353;332;295;317;343;287;180;408;259;399;151;409;427;191;742;473;455
ENSG00000164209;225;210;133;159;189;190;188;115;263;149;210;89;206;246;87;360;195;216
ENSG00000134987;142;133;104;119;145;132;120;94;152;119;130;57;162;191;91;259;176;206
ENSG00000152495;160;109;125;144;116;87;77;52;95;57;88;29;103;84;48;139;109;114
ENSG00000164211;49;77;39;57;68;51;105;53;121;77;143;41;236;127;77;223;155;124
ENSG00000134986;164;136;140;134;155;120;142;81;191;114;195;71;174;145;86;269;145;188
ENSG00000129595;11;7;8;7;8;6;9;8;11;9;10;5;6;8;6;23;13;12
ENSG00000134982;498;522;380;403;452;455;540;338;813;508;687;291;652;755;282;950;604;604
ENSG00000153037;49;43;36;26;40;30;51;22;61;38;70;25;48;53;19;88;56;51
ENSG00000129625;267;207;194;215;246;223;228;167;357;226;371;99;297;391;161;517;281;364
ENSG00000172795;1889;1936;1380;1655;1841;1622;1423;937;1985;1168;2306;786;1640;1970;877;3049;2009;2008
ENSG00000171444;11;10;10;6;5;10;4;5;12;9;10;3;8;11;6;13;14;10
ENSG00000047188;376;324;296;265;373;302;287;198;362;210;354;140;294;355;162;595;374;442
ENSG00000152503;70;66;36;41;69;39;43;26;41;32;44;15;50;58;17;78;32;59
ENSG00000164219;570;525;356;406;507;498;503;276;617;359;645;198;579;681;298;1045;678;780
ENSG00000164221;20;25;24;22;28;28;25;11;24;21;29;13;50;61;25;78;45;60
ENSG00000145780;347;356;288;289;333;311;395;229;515;312;514;181;442;498;239;725;399;484
ENSG00000243414;14;13;13;9;9;11;14;7;37;19;12;9;12;18;11;22;10;21
ENSG00000134970;145;199;148;179;205;154;163;99;187;147;219;81;177;213;98;375;244;182
ENSG00000145782;193;173;143;153;173;134;128;81;196;140;213;57;175;200;91;310;178;217
ENSG00000177879;167;180;118;143;180;149;171;110;196;129;247;97;176;204;97;332;221;196
ENSG00000145781;80;60;50;64;104;62;66;40;114;51;93;29;80;96;53;148;112;111
ENSG00000169570;14;22;14;23;16;16;23;18;17;23;29;11;44;31;14;37;28;33
ENSG00000172869;834;805;603;619;719;683;864;496;1088;611;1051;330;1096;1246;545;1886;1179;1298
ENSG00000145779;820;751;537;589;664;590;1016;624;1402;834;1281;518;755;1003;329;1388;903;899
ENSG00000133835;435;376;308;376;435;320;535;348;647;411;690;218;729;687;268;1064;609;601
ENSG00000184838;20;25;14;11;25;16;30;38;49;23;27;10;5;13;11;21;15;27
ENSG00000151304;37;37;29;24;39;48;57;25;53;35;50;21;43;82;17;80;51;64
ENSG00000205302;386;350;228;350;361;344;357;215;443;307;469;161;487;595;227;769;492;507
ENSG00000168944;171;145;123;113;141;154;99;80;187;106;149;40;134;132;70;231;156;146
ENSG00000151292;215;158;132;153;160;208;135;86;180;106;182;63;168;163;71;287;180;196
ENSG00000168916;29;23;21;29;10;18;35;17;43;21;34;20;24;17;7;19;29;29
ENSG00000164902;96;79;51;62;84;55;80;42;120;72;113;37;94;113;35;152;78;96
ENSG00000113368;113;83;81;104;109;73;156;104;247;153;172;91;128;152;75;191;135;168
ENSG00000173926;13;17;12;15;11;6;18;20;40;21;22;13;19;19;9;21;22;20
ENSG00000164244;265;187;143;191;231;216;222;127;310;211;291;95;257;266;105;406;252;252
ENSG00000064651;94;69;62;63;69;75;77;51;86;55;70;26;79;115;50;123;98;122
ENSG00000138829;39;25;36;31;50;47;29;19;24;16;26;12;35;37;15;47;33;44
ENSG00000066583;16;10;20;16;24;20;15;16;28;13;27;10;19;33;8;41;23;32
ENSG00000169567;135;114;101;107;120;139;142;86;157;129;207;68;129;181;46;170;153;158
ENSG00000186687;109;85;70;70;102;59;91;63;121;82;137;39;66;84;36;127;74;84
ENSG00000158985;723;591;513;558;643;586;598;333;795;454;740;293;615;671;289;957;622;659
ENSG00000158987;258;206;205;225;205;206;207;152;382;218;311;128;300;289;130;498;296;328
ENSG00000217128;1149;1064;743;873;1029;899;1047;620;1431;832;1312;433;1172;1415;628;1993;1313;1429
ENSG00000072682;121;150;81;121;149;107;185;137;357;194;338;104;97;113;61;173;79;87
ENSG00000197208;239;226;123;159;216;151;203;191;493;230;347;118;191;302;101;259;195;237
ENSG00000197375;52;38;42;23;28;21;20;22;64;30;51;19;58;73;28;84;35;51
ENSG00000125347;2698;2083;1815;1842;2174;1767;3263;2527;6732;2946;4851;1734;2972;4070;1732;4180;2363;3083
ENSG00000113522;49;28;21;22;32;24;25;18;39;20;27;18;35;30;19;47;31;19
ENSG00000131437;45;31;37;39;52;33;30;26;37;22;38;8;31;37;12;51;26;36
ENSG00000164402;22;20;20;19;20;16;24;13;44;21;37;4;14;31;8;22;20;21
ENSG00000164403;58;39;31;38;51;44;37;47;87;61;65;24;47;61;31;52;37;49
ENSG00000164405;58;33;33;28;54;37;43;24;66;41;76;19;53;56;21;78;27;43
ENSG00000072364;1461;1391;1031;1103;1330;1148;1341;895;2128;1279;1909;635;1291;1693;762;2284;1556;1752
ENSG00000155329;42;74;47;67;67;58;55;22;63;46;71;30;75;86;34;141;93;90
ENSG00000170606;361;285;215;220;324;285;285;173;401;273;406;149;351;430;172;591;324;371
ENSG00000113583;226;235;155;213;242;156;192;136;314;200;282;102;213;247;91;282;215;254
ENSG00000213585;452;564;385;455;673;485;628;379;1062;643;950;342;595;796;294;940;567;567
ENSG00000081059;313;135;202;203;222;233;82;69;131;68;113;37;113;101;67;181;178;144
ENSG00000113558;542;536;408;458;497;433;584;426;810;439;697;290;552;690;292;884;650;609
ENSG00000113575;252;183;135;162;175;147;187;118;280;149;245;87;162;231;100;342;219;242
ENSG00000119048;295;286;218;251;328;192;213;158;291;181;343;113;298;365;123;490;322;345
ENSG00000043143;283;174;216;210;227;266;180;141;293;148;223;75;239;242;93;275;209;212
ENSG00000152700;293;308;213;240;318;248;318;186;465;308;508;178;260;395;139;509;300;360
ENSG00000113615;590;625;394;540;583;448;677;465;1014;589;1034;350;351;476;201;662;377;469
ENSG00000164615;61;68;50;53;50;55;56;45;92;56;89;29;64;100;24;112;87;78
ENSG00000145833;488;423;335;320;463;351;421;261;601;399;551;203;497;565;251;806;529;545
ENSG00000181904;170;172;144;144;165;143;139;61;191;113;198;63;162;199;80;278;191;214
ENSG00000113621;199;163;121;115;145;125;171;128;302;201;272;99;202;239;96;281;174;204
ENSG00000132570;204;153;114;125;125;129;197;145;291;138;201;79;240;318;129;333;242;300
ENSG00000152705;8;11;4;5;12;9;18;6;31;20;19;7;18;26;7;15;11;24
ENSG00000113648;2651;2539;1854;2077;2367;2072;3054;2205;5677;2816;4425;1573;2848;3538;1438;4134;2453;2981
ENSG00000255833;68;42;42;34;41;39;80;59;179;93;123;38;75;128;50;98;68;65
ENSG00000120708;784;770;575;553;836;613;449;322;800;468;627;250;2075;2484;845;2991;1542;1644
ENSG00000113658;290;265;201;260;304;235;266;177;410;207;364;127;317;310;165;469;303;335
ENSG00000146021;119;148;113;98;119;89;129;78;177;101;127;58;122;190;64;200;114;175
ENSG00000177733;444;415;317;349;481;345;417;343;921;636;724;270;444;633;210;685;347;397
ENSG00000031003;826;707;525;527;728;506;653;411;855;453;797;305;826;916;408;1291;912;921
ENSG00000112983;438;392;281;300;347;319;340;280;655;308;554;196;511;632;277;666;429;535
ENSG00000094880;129;119;109;117;118;105;136;88;193;150;222;54;149;192;87;253;157;132
ENSG00000120709;535;484;354;345;420;409;520;426;1005;582;804;315;741;938;358;942;581;665
ENSG00000120733;1617;1445;1095;1184;1452;1185;1584;1156;2906;1592;2385;894;1605;2233;852;2410;1462;1685
ENSG00000120738;4072;3510;1845;2012;2582;2927;4087;2280;6661;4368;5068;2425;6663;12227;4100;13014;6884;8110
ENSG00000120705;581;590;427;409;562;460;541;411;836;523;795;304;672;886;368;1263;735;842
ENSG00000113013;790;785;514;642;769;690;899;571;1233;843;1174;425;891;1039;463;1464;894;932
ENSG00000044115;954;996;624;728;1053;784;1193;947;2275;1285;2056;683;1205;1672;667;1782;1073;1217
ENSG00000120725;155;104;67;110;110;100;151;133;324;181;249;90;228;232;109;245;155;184
ENSG00000015479;28;20;20;29;28;22;41;34;81;30;61;27;26;42;14;42;25;25
ENSG00000120727;436;378;274;370;383;349;388;249;566;320;526;174;479;529;209;706;439;464
ENSG00000170469;5;6;4;5;9;7;8;3;15;5;10;7;12;16;4;20;11;8
ENSG00000170464;59;26;21;30;53;28;40;25;71;33;54;20;38;65;23;67;36;49
ENSG00000184584;183;122;181;117;143;164;94;70;179;82;139;53;122;115;66;189;143;128
ENSG00000131508;296;247;184;178;240;233;207;144;372;250;288;121;258;299;132;405;269;272
ENSG00000171604;750;687;475;515;594;524;675;510;1453;789;1017;405;579;877;319;921;565;552
ENSG00000185129;485;456;356;403;431;374;384;221;531;301;496;178;381;486;187;740;479;465
ENSG00000182700;87;69;67;46;90;63;67;43;115;49;81;40;83;96;47;122;103;85
ENSG00000120306;30;37;23;20;33;27;31;30;68;49;67;18;33;48;25;54;34;34
ENSG00000113068;92;77;51;92;101;59;81;64;143;92;125;43;117;134;42;153;103;75
ENSG00000113070;430;485;237;404;505;428;485;434;1034;631;956;390;456;688;256;841;511;505
ENSG00000131503;104;90;74;70;87;81;99;62;119;74;104;36;84;107;49;135;109;102
ENSG00000254996;13;10;11;20;17;19;15;11;25;11;18;7;24;24;7;27;15;25
ENSG00000213523;678;557;367;430;492;426;607;472;1066;588;908;309;946;1096;453;1203;757;854
ENSG00000243056;25;14;10;6;7;21;23;9;42;24;28;9;16;31;11;19;8;11
ENSG00000113108;1741;1411;837;979;1371;1100;1517;1216;3104;1765;2505;963;2393;2875;1211;2923;1919;1876
ENSG00000176087;22;10;10;18;15;11;33;15;24;32;24;9;35;34;6;32;27;33
ENSG00000170458;2417;2423;1241;1695;2708;1788;2544;2227;6787;4136;5235;1985;3506;5006;1752;4522;2666;2736
ENSG00000131495;33;37;42;28;36;26;35;28;84;70;78;31;49;62;21;63;43;38
ENSG00000113119;267;176;139;155;216;182;177;159;417;231;315;123;266;327;152;355;216;237
ENSG00000113141;454;396;289;309;276;383;410;304;744;445;563;228;474;591;228;631;374;452
ENSG00000120314;450;353;245;329;382;278;368;293;865;430;685;236;472;581;232;557;365;427
ENSG00000256453;17;15;8;4;18;10;10;12;26;13;15;9;18;19;7;17;14;15
ENSG00000170445;260;226;188;188;187;177;251;185;437;248;373;139;244;335;132;370;214;302
ENSG00000112855;356;282;255;244;348;267;301;222;513;263;423;217;327;397;172;486;319;340
ENSG00000146007;247;217;191;196;246;219;260;203;434;308;403;149;293;390;143;393;230;273
ENSG00000178913;321;350;226;329;392;274;395;246;666;408;651;209;463;544;217;676;374;428
ENSG00000120329;19;16;18;8;10;11;14;17;26;9;23;7;22;15;4;15;14;11
ENSG00000131504;1736;1430;1246;1494;1719;1512;1466;1059;2575;1417;2095;741;1758;2051;872;2690;1752;1856
ENSG00000171720;469;389;284;299;397;334;405;315;760;385;632;219;459;548;245;651;414;462
ENSG00000164620;33;21;25;36;32;23;14;13;57;26;45;11;51;26;13;30;26;22
ENSG00000197948;800;671;543;570;637;616;653;594;1575;777;1255;399;758;959;384;922;614;637
ENSG00000120318;846;678;383;439;555;567;573;475;1365;700;904;352;753;957;356;966;624;632
ENSG00000081791;648;521;424;399;509;398;471;337;941;501;782;241;613;762;337;860;582;665
ENSG00000013561;162;155;113;125;153;112;167;94;236;122;218;85;186;205;93;249;162;183
ENSG00000113552;53;54;53;40;49;48;42;40;77;51;68;26;97;74;34;106;78;62
ENSG00000131507;305;292;225;250;358;281;265;138;390;224;365;132;344;339;147;520;287;352
ENSG00000145819;3948;3335;2578;2707;3169;2772;3994;3035;7532;3658;5819;2082;5729;6826;2885;8256;5093;5710
ENSG00000113580;2261;2103;1527;1779;2037;1798;2118;1483;3699;2051;3499;1194;1235;1945;787;2562;1694;1834
ENSG00000145817;154;196;133;164;249;147;192;144;305;232;301;97;143;201;90;317;149;207
ENSG00000186314;51;32;41;40;41;44;49;37;63;45;61;21;33;42;18;71;51;48
ENSG00000133706;288;250;188;229;264;225;273;163;348;190;273;111;328;362;164;566;343;390
ENSG00000091009;96;122;106;104;149;113;112;71;127;69;142;55;128;152;68;212;113;130
ENSG00000113649;490;403;276;332;408;355;459;303;590;429;564;190;440;571;208;767;462;562
ENSG00000156475;26;10;28;20;18;41;4;15;22;6;19;8;18;21;10;24;20;18
ENSG00000113657;44;49;55;34;56;31;70;47;127;74;106;31;84;117;67;198;92;125
ENSG00000176049;157;125;86;83;114;87;189;113;242;164;173;55;597;481;182;690;361;426
ENSG00000164266;9;9;17;8;23;7;18;13;40;22;36;11;37;16;17;23;10;19
ENSG00000145868;423;400;272;337;335;296;376;258;586;333;512;175;448;568;208;623;412;525
ENSG00000169252;78;47;50;60;56;54;30;22;40;17;32;18;33;30;20;57;44;39
ENSG00000164284;63;57;44;40;52;55;63;35;70;30;60;23;45;66;31;87;54;64
ENSG00000145882;77;49;62;55;65;71;62;38;71;42;58;26;74;86;40;85;97;64
ENSG00000113712;1335;1296;906;927;1071;1012;1390;1038;2401;1394;2030;768;1427;1914;809;2229;1373;1631
ENSG00000155846;59;32;41;55;50;51;13;10;17;19;22;6;35;24;19;30;40;37
ENSG00000155850;112;110;76;76;123;112;114;67;163;105;161;57;127;149;60;224;155;166
ENSG00000164296;54;45;13;29;31;33;61;36;111;43;69;34;43;65;18;45;48;41
ENSG00000113716;992;814;516;665;848;663;1015;816;2050;1046;1461;540;1026;1257;491;1274;835;984
ENSG00000182578;7294;7237;4489;5162;7072;5619;8407;6847;20462;10874;14147;5679;11600;19292;6665;16532;9497;10577
ENSG00000113721;283;213;136;166;214;179;242;221;841;348;519;280;50;134;39;125;97;77
ENSG00000070814;336;213;167;166;216;179;261;204;548;321;354;152;294;415;156;378;241;302
ENSG00000019582;3488;1959;2658;2572;2720;3327;1906;1543;4172;2342;2828;1063;2185;2623;1158;3633;2495;2515
ENSG00000164587;646;591;576;604;800;716;726;520;1275;819;1138;383;866;1142;459;1329;596;708
ENSG00000070614;1578;1384;935;1029;1476;1127;1367;1040;3254;1562;2177;860;950;1330;481;1291;781;879
ENSG00000171992;11;12;9;6;11;22;36;19;64;29;27;23;26;12;7;29;19;20
ENSG00000086589;325;303;201;265;285;317;320;213;540;284;495;136;362;474;215;600;383;412
ENSG00000132912;822;846;599;641;793;616;829;554;1113;722;1056;390;830;1060;428;1342;846;886
ENSG00000256235;391;370;236;300;360;317;400;301;828;482;643;214;320;459;180;506;344;314
ENSG00000145908;23;33;18;10;32;18;19;11;30;20;29;11;31;21;16;48;46;32
ENSG00000145901;4336;3776;2677;2834;3784;3042;5617;4668;12906;6710;8708;3477;2320;4226;1477;3701;2173;2709
ENSG00000197043;639;530;513;475;542;563;511;374;1042;558;811;312;369;418;191;587;361;358
ENSG00000198624;1003;900;602;739;836;786;776;695;1676;1034;1376;526;751;978;381;1090;649;696
ENSG00000196743;362;332;260;318;382;346;507;318;927;611;781;274;250;390;170;477;294;309
ENSG00000123643;561;513;375;336;428;349;529;358;899;522;586;269;1384;1663;610;1946;1107;1253
ENSG00000113140;81;55;92;101;80;119;40;33;76;42;44;17;87;47;18;101;81;65
ENSG00000177556;304;248;184;223;212;187;288;201;507;253;373;157;211;258;89;275;208;222
ENSG00000145907;1061;1023;700;879;987;794;1039;738;1462;892;1367;467;962;1210;536;1760;1054;1137
ENSG00000055147;91;68;72;68;97;63;91;42;109;71;101;43;111;105;47;135;111;86
ENSG00000037749;146;132;92;111;170;127;125;72;221;110;199;76;155;231;63;265;158;164
ENSG00000164574;187;128;118;136;127;118;151;106;210;114;164;70;186;201;89;238;184;152
ENSG00000164576;123;109;101;96;123;112;108;75;171;85;178;57;152;145;65;194;136;111
ENSG00000155506;1200;1113;850;993;1113;984;1485;1091;2728;1542;2008;791;1522;2122;806;2188;1285;1440
ENSG00000170271;13;22;13;26;8;17;10;9;11;5;8;3;28;20;2;27;6;19
ENSG00000155508;694;717;476;601;708;591;733;467;1074;676;1148;367;776;976;416;1321;810;850
ENSG00000082516;135;124;95;105;101;123;96;72;162;102;144;62;120;176;70;190;129;132
ENSG00000082515;42;45;28;36;51;33;30;27;54;33;59;18;35;44;32;64;37;59
ENSG00000113249;32;28;39;46;20;25;37;33;56;28;54;18;78;64;40;87;40;72
ENSG00000135077;252;187;181;184;195;170;235;148;353;207;371;93;439;468;191;673;433;472
ENSG00000155868;123;104;88;127;104;81;104;76;145;82;142;66;119;131;67;179;94;107
ENSG00000113263;270;152;202;177;200;257;76;64;139;55;125;41;131;108;52;181;163;161
ENSG00000055163;461;270;410;376;360;438;221;172;315;194;255;127;265;218;117;366;282;305
ENSG00000135074;816;466;572;529;660;510;872;722;2243;960;1336;634;391;385;181;462;403;345
ENSG00000113272;33;28;22;23;44;49;26;17;72;54;61;20;53;69;31;83;47;54
ENSG00000155858;30;43;23;30;43;34;40;18;43;25;40;15;43;45;19;68;42;49
ENSG00000113282;434;377;318;326;412;394;437;290;729;409;639;237;607;734;279;1000;574;714
ENSG00000164330;54;46;37;46;47;46;77;45;120;69;75;35;18;31;13;45;41;41
ENSG00000145860;1480;1393;1008;1133;1302;1075;1605;1189;2406;1295;2218;903;1393;1907;792;2473;1460;1709
ENSG00000164332;62;48;39;52;51;58;44;31;72;37;52;24;58;73;27;108;66;75
ENSG00000113312;85;74;43;47;65;57;86;59;124;76;120;33;98;111;58;150;101;109
ENSG00000170234;180;149;124;118;149;140;140;107;216;139;209;60;203;195;76;270;192;197
ENSG00000164609;234;244;196;198;233;202;254;145;355;213;385;121;262;349;123;485;283;297
ENSG00000113328;97;100;113;121;86;106;65;56;93;59;111;42;93;89;36;168;93;97
ENSG00000170584;29;27;20;26;42;11;20;22;24;22;44;12;27;37;18;43;24;46
ENSG00000038274;237;259;188;238;245;226;177;123;245;169;340;102;248;288;114;407;208;275
ENSG00000113643;296;294;185;236;254;245;252;159;346;195;385;123;311;374;160;573;389;378
ENSG00000120137;764;821;571;599;743;696;706;365;953;553;942;291;764;948;399;1389;929;1020
ENSG00000040275;24;11;11;14;22;6;21;11;15;16;14;8;17;21;8;21;15;16
ENSG00000134516;2906;2412;1937;2226;2542;2199;2918;1985;5012;2446;4043;1499;3074;3770;1567;4388;3119;3083
ENSG00000043462;1276;1050;899;899;1146;1040;1190;1007;2319;1149;1766;661;701;879;358;1200;758;800
ENSG00000145936;166;142;100;130;140;105;204;150;427;191;278;99;82;144;48;167;71;92
ENSG00000181163;931;813;615;666;848;763;930;557;1274;905;1316;449;993;1148;471;1543;907;969
ENSG00000072803;469;483;325;344;444;324;430;309;755;407;627;240;475;643;245;781;544;513
ENSG00000072786;1968;1597;1391;1384;1615;1569;2021;1773;4216;2120;3054;1166;2375;2709;1119;2813;1749;1978
ENSG00000168246;43;61;36;62;47;36;65;38;87;50;70;34;70;85;27;102;53;80
ENSG00000174705;1072;1125;782;761;977;828;617;454;1564;758;890;418;221;329;116;373;249;244
ENSG00000120129;10100;8061;5465;6456;8144;7398;8727;6688;16063;8928;14501;5743;10199;17082;6641;17434;8702;11539
ENSG00000113719;3147;3085;1991;2252;2967;2261;3062;2723;7289;3649;4525;1875;948;1599;556;1365;870;1087
ENSG00000037241;21;22;9;11;19;17;25;15;48;28;25;13;10;22;3;11;14;12
ENSG00000113732;239;271;194;205;377;244;326;253;612;437;565;214;422;524;219;643;320;355
ENSG00000164463;942;894;610;659;774;634;731;460;1010;577;1005;359;1146;1284;594;1750;1211;1312
ENSG00000113734;21;4;13;16;10;8;18;12;24;18;17;6;22;32;12;35;27;23
ENSG00000145919;73;71;65;68;60;62;82;45;113;88;103;35;73;87;30;113;89;105
ENSG00000113742;1172;1180;842;911;1049;1018;1135;713;1633;1013;1591;539;1347;1513;652;2064;1314;1500
ENSG00000164466;227;222;153;177;178;166;226;167;312;197;312;124;210;244;97;320;188;213
ENSG00000113749;296;297;236;244;312;271;258;186;509;311;294;116;608;744;257;839;480;490
ENSG00000051596;29;53;37;47;38;33;43;35;93;37;56;18;56;79;39;53;51;43
ENSG00000170085;121;79;67;96;78;67;81;70;150;91;124;44;115;146;46;153;116;105
ENSG00000122203;306;276;233;213;266;212;257;196;527;297;438;159;279;369;128;445;329;295
ENSG00000175414;172;138;97;102;133;125;113;78;182;90;181;50;85;144;54;128;100;106
ENSG00000048162;27;18;13;14;14;8;21;15;44;14;27;11;30;44;10;39;23;29
ENSG00000146066;113;108;76;81;110;115;96;64;163;113;130;61;97;160;35;116;84;86
ENSG00000175416;63;47;34;42;69;37;62;76;170;103;117;41;117;152;53;103;85;94
ENSG00000113194;395;328;265;272;353;283;403;243;640;395;530;193;420;522;235;580;445;447
ENSG00000146083;591;408;405;350;477;489;287;280;728;474;513;226;374;484;181;485;356;330
ENSG00000169258;14;5;7;5;8;12;8;4;24;9;9;6;5;10;4;8;7;6
ENSG00000048140;163;137;83;105;115;67;103;89;241;119;185;71;127;177;71;148;114;102
ENSG00000160883;611;466;425;387;471;457;1200;972;2573;1413;1623;674;1086;1429;465;1456;842;945
ENSG00000087206;511;393;316;322;432;336;517;361;816;421;683;266;560;587;240;747;499;490
ENSG00000113761;121;80;55;74;92;101;89;71;153;74;123;53;94;114;53;127;85;101
ENSG00000165671;1860;1545;1181;1270;1454;1234;1667;1129;2758;1482;2142;828;1823;2188;928;2713;1768;1884
ENSG00000169228;440;357;271;303;323;330;353;326;770;412;622;211;307;377;147;362;232;255
ENSG00000213347;91;47;41;41;84;45;75;68;174;78;118;44;103;106;48;134;67;80
ENSG00000169230;215;181;132;160;247;176;207;173;410;258;364;118;241;254;116;298;200;174
ENSG00000169223;449;374;282;283;383;364;413;445;1195;654;780;325;552;788;258;647;448;410
ENSG00000169220;136;88;119;88;75;123;65;58;98;63;76;37;117;120;52;154;79;117
ENSG00000198055;991;809;649;736;936;833;950;879;2263;1119;1416;526;1217;1682;676;1518;1013;1080
ENSG00000131188;65;32;31;29;35;36;36;29;78;29;44;12;42;56;17;46;41;36
ENSG00000113758;70;48;35;38;37;42;35;51;151;72;89;32;26;44;19;50;26;24
ENSG00000196923;1580;1274;789;753;1216;971;1306;1467;4217;2118;2426;1026;1537;2164;850;1753;1153;1175
ENSG00000146094;1181;1096;642;694;1042;790;1138;1165;3188;1599;1922;753;1214;1840;649;1470;954;1129
ENSG00000183258;426;381;282;274;395;327;513;448;1004;592;812;294;456;600;278;553;373;409
ENSG00000146067;1315;1067;791;763;1004;900;1122;1129;2880;1355;1972;739;1047;1420;587;1321;902;930
ENSG00000184840;216;228;149;169;222;184;294;324;688;499;581;237;296;483;160;493;256;285
ENSG00000027847;91;72;60;60;109;70;103;94;276;115;179;68;90;150;59;116;61;92
ENSG00000145911;25;23;16;15;20;15;63;48;113;60;111;29;26;36;19;33;18;17
ENSG00000145916;125;89;66;78;99;107;171;135;286;131;233;82;196;245;104;220;150;174
ENSG00000145912;33;37;29;36;41;39;29;20;68;41;56;21;42;59;32;44;25;40
ENSG00000197451;274;234;165;166;221;182;243;173;375;237;317;124;330;352;153;465;271;390
ENSG00000175309;1658;1255;913;976;1190;1080;1236;1000;2554;1205;1624;657;1454;1841;741;1801;1271;1493
ENSG00000050767;2457;2047;1438;1418;1851;1521;2176;2308;5800;2700;3832;1499;2310;3043;1271;2863;1788;1883
ENSG00000113240;788;747;539;611;698;626;610;465;920;543;905;356;673;823;406;1116;746;823
ENSG00000169131;87;103;54;101;109;106;99;51;137;81;133;58;92;125;41;181;108;137
ENSG00000178338;87;79;71;54;63;52;81;51;103;58;96;43;92;83;32;111;85;87
ENSG00000234284;39;37;19;33;21;32;32;24;60;35;38;16;52;57;33;86;41;51
ENSG00000177932;62;42;33;50;65;66;48;28;69;42;56;29;46;62;25;78;51;64
ENSG00000087116;199;161;107;100;120;98;153;162;527;239;238;90;85;121;26;141;79;95
ENSG00000176783;466;291;279;305;349;338;486;333;941;493;647;250;607;673;271;722;430;500
ENSG00000169045;4280;3499;2869;3138;3389;3339;3522;2724;5472;3094;5037;1836;4014;4558;2071;5914;3868;4596
ENSG00000127022;2739;2929;2095;2851;3388;2588;4542;3069;7443;4999;7957;2403;3813;5047;1825;5651;3132;3518
ENSG00000161021;1009;817;568;651;781;652;985;740;2002;982;1410;527;825;1137;494;1195;823;849
ENSG00000213316;55;36;21;31;44;28;53;53;158;64;97;40;56;76;34;65;44;29
ENSG00000161013;608;494;323;377;485;382;515;448;1354;581;875;297;668;895;339;752;445;579
ENSG00000161011;2440;2346;1434;1754;2151;1628;2868;2357;6275;3290;4651;1695;3695;4547;1848;4339;2281;2967
ENSG00000161010;170;117;109;123;150;114;101;71;259;115;150;72;131;139;63;163;103;126
ENSG00000197226;1463;1166;928;1047;1304;1082;1647;1505;3951;1965;2896;1048;1678;2113;841;1943;1288;1366
ENSG00000113269;954;1063;683;795;1066;811;1000;649;1644;1029;1538;532;1142;1548;597;1953;1072;1247
ENSG00000050748;171;173;139;139;168;135;159;99;248;138;198;68;192;226;104;301;213;235
ENSG00000131459;32;16;13;11;18;26;34;21;77;40;37;29;26;20;5;36;17;11
ENSG00000113300;550;518;383;527;535;461;524;296;747;359;672;256;510;669;257;923;551;676
ENSG00000131446;3431;3102;2191;2319;3168;2335;3891;3050;8712;4498;6424;2346;4095;5227;2109;4852;2651;3248
ENSG00000196670;105;84;84;83;87;99;80;45;114;44;114;30;86;106;50;151;111;90
ENSG00000146054;17;15;21;16;16;14;7;13;29;16;17;5;8;6;5;6;10;8
ENSG00000146063;302;315;198;195;299;214;355;333;868;486;570;226;336;451;167;413;298;281
ENSG00000204628;1368;1104;895;1030;1250;1062;1196;921;2439;1463;1986;791;1281;1733;708;1807;1116;1191
ENSG00000183718;251;196;135;196;191;147;226;153;385;211;298;108;223;303;94;319;195;254
ENSG00000112679;900;779;663;632;799;660;1014;919;1919;938;1558;646;900;1243;511;1340;899;915
ENSG00000137265;284;199;190;210;242;192;326;232;624;311;434;226;225;280;95;335;211;243
ENSG00000112685;275;235;168;209;180;203;227;158;357;198;285;120;252;336;161;414;250;254
ENSG00000188996;17;7;18;3;9;6;14;7;23;4;20;6;12;14;7;15;16;8
ENSG00000164379;13;8;4;9;15;7;7;14;29;20;28;7;10;21;7;20;13;9
ENSG00000112699;17;19;22;26;20;32;12;7;22;11;13;12;18;21;7;31;13;8
ENSG00000145949;45;47;21;35;52;32;58;36;70;38;62;17;80;82;30;86;62;67
ENSG00000124535;373;327;240;259;309;283;340;249;586;320;495;190;342;453;147;530;331;341
ENSG00000021355;513;479;396;447;504;434;480;297;737;439;623;250;495;581;241;748;441;483
ENSG00000170542;1547;1510;1081;1304;1565;1375;1213;908;2377;1307;1884;694;280;365;158;540;340;352
ENSG00000124570;1317;1204;853;1018;1060;947;1228;904;1911;1054;1489;638;869;1055;471;1191;792;899
ENSG00000124588;636;509;361;388;487;440;407;311;888;430;680;256;335;405;168;456;298;352
ENSG00000137275;370;377;318;323;378;337;362;274;672;340;528;178;405;460;211;600;346;372
ENSG00000137274;33;25;17;27;18;21;21;21;44;34;34;15;22;34;19;28;25;28
ENSG00000180822;101;66;57;88;104;97;82;53;119;72;94;55;85;104;47;107;82;94
ENSG00000137266;116;65;52;62;78;56;184;118;345;179;214;98;94;130;47;135;109;71
ENSG00000168994;28;31;28;23;37;23;61;38;95;49;77;22;46;71;17;80;31;47
ENSG00000145945;10;12;3;12;8;10;7;6;9;13;12;7;18;17;6;14;8;8
ENSG00000112739;1541;1408;1077;1069;1358;1234;1176;832;1714;1127;1844;607;1400;1647;645;2403;1502;1827
ENSG00000198721;65;56;58;61;63;61;64;44;108;40;93;28;58;93;27;99;64;68
ENSG00000153046;373;224;214;220;315;217;333;223;661;319;425;181;354;428;171;480;302;317
ENSG00000219607;59;53;32;65;64;34;52;51;138;91;108;44;59;101;49;85;56;78
ENSG00000214113;65;51;44;65;65;48;76;58;110;68;88;33;47;70;34;88;54;66
ENSG00000145982;79;102;63;62;79;53;77;84;144;66;111;54;123;142;62;142;84;118
ENSG00000124491;275;194;249;197;223;326;123;93;165;106;137;48;238;189;76;265;176;210
ENSG00000124782;1825;1728;1184;1194;1615;1316;1667;1222;3255;1598;2012;889;1593;2026;845;2324;1524;1693
ENSG00000124783;711;690;485;609;735;541;620;402;865;586;1011;328;740;862;371;1218;778;748
ENSG00000124784;73;66;43;48;54;65;49;32;82;56;79;28;102;78;35;101;75;100
ENSG00000168566;141;146;135;146;132;130;116;80;170;83;189;70;135;179;75;306;206;194
ENSG00000153162;113;83;69;69;103;104;39;30;120;76;90;47;11;34;9;29;29;18
ENSG00000188428;63;78;55;72;76;60;67;37;84;50;100;30;69;77;45;115;84;90
ENSG00000124786;140;119;87;122;149;90;106;86;203;108;185;54;114;185;64;218;133;164
ENSG00000111846;63;38;30;31;37;42;54;39;70;34;56;11;157;138;59;207;131;139
ENSG00000111845;33;25;26;38;30;27;33;17;56;36;28;16;39;46;28;76;39;43
ENSG00000111843;75;61;51;44;50;43;42;34;76;64;89;29;69;75;31;114;69;66
ENSG00000137210;91;110;97;74;95;72;109;72;142;106;154;41;124;132;47;184;124;132
ENSG00000111837;15;6;9;13;6;9;9;9;21;13;21;8;30;29;12;36;30;24
ENSG00000224531;75;84;44;71;58;69;53;43;84;68;89;34;50;63;28;94;60;57
ENSG00000111859;364;333;237;267;355;342;223;196;542;293;471;178;88;120;42;177;121;120
ENSG00000205269;1014;955;622;719;850;742;640;412;871;539;979;299;937;1090;440;1513;1021;1224
ENSG00000111863;102;93;76;70;88;81;162;102;224;110;139;61;38;29;13;34;52;43
ENSG00000095951;1269;1154;788;818;1189;972;1765;1332;2821;1593;2169;855;867;1358;531;1645;1047;1174
ENSG00000112137;266;263;188;230;249;204;295;228;475;294;486;169;234;253;107;297;158;192
ENSG00000145979;99;66;76;50;64;61;52;46;111;54;93;35;42;61;19;96;64;71
ENSG00000145990;145;142;119;103;149;158;167;100;303;144;196;78;98;124;70;199;123;151
ENSG00000124523;86;78;72;71;88;56;57;30;83;49;70;29;81;75;36;81;59;78
ENSG00000225921;67;63;54;64;64;54;60;38;94;55;108;41;68;59;49;124;58;73
ENSG00000010017;375;348;256;264;340;294;329;243;501;279;404;143;374;415;190;557;385;383
ENSG00000050393;47;37;35;31;37;26;43;22;55;27;39;21;45;46;25;64;31;59
ENSG00000112149;757;558;484;493;520;392;1451;1064;2312;1339;2026;779;1544;2437;898;2530;1589;1767
ENSG00000008083;2715;2300;1931;1986;2492;2121;3200;2473;5912;2896;4472;1578;3767;4679;1988;5454;3642;3976
ENSG00000047579;99;87;54;61;94;73;90;66;138;74;133;36;133;132;50;156;110;111
ENSG00000007944;736;669;527;489;598;547;684;467;1000;581;943;356;555;639;318;823;487;607
ENSG00000124788;3793;3653;2487;2680;3243;2837;4178;3010;7698;4111;6074;2154;4040;5991;2369;6591;4078;4783
ENSG00000137414;82;105;70;72;111;87;89;28;103;59;92;35;104;112;49;170;135;135
ENSG00000124789;786;746;553;622;778;581;744;529;1143;612;1009;347;775;992;350;1268;807;916
ENSG00000137177;1970;1962;1413;1652;1776;1512;1966;1340;3234;1820;2771;1053;1724;2310;924;2937;1746;1964
ENSG00000137364;88;81;75;58;87;62;119;64;119;95;165;47;105;139;40;183;91;85
ENSG00000165097;222;172;117;154;203;171;184;134;269;180;288;100;180;239;87;369;220;201
ENSG00000124795;508;510;352;456;513;465;492;328;651;424;705;243;601;826;276;1118;683;811
ENSG00000137393;1564;1247;982;1156;1276;1028;2223;1415;2934;1692;2373;1009;675;1261;498;1372;911;1041
ENSG00000172197;81;47;59;65;68;75;30;26;24;17;34;16;46;58;32;102;63;72
ENSG00000112242;241;201;159;185;207;162;255;148;405;255;348;110;267;378;129;440;336;330
ENSG00000145996;272;218;155;168;224;175;204;125;284;164;252;94;247;284;108;438;260;277
ENSG00000124766;675;668;443;583;772;597;674;472;1440;846;1147;465;294;511;185;613;372;456
ENSG00000124532;112;54;68;55;68;77;61;34;78;60;90;22;88;85;34;120;78;80
ENSG00000111802;186;200;157;155;191;140;199;131;319;188;288;89;206;238;105;349;212;233
ENSG00000112304;21;12;11;13;13;16;16;13;28;14;12;10;17;16;5;35;12;22
ENSG00000112308;1753;1715;1163;1370;1689;1249;1465;997;2834;1704;2399;772;1598;2119;831;2727;1579;1838
ENSG00000112312;17;20;14;11;16;21;8;5;27;11;18;6;11;29;5;28;22;23
ENSG00000111913;785;482;600;603;551;796;219;134;238;119;244;84;311;245;139;467;462;437
ENSG00000079691;24;22;24;23;19;22;24;7;25;10;16;6;37;26;17;34;21;37
ENSG00000112343;1138;1000;735;797;1006;826;881;620;1245;730;1247;396;989;1125;483;1615;975;1247
ENSG00000275714;64;48;26;20;18;24;47;23;51;40;45;24;47;58;29;72;37;57
ENSG00000278705;137;104;85;97;96;96;217;154;305;143;199;115;245;257;146;213;123;212
ENSG00000278463;37;25;23;5;13;19;20;22;31;17;22;13;20;20;17;26;6;31
ENSG00000276410;52;26;22;11;17;23;30;19;58;30;36;28;25;44;26;36;13;34
ENSG00000187837;1605;1128;806;785;935;999;1586;1040;2010;1150;1358;939;1401;1903;887;1770;894;1567
ENSG00000180596;294;170;115;111;163;165;267;201;469;257;229;162;279;330;143;269;188;285
ENSG00000010704;14;9;21;3;13;21;14;3;10;17;6;4;17;15;6;21;29;23
ENSG00000197061;104;73;42;40;68;50;116;75;130;83;110;76;120;156;81;138;75;107
ENSG00000187475;24;9;7;10;10;10;14;20;28;13;12;12;33;28;17;19;13;33
ENSG00000180573;597;433;380;400;475;411;564;425;985;482;642;312;675;781;343;783;456;578
ENSG00000168298;748;584;383;360;527;444;693;547;1375;836;798;415;619;892;365;824;538;572
ENSG00000158373;450;290;209;156;221;279;427;326;699;350;309;271;419;593;232;462;260;452
ENSG00000274290;50;18;25;20;29;29;25;22;50;28;28;15;34;31;21;34;21;40
ENSG00000197409;81;56;42;27;19;52;65;38;88;48;49;30;65;68;40;81;47;83
ENSG00000277224;62;31;25;39;26;43;35;48;73;42;36;24;44;59;30;47;37;53
ENSG00000276966;231;205;119;142;185;184;255;206;614;355;353;179;379;479;218;449;229;287
ENSG00000273802;117;80;46;58;47;64;111;66;182;83;92;59;113;146;61;104;65;124
ENSG00000277075;144;75;79;62;81;77;133;105;217;114;101;107;157;171;88;139;82;143
ENSG00000274750;20;18;6;18;10;16;25;16;36;20;25;15;21;33;13;36;31;28
ENSG00000124575;187;165;123;97;149;130;193;151;279;151;196;105;196;257;109;277;148;212
ENSG00000274618;21;17;22;19;13;19;23;13;44;23;19;17;27;40;20;28;19;21
ENSG00000275713;19;4;9;7;13;14;9;10;22;14;13;9;29;18;6;22;10;18
ENSG00000158406;164;136;100;115;145;134;201;173;386;182;234;105;310;352;155;317;163;251
ENSG00000186470;399;260;253;314;282;361;267;148;453;237;384;139;325;259;134;377;221;246
ENSG00000124508;124;100;110;111;116;116;231;183;391;209;299;108;189;213;80;265;160;178
ENSG00000026950;483;315;337;327;422;424;331;210;467;274;432;156;318;318;157;391;302;399
ENSG00000111801;303;177;224;205;212;229;227;159;316;169;295;95;241;227;109;254;193;207
ENSG00000112763;945;656;502;617;717;646;1124;807;1966;1040;1451;570;857;1206;442;1196;763;808
ENSG00000182952;206;222;151;137;228;208;193;117;271;178;288;100;248;290;100;435;234;255
ENSG00000146109;126;85;80;67;93;112;114;89;272;119;204;64;135;158;63;186;99;109
ENSG00000181315;39;42;23;33;45;32;25;24;53;28;50;19;30;62;23;81;47;40
ENSG00000124635;96;79;51;47;52;75;97;49;129;43;62;50;91;81;43;101;43;98
ENSG00000196787;97;45;48;37;39;39;92;66;112;56;73;48;85;89;59;72;42;76
ENSG00000197903;123;80;83;57;74;72;104;62;199;113;153;47;126;174;69;198;113;111
ENSG00000274997;24;16;13;7;10;17;30;27;49;16;30;15;26;26;14;18;10;21
ENSG00000096654;48;41;22;34;42;26;38;24;55;23;35;18;36;44;21;65;31;41
ENSG00000278828;75;44;45;52;47;43;57;34;96;39;59;35;68;64;32;61;54;43
ENSG00000275221;57;20;23;12;27;17;44;38;61;37;46;13;33;41;17;42;28;21
ENSG00000233822;22;23;20;17;20;22;30;13;38;28;24;14;16;25;14;38;26;23
ENSG00000184357;48;33;18;29;34;26;32;27;58;41;46;28;37;56;20;54;28;40
ENSG00000275379;20;11;7;10;8;14;9;10;18;20;14;2;16;13;4;21;6;15
ENSG00000278677;32;25;10;19;25;15;32;19;38;28;26;9;28;38;14;30;12;27
ENSG00000274641;26;20;6;11;7;8;14;15;38;17;7;10;13;15;8;13;11;12
ENSG00000196812;10;10;20;10;5;7;13;12;8;10;10;4;12;13;9;13;14;17
ENSG00000198315;449;376;285;312;353;336;298;203;448;287;486;147;322;470;192;574;335;414
ENSG00000137185;84;72;40;49;44;50;72;32;82;55;94;26;81;87;37;137;72;83
ENSG00000187626;47;35;28;28;29;33;27;28;49;23;52;14;28;36;25;50;25;38
ENSG00000197062;73;68;61;45;65;72;54;57;90;50;87;31;67;81;45;113;56;62
ENSG00000189298;51;40;26;37;40;25;27;19;56;28;44;15;51;51;22;52;25;46
ENSG00000158691;72;43;35;33;37;27;43;27;57;33;56;14;41;63;27;80;45;44
ENSG00000204713;288;216;169;180;192;147;225;170;391;258;301;123;230;299;133;361;217;262
ENSG00000204681;1330;1084;801;858;1031;972;953;822;1923;996;1492;520;1094;1362;560;1312;956;940
ENSG00000204644;64;56;39;37;54;42;44;27;76;53;67;28;53;48;12;50;24;37
ENSG00000204642;990;874;694;743;902;824;1110;1056;2504;1441;2046;739;964;1329;523;1317;782;948
ENSG00000204632;4;7;3;5;10;9;14;4;23;16;20;9;9;10;8;7;5;9
ENSG00000206503;6315;5881;4517;5477;6537;5117;8398;6592;19244;10964;15544;5053;7898;11322;4354;10443;5979;7037
ENSG00000066379;28;26;41;22;32;29;27;26;40;35;53;10;34;41;12;36;22;36
ENSG00000204619;288;328;186;263;278;231;305;217;674;384;517;194;326;402;150;484;254;274
ENSG00000234127;329;289;240;210;336;247;321;283;704;336;424;143;327;390;160;444;269;340
ENSG00000204599;190;149;124;101;106;109;149;117;282;148;210;84;155;194;75;208;109;149
ENSG00000204592;4975;4787;3687;4404;5463;4197;5666;4350;11829;6701;9746;3253;6377;8671;3409;8342;4883;6034
ENSG00000204590;630;528;455;479;540;472;632;537;1276;697;1012;361;645;885;363;958;574;632
ENSG00000204576;58;37;34;36;30;25;48;30;87;45;54;25;61;59;16;75;48;68
ENSG00000204574;375;404;311;302;396;312;512;505;988;551;771;316;530;696;298;852;438;503
ENSG00000204569;1119;953;659;788;845;861;1060;819;1894;1036;1427;640;1110;1480;551;1571;921;1062
ENSG00000204568;33;31;34;26;48;38;39;35;58;49;49;28;63;68;33;82;45;46
ENSG00000137343;101;117;83;66;83;67;107;61;213;90;134;63;106;129;59;96;96;87
ENSG00000204564;55;38;31;31;46;25;41;36;98;46;62;20;51;52;18;82;37;32
ENSG00000204560;398;299;241;261;333;260;387;324;824;459;624;265;428;600;212;596;348;358
ENSG00000146112;1697;1550;993;1091;1460;1173;2102;1654;5701;3162;3626;1120;1795;2574;908;2376;1373;1553
ENSG00000137404;116;80;69;54;76;65;115;80;249;127;159;59;110;171;64;147;106;93
ENSG00000137337;363;255;208;228;295;209;303;256;590;374;468;173;284;403;158;429;292;359
ENSG00000196230;890;1067;715;817;1040;885;1371;826;2627;1597;2086;785;1096;1388;520;1424;842;926
ENSG00000137312;1898;1523;983;1103;1367;1044;2011;1613;3895;2032;2589;961;2456;3690;1325;3307;1905;2219
ENSG00000137331;3861;4094;2423;2778;3975;2728;4690;4263;10074;6587;8328;2734;5251;8126;2831;7717;4009;4493
ENSG00000204580;343;225;183;207;227;221;285;237;706;379;561;212;271;378;127;315;178;187
ENSG00000204536;208;197;136;151;201;154;211;180;427;224;298;119;230;285;100;251;177;189
ENSG00000137310;12;17;13;8;9;22;11;5;16;6;12;5;13;15;8;11;8;7
ENSG00000204525;4709;4151;3316;3958;4771;3868;5593;4623;13223;7739;10327;3529;5487;7491;2902;6932;4171;4691
ENSG00000234745;11527;11712;8572;10292;12894;9616;14880;11609;33241;18863;26859;8894;15454;22151;8605;20806;11783;13889
ENSG00000204520;77;72;41;51;77;59;82;52;142;85;107;41;71;109;32;87;39;88
ENSG00000204516;83;67;48;50;36;80;71;45;125;69;99;32;82;114;53;130;56;82
ENSG00000198563;18;13;5;11;11;8;9;8;20;6;16;7;7;17;11;15;23;12
ENSG00000204498;51;52;28;32;46;26;49;32;98;72;93;29;71;82;29;76;39;58
ENSG00000232810;150;108;61;76;83;75;93;79;213;115;162;91;238;354;112;320;147;212
ENSG00000227507;55;29;48;57;56;78;14;15;31;14;30;3;25;24;9;41;29;19
ENSG00000204482;142;85;111;88;115;133;76;56;115;87;102;30;129;168;56;197;137;149
ENSG00000204472;188;163;118;134;208;164;112;79;203;132;223;53;287;369;108;442;225;274
ENSG00000204469;2048;1819;1134;1213;1690;1396;1851;1559;4361;2354;3007;1127;2311;3155;1172;2992;1773;2056
ENSG00000204463;1676;1457;1129;1157;1505;1136;1836;1582;4067;2225;2874;1118;1943;2729;1026;2492;1571;1724
ENSG00000204439;299;270;172;217;263;199;295;200;555;315;471;205;259;385;161;436;298;278
ENSG00000204438;158;113;117;97;137;126;170;162;346;165;260;97;171;225;97;235;153;143
ENSG00000204435;100;65;67;48;54;61;76;52;147;68;106;35;100;108;32;131;86;101
ENSG00000240053;331;217;172;169;167;189;216;230;386;225;353;128;290;342;142;399;260;295
ENSG00000204427;16;8;10;6;20;10;11;7;24;14;22;4;12;9;11;13;17;9
ENSG00000204420;58;20;62;58;38;74;28;11;24;7;21;7;16;30;9;36;51;43
ENSG00000213722;123;87;86;78;82;93;101;107;244;150;186;92;187;210;76;200;111;111
ENSG00000213719;689;735;515;590;842;657;876;729;2036;1351;1781;671;1097;1612;577;1544;824;930
ENSG00000204394;144;96;86;86;121;121;80;78;172;93;107;32;179;190;89;193;127;134
ENSG00000204392;32;21;17;30;25;19;16;14;44;18;33;7;26;38;11;52;24;21
ENSG00000204390;11;10;3;10;16;17;12;10;15;8;10;7;11;16;4;14;8;8
ENSG00000204389;139;119;109;92;111;104;102;70;171;125;132;53;147;177;60;199;144;130
ENSG00000204388;75;60;44;55;60;51;44;32;113;38;83;31;86;100;54;88;43;58
ENSG00000204386;240;276;156;153;287;192;386;297;711;445;622;197;463;645;234;610;314;392
ENSG00000204371;197;153;144;136;141;157;134;107;300;185;219;82;162;216;87;185;147;158
ENSG00000166278;22;9;10;18;16;7;14;15;42;11;21;8;29;40;22;34;35;25
ENSG00000204356;231;221;151;149;188;201;238;214;462;242;393;154;292;347;137;335;217;196
ENSG00000204351;732;642;506;454;653;504;688;669;1532;808;1018;418;802;1001;427;976;608;687
ENSG00000204348;78;108;56;60;95;70;99;86;257;135;207;76;152;171;58;122;79;110
ENSG00000204344;102;88;62;47;81;79;113;100;245;121;188;67;116;137;64;126;95;116
ENSG00000224389;11;7;11;4;8;3;6;9;23;10;13;4;11;10;5;12;7;8
ENSG00000168477;39;17;28;21;26;31;14;21;103;40;45;18;32;42;13;37;22;26
ENSG00000213676;1208;1130;704;865;1053;924;1239;1103;2914;1503;1967;746;1399;2005;772;1899;1111;1236
ENSG00000204315;5;10;8;4;6;7;12;4;23;15;23;9;17;18;4;15;13;8
ENSG00000204310;213;155;133;129;177;140;163;142;409;210;299;120;196;271;108;252;157;176
ENSG00000204308;69;75;51;64;58;69;99;74;176;112;140;38;103;164;66;150;92;89
ENSG00000204305;292;241;171;191;185;262;316;263;566;310;460;157;342;467;162;431;288;308
ENSG00000204304;883;781;631;664;799;669;973;793;2023;1083;1341;528;1122;1549;589;1479;940;1061
ENSG00000213654;638;597;417;420;588;508;572;454;1379;859;1055;386;642;933;346;914;606;563
ENSG00000204301;14;16;19;11;12;7;5;10;17;11;16;6;12;12;9;26;11;13
ENSG00000204287;1607;1035;1261;1256;1398;1411;1374;887;2182;1403;2000;766;1612;1686;790;2498;1605;1503
ENSG00000198502;272;109;147;186;213;229;94;101;197;124;184;71;137;162;85;238;190;165
ENSG00000196126;701;448;486;511;557;552;515;406;955;615;861;289;564;723;282;903;604;586
ENSG00000196735;242;140;190;211;191;223;190;152;375;200;318;107;160;215;92;287;204;194
ENSG00000179344;333;166;191;206;236;264;187;151;348;187;287;82;165;170;95;305;247;239
ENSG00000237541;25;21;12;25;28;14;56;41;103;63;87;34;62;59;26;77;35;51
ENSG00000232629;35;18;19;18;16;27;42;35;82;43;59;21;39;37;13;44;23;39
ENSG00000241106;25;26;23;25;18;34;35;32;79;24;39;22;31;26;14;27;26;26
ENSG00000204267;123;103;81;90;102;109;111;58;173;76;116;45;58;100;35;130;106;90
ENSG00000204264;186;145;118;120;194;119;177;89;269;183;233;80;140;194;100;230;134;138
ENSG00000240065;122;86;114;98;114;119;95;63;131;102;144;37;73;96;33;119;74;71
ENSG00000168394;497;403;353;348;470;396;473;402;1045;616;901;303;391;517;166;525;369;358
ENSG00000242574;166;77;130;126;111;140;57;42;123;53;85;34;124;113;50;158;130;143
ENSG00000204257;188;117;162;146;141;193;117;92;225;112;159;57;198;239;102;327;193;176
ENSG00000204256;2846;2495;1746;1911;2130;2003;2949;2271;5221;3152;4039;1659;3472;4182;1647;4191;2903;3167
ENSG00000204252;117;63;68;80;64;78;85;53;129;69;119;45;67;69;30;66;77;78
ENSG00000231389;817;450;574;563;626;768;438;323;736;480;703;261;518;564;251;857;600;579
ENSG00000223865;436;275;375;280;359;378;309;217;548;347;495;163;346;316;125;506;448;330
ENSG00000204248;26;18;9;25;23;18;17;29;31;34;20;16;31;48;22;33;21;29
ENSG00000204231;560;479;337;380;447;405;588;440;1188;592;884;325;685;860;329;826;478;619
ENSG00000112473;211;223;159;167;251;211;359;261;671;422;583;217;341;438;184;385;255;287
ENSG00000204228;25;8;3;5;15;7;15;14;30;16;28;15;19;30;19;19;5;11
ENSG00000204227;243;221;153;170;221;207;251;230;585;321;492;187;371;452;167;400;256;366
ENSG00000223501;478;333;291;342;374;331;405;305;798;419;544;233;567;530;262;760;477;461
ENSG00000231500;355;232;264;305;382;284;220;167;403;232;375;110;270;400;142;443;263;305
ENSG00000235863;80;83;59;73;69;72;83;50;210;110;117;43;77;118;39;112;56;81
ENSG00000227057;214;155;107;107;138;147;173;174;378;190;249;97;247;296;108;339;180;212
ENSG00000204220;42;37;13;24;39;26;47;32;77;58;70;29;62;64;21;65;45;60
ENSG00000237441;1017;759;515;539;849;641;768;690;1911;1047;1380;517;1195;1440;578;1399;860;848
ENSG00000231925;2129;1836;1369;1312;1903;1649;2136;1786;5190;2820;3563;1290;1606;2459;930;2487;1543;1742
ENSG00000236104;247;197;165;152;231;174;255;224;728;396;486;174;289;381;164;370;212;216
ENSG00000204209;196;237;180;160;253;202;240;218;517;387;406;133;249;334;138;339;187;196
ENSG00000112511;821;771;531;520;752;578;786;739;1717;963;1327;487;722;1056;401;1044;681;670
ENSG00000112514;105;125;102;72;157;115;112;100;277;136;178;80;141;171;76;157;98;88
ENSG00000197283;363;251;221;214;227;259;224;213;543;272;318;119;192;260;117;238;179;180
ENSG00000213588;26;25;36;21;38;33;21;15;64;24;68;19;25;40;19;50;19;27
ENSG00000030110;86;106;64;97;102;99;103;81;232;113;169;62;121;141;52;137;89;103
ENSG00000096433;286;199;223;251;218;229;167;154;382;180;227;115;213;194;95;189;173;151
ENSG00000137288;18;12;4;8;4;11;10;5;9;8;11;5;22;14;5;17;12;11
ENSG00000161904;456;418;280;292;382;341;446;423;968;550;726;300;439;619;270;659;397;424
ENSG00000137309;191;151;135;102;225;138;329;269;956;542;627;175;351;681;242;559;280;374
ENSG00000186577;52;42;43;59;40;39;52;39;120;76;105;30;53;62;22;59;37;46
ENSG00000272325;568;570;402;378;536;403;617;339;863;548;637;252;792;925;399;1224;692;763
ENSG00000124614;56;34;26;28;32;25;20;13;44;42;34;16;27;30;27;30;18;18
ENSG00000196821;719;685;516;574;700;492;784;588;1603;865;1208;494;969;1177;445;1253;817;843
ENSG00000124562;69;69;44;52;68;44;55;42;100;61;91;29;70;73;39;91;82;51
ENSG00000065060;425;348;280;301;333;256;404;283;653;366;519;225;486;575;272;805;442;558
ENSG00000064995;281;233;151;208;225;187;229;175;351;187;337;113;247;348;141;383;248;361
ENSG00000064999;534;430;339;347;470;372;448;391;957;467;659;222;555;595;242;692;402;517
ENSG00000065029;207;210;150;147;207;171;223;186;520;223;303;160;230;307;129;289;170;235
ENSG00000023892;211;105;133;119;159;121;89;76;175;95;129;50;202;231;74;265;140;149
ENSG00000112033;1463;1299;875;953;1306;1030;1575;1427;3805;1932;2728;1012;1964;2609;986;2394;1555;1658
ENSG00000112039;28;7;15;22;32;14;20;18;21;26;29;12;31;40;17;39;29;38
ENSG00000198755;286;171;224;223;215;239;172;141;301;204;291;111;271;292;130;348;238;221
ENSG00000096060;302;217;257;239;251;277;269;189;328;210;293;119;315;391;157;509;320;333
ENSG00000096063;227;203;153;189;213;192;245;140;328;177;269;110;217;225;109;340;198;246
ENSG00000112062;761;675;467;581;640;517;648;480;1001;534;873;328;705;782;331;1000;696;720
ENSG00000156711;357;328;226;271;388;232;443;350;916;490;757;244;421;483;180;627;344;443
ENSG00000096070;560;511;374;394;453;400;542;367;1189;617;867;310;585;769;311;724;487;556
ENSG00000180316;10;5;7;8;14;3;9;15;33;18;20;7;5;10;6;10;5;5
ENSG00000112078;714;686;532;590;765;642;718;492;1119;716;1164;380;660;904;340;1185;685;752
ENSG00000112079;1020;827;648;711;866;805;800;487;1219;719;1080;420;1277;1334;538;1707;1139;1212
ENSG00000112081;1080;826;730;722;809;749;878;598;1341;679;1190;499;1090;1242;578;1712;1061;1209
ENSG00000124762;1568;1262;779;869;1118;1062;1898;1467;4212;2188;3078;1296;2470;3601;1443;3472;1834;2186
ENSG00000255587;56;34;32;41;47;26;39;36;70;34;52;25;39;59;25;61;33;41
ENSG00000124772;30;15;26;27;24;32;8;11;14;15;7;4;8;5;5;9;9;12
ENSG00000137168;11;17;6;10;8;6;8;4;10;6;6;4;12;20;8;13;12;18
ENSG00000198663;567;505;360;416;495;434;511;423;958;554;806;269;615;793;273;907;514;622
ENSG00000137409;1713;1475;1142;1110;1477;1188;1844;1521;3819;1972;2961;1101;1982;2607;923;2440;1617;1688
ENSG00000146192;310;134;224;206;247;270;70;64;95;51;109;24;101;103;45;192;172;162
ENSG00000137193;901;739;563;643;845;615;1025;876;1924;1144;1646;541;1255;1641;710;1765;992;1249
ENSG00000065491;100;69;53;81;84;101;115;67;199;106;143;54;109;168;70;141;114;117
ENSG00000112130;98;87;74;89;93;84;96;62;158;79;130;36;99;121;65;132;87;118
ENSG00000137200;434;350;275;327;439;313;385;356;714;383;571;215;427;505;195;580;384;373
ENSG00000112139;28;5;21;25;24;23;6;6;20;5;10;8;7;7;5;19;11;11
ENSG00000156639;819;721;528;631;805;553;1009;730;1798;1057;1394;532;844;1204;478;1295;801;818
ENSG00000183826;374;349;263;283;287;263;366;323;685;309;561;223;400;573;212;606;437;423
ENSG00000124767;85;79;61;62;80;69;78;38;70;69;87;35;89;99;30;102;63;92
ENSG00000112167;31;29;33;18;35;36;48;23;73;50;59;22;60;65;22;74;59;65
ENSG00000124602;80;34;42;42;54;54;62;57;138;57;96;41;81;92;40;83;69;86
ENSG00000124596;217;142;122;128;157;152;178;109;217;137;214;83;179;221;97;253;182;185
ENSG00000001167;392;354;265;316;332;286;329;221;583;332;495;195;330;475;184;566;378;397
ENSG00000161911;36;9;17;11;19;18;16;6;38;26;38;10;47;52;20;52;37;43
ENSG00000112195;20;19;15;17;9;22;12;21;46;14;26;11;17;21;14;42;17;16
ENSG00000188056;19;12;8;20;12;11;25;11;33;20;29;9;13;15;3;19;19;11
ENSG00000124731;3509;3107;2045;2607;3293;2775;3373;2595;6780;3673;5761;1913;2989;4664;2095;5646;2869;4090
ENSG00000137166;446;474;246;281;381;288;558;514;1601;789;1027;334;514;768;305;742;411;523
ENSG00000112561;393;310;247;260;332;258;361;321;874;428;542;224;571;709;277;698;437;464
ENSG00000137218;43;17;10;20;34;15;15;22;73;30;30;23;31;28;17;33;27;19
ENSG00000164663;111;140;102;141;136;116;109;99;168;94;183;62;85;115;62;160;114;156
ENSG00000124641;109;82;76;59;68;63;70;64;105;70;133;36;69;96;48;124;72;71
ENSG00000112578;21;13;8;17;14;17;14;10;32;11;16;10;21;20;16;38;19;19
ENSG00000112576;451;317;327;290;386;383;241;176;480;279;396;147;238;337;136;369;242;312
ENSG00000137413;358;222;163;191;230;227;285;169;459;240;334;147;314;359;171;452;271;308
ENSG00000112599;25;10;9;19;19;13;26;11;33;23;23;8;26;24;17;28;13;15
ENSG00000048544;57;54;40;45;63;56;47;30;66;51;76;22;70;68;44;118;83;85
ENSG00000124496;702;475;433;455;481;457;584;427;1123;627;834;335;1204;1466;618;1655;1117;1135
ENSG00000024048;1459;1327;943;1087;1258;1044;1249;894;1774;964;1633;607;1527;1685;737;2383;1609;1753
ENSG00000124659;32;49;35;45;46;42;66;41;98;72;82;28;56;73;22;63;56;52
ENSG00000112624;453;361;286;380;410;367;391;256;617;356;448;186;479;635;267;756;526;527
ENSG00000146223;273;219;169;204;269;209;259;158;447;237;350;131;293;377;169;478;297;374
ENSG00000137161;384;347;291;267;326;307;332;364;809;482;680;260;482;664;231;640;362;408
ENSG00000124713;11;7;7;3;9;10;8;5;18;5;15;3;15;22;9;10;21;10
ENSG00000124587;282;230;184;206;267;236;286;237;627;311;473;173;396;414;153;385;270;272
ENSG00000112640;195;168;92;127;158;149;149;115;325;198;275;106;168;208;87;246;130;156
ENSG00000124733;85;85;49;62;109;105;106;84;245;139;168;61;103;150;55;155;106;92
ENSG00000124702;318;290;204;219;264;276;343;256;691;419;537;211;479;615;204;671;368;397
ENSG00000124541;59;38;35;33;56;42;46;37;64;51;64;26;43;91;30;84;63;47
ENSG00000044090;268;272;138;193;231;216;308;229;653;337;430;175;287;381;151;323;215;246
ENSG00000137171;176;166;130;92;159;140;151;150;384;185;253;106;182;247;94;206;139;162
ENSG00000112651;35;15;28;17;14;22;25;21;54;33;42;12;24;32;11;42;38;25
ENSG00000112655;12;7;9;16;4;13;13;11;15;7;11;5;13;14;2;9;4;9
ENSG00000112658;329;257;182;175;238;218;254;250;679;346;474;184;487;579;230;623;318;378
ENSG00000112659;714;571;469;475;624;506;640;599;1445;710;1019;422;716;808;341;909;545;632
ENSG00000112667;7;17;9;10;8;10;25;21;45;27;23;15;14;29;4;16;14;12
ENSG00000146215;47;28;29;23;49;22;56;39;96;53;79;30;37;57;26;53;33;36
ENSG00000171467;935;848;675;713;920;670;1006;762;1947;984;1578;517;924;1258;514;1449;953;1034
ENSG00000124574;441;371;280;235;362;256;397;359;842;433;578;233;493;629;217;582;450;387
ENSG00000137221;373;289;241;199;286;242;348;352;884;466;589;199;425;508;201;560;349;362
ENSG00000171453;113;60;61;71;53;71;84;83;169;75;136;35;151;166;63;128;89;110
ENSG00000137207;333;332;217;320;332;248;392;324;808;425;588;204;406;559;209;464;332;361
ENSG00000124571;234;201;144;178;212;200;306;183;419;210;323;145;295;361;139;439;300;339
ENSG00000170734;134;96;92;91;108;115;97;77;197;121;141;59;142;158;65;224;129;144
ENSG00000172432;1222;1030;691;866;1026;855;1308;1105;2719;1521;2126;789;1155;1460;628;1418;864;968
ENSG00000124688;54;46;39;58;62;41;58;45;116;60;99;30;67;90;30;110;67;66
ENSG00000172426;16;20;5;17;10;12;26;15;40;20;25;11;9;18;4;18;8;10
ENSG00000096080;66;63;46;46;75;72;64;49;177;73;96;47;77;119;42;124;61;61
ENSG00000112715;19422;19593;12369;14040;18251;13858;20122;18358;46236;25625;38074;14428;18020;25862;10123;25008;15280;17496
ENSG00000181577;1094;907;608;752;860;760;1431;1142;3079;1474;2184;732;1496;2094;865;2043;1078;1367
ENSG00000180992;23;34;24;11;21;15;39;33;78;53;58;16;34;50;22;35;26;26
ENSG00000137216;436;368;276;274;367;298;576;478;1416;667;829;336;510;658;264;608;355;437
ENSG00000112759;275;281;185;228;277;247;382;402;904;533;699;240;423;559;220;503;250;283
ENSG00000096384;993;821;657;717;862;801;1003;720;1543;1060;1440;505;1409;1697;732;1986;1239;1311
ENSG00000157593;1423;1261;892;814;1247;1064;2163;1876;4581;2178;3236;1443;1509;2478;859;2133;1465;1634
ENSG00000146232;1335;1226;813;845;1193;943;1672;1447;3918;1962;2782;1058;1326;2062;732;2035;1291;1430
ENSG00000124608;304;266;164;196;234;222;277;267;678;311;474;191;186;277;95;250;180;171
ENSG00000096401;599;499;351;425;527;453;533;321;763;497;748;233;515;689;292;907;585;680
ENSG00000196284;47;41;38;55;34;38;36;21;42;27;50;24;40;55;27;68;50;46
ENSG00000124813;492;388;294;285;378;315;555;393;983;451;712;270;638;682;301;915;528;631
ENSG00000112782;19;7;10;7;9;17;8;7;10;7;10;2;8;13;6;7;6;11
ENSG00000001561;29;29;27;23;27;39;29;11;30;26;32;13;27;33;19;41;36;58
ENSG00000153291;63;58;39;48;39;44;37;34;91;44;91;28;22;51;20;86;50;35
ENSG00000146070;1193;1316;744;844;1183;902;1262;802;1823;1311;1844;603;696;1126;417;1662;801;969
ENSG00000146072;532;642;351;470;597;392;553;425;1303;704;962;334;412;504;234;569;337;476
ENSG00000198087;150;156;93;116;124;128;106;62;139;90;188;55;144;111;71;242;170;169
ENSG00000146085;151;125;76;90;124;124;82;84;146;103;170;56;122;146;72;209;139;163
ENSG00000031691;16;7;4;15;9;9;6;3;17;9;13;14;11;19;4;14;11;20
ENSG00000112118;83;70;71;74;65;78;60;50;100;53;62;31;81;108;45;101;78;88
ENSG00000170915;60;67;47;57;71;77;42;30;103;54;61;21;74;79;30;111;82;80
ENSG00000096093;109;79;56;76;119;84;90;51;121;62;130;42;97;103;59;147;93;102
ENSG00000065308;184;133;117;127;97;138;96;61;176;113;158;57;190;215;96;292;184;185
ENSG00000112144;73;85;63;72;78;70;56;29;101;61;93;25;89;95;34;108;104;99
ENSG00000112146;289;210;178;192;227;215;236;132;361;220;322;102;310;334;154;420;268;305
ENSG00000012660;232;202;175;195;220;249;221;152;300;203;304;109;281;328;149;459;293;314
ENSG00000001084;105;55;58;57;63;76;69;36;70;49;89;24;136;123;51;150;127;122
ENSG00000151914;147;80;85;101;80;109;61;60;144;54;102;34;70;73;36;135;79;84
ENSG00000168116;97;83;56;67;93;83;82;63;112;73;124;45;100;116;54;165;104;120
ENSG00000112200;916;782;599;673;735;647;738;434;929;528;897;329;751;876;365;1362;858;915
ENSG00000112208;19;18;18;14;8;18;7;5;16;18;16;9;14;22;6;14;13;13
ENSG00000112210;9;7;7;8;8;4;7;3;14;6;9;7;9;10;2;13;6;12
ENSG00000146143;91;81;46;88;69;86;71;53;103;57;101;37;90;92;54;166;89;88
ENSG00000118482;1538;1480;1157;1229;1358;1291;1288;850;1830;1086;1735;678;1624;1833;761;2585;1602;1875
ENSG00000214558;4;10;10;10;12;16;19;8;20;8;16;4;10;19;10;41;29;14
ENSG00000168216;391;408;268;395;468;348;357;223;509;325;575;203;503;640;221;875;520;521
ENSG00000082293;21;10;8;22;13;19;21;3;12;5;16;8;24;15;4;16;22;13
ENSG00000082269;167;183;100;129;182;152;135;80;192;112;195;57;189;191;85;348;186;210
ENSG00000154079;19;14;7;11;14;17;10;6;13;12;16;7;22;18;11;26;12;12
ENSG00000112305;262;198;127;158;197;141;188;149;284;185;261;94;219;237;119;349;234;257
ENSG00000119900;1553;1654;1170;1349;1671;1366;914;637;1291;853;1548;547;1264;1459;561;2214;1278;1386
ENSG00000080007;30;29;14;23;7;9;10;6;19;17;19;3;16;22;6;20;24;21
ENSG00000164430;108;108;84;82;91;66;106;59;187;100;177;61;125;141;52;205;111;130
ENSG00000135297;154;160;113;129;155;138;132;91;209;132;198;76;184;209;106;301;169;205
ENSG00000156508;9593;9123;7845;9069;11348;9381;12315;8745;19732;14352;22702;7939;15159;18861;7171;20610;11460;12704
ENSG00000119899;79;61;68;75;84;52;95;61;124;95;142;48;126;162;79;178;102;113
ENSG00000156535;892;977;658;868;889;659;1247;778;1679;1131;1951;483;1809;1943;723;2924;1627;1820
ENSG00000112695;84;85;82;59;106;86;110;84;154;105;145;63;102;132;44;170;97;100
ENSG00000112697;731;765;534;606;817;635;719;430;989;669;1127;356;670;874;355;1255;743;868
ENSG00000112701;627;585;443;454;487;460;420;300;655;350;588;193;515;639;248;955;684;714
ENSG00000196586;34;18;18;10;26;19;15;5;17;13;11;5;32;11;8;30;19;12
ENSG00000146247;2589;2205;1759;1856;2078;2008;2080;1347;2820;1575;2748;1040;2207;2609;1212;3799;2688;2803
ENSG00000118418;68;64;56;78;71;62;55;32;63;40;64;22;61;63;30;95;71;65
ENSG00000198478;72;47;55;54;61;57;36;28;38;28;42;16;86;38;21;83;48;69
ENSG00000083123;25;16;11;18;26;17;14;7;8;7;10;5;17;12;8;32;7;24
ENSG00000112773;658;613;465;612;536;538;574;466;878;600;952;314;743;921;394;1072;689;770
ENSG00000005700;427;431;276;323;338;348;387;224;500;306;542;171;330;435;171;591;456;506
ENSG00000083097;274;257;205;211;226;220;262;164;372;192;333;115;330;412;189;636;452;460
ENSG00000013375;192;157;119;132;137;160;231;153;246;181;277;115;173;216;77;262;164;169
ENSG00000013392;23;17;17;13;12;18;17;18;27;23;33;5;23;39;12;29;32;22
ENSG00000065615;997;885;636;712;767;748;742;474;990;567;908;373;834;936;404;1463;859;1019
ENSG00000135315;118;105;81;93;102;97;77;66;106;58;96;44;124;121;42;174;121;130
ENSG00000135318;316;479;315;427;519;376;393;252;872;473;912;284;127;266;113;353;200;263
ENSG00000135317;103;111;56;82;93;79;105;84;193;100;107;56;99;110;44;161;114;101
ENSG00000135316;471;394;297;317;354;373;368;267;441;283;488;195;446;459;208;761;520;496
ENSG00000188994;2912;2540;1938;2339;2380;2333;2943;1852;3807;2197;3623;1281;2653;2948;1253;4471;2856;3002
ENSG00000111850;35;29;32;29;31;41;35;26;34;21;29;16;31;47;16;50;32;33
ENSG00000203872;40;19;18;20;17;22;35;11;32;10;29;9;46;41;16;40;32;22
ENSG00000164414;137;118;97;78;135;108;95;56;113;83;124;40;150;178;102;308;222;189
ENSG00000146282;364;333;248;300;329;296;306;186;459;265;410;138;309;368;162;547;329;375
ENSG00000135336;100;84;59;75;61;83;77;53;74;59;95;43;83;98;48;157;87;77
ENSG00000135334;334;261;253;248;305;296;319;281;757;388;543;202;330;393;152;456;267;297
ENSG00000111880;243;216;182;166;173;172;192;138;310;171;306;113;202;245;104;388;235;255
ENSG00000146278;3349;3254;2245;2746;3206;2636;3329;2477;6292;3952;5347;1777;2253;3500;1205;4270;2671;3001
ENSG00000146281;109;88;62;88;77;73;74;56;89;73;106;35;52;75;31;116;83;72
ENSG00000111886;14;9;7;10;14;10;31;23;42;24;43;11;37;38;19;46;33;48
ENSG00000198833;338;322;227;266;332;242;369;207;496;325;507;154;382;462;190;722;441;464
ENSG00000025039;124;120;81;103;119;91;134;89;215;126;188;55;165;183;87;223;143;141
ENSG00000135299;29;19;21;23;22;20;21;18;66;26;31;16;23;28;11;48;20;27
ENSG00000083099;116;109;80;103;111;92;121;73;171;106;169;64;131;187;64;216;130;118
ENSG00000112159;632;501;408;478;547;508;458;311;649;412;564;244;639;626;288;890;607;650
ENSG00000118412;171;164;128;122;158;139;134;99;192;137;191;74;175;206;101;273;175;216
ENSG00000112182;106;68;84;74;75;85;44;44;66;27;52;22;66;48;25;102;67;76
ENSG00000135341;461;413;342;345;402;362;386;253;571;328;558;193;371;494;220;642;432;446
ENSG00000172469;54;46;25;36;47;37;31;16;25;25;44;9;30;63;25;68;52;54
ENSG00000014123;288;274;237;205;254;204;223;166;369;204;330;117;306;360;133;487;333;350
ENSG00000146263;35;37;39;34;43;35;18;9;38;18;24;12;35;35;11;47;45;46
ENSG00000112234;350;300;248;256;296;270;275;161;324;186;316;148;306;330;162;541;343;366
ENSG00000132424;2049;1739;1300;1499;1609;1651;1737;1203;2523;1645;2503;822;1906;2289;902;2728;1955;2165
ENSG00000123552;51;53;45;25;39;30;41;30;42;24;40;19;40;44;21;75;56;40
ENSG00000112237;146;139;110;114;157;147;98;85;165;84;164;61;131;154;62;260;197;164
ENSG00000112249;381;275;219;256;308;254;308;207;364;220;355;137;258;295;130;477;328;396
ENSG00000085382;106;123;98;107;89;87;84;68;120;79;111;55;124;147;48;194;108;123
ENSG00000085377;338;331;252;266;276;292;327;231;499;292;442;147;343;407;157;530;330;357
ENSG00000057657;1303;1287;846;944;1236;923;1276;877;2037;1293;1870;660;1251;1717;677;2189;1365;1419
ENSG00000057663;199;159;118;122;155;98;132;66;172;96;186;60;181;167;70;281;203;189
ENSG00000112297;906;753;689;678;836;716;915;604;1360;814;1190;412;1296;1615;622;2121;1326;1509
ENSG00000130347;16;15;16;3;9;11;14;9;15;10;15;4;30;30;11;34;24;20
ENSG00000130348;61;46;33;40;52;40;52;24;58;25;44;22;60;57;21;84;39;71
ENSG00000130349;30;35;15;30;15;22;29;24;53;28;37;20;42;57;27;64;36;60
ENSG00000178409;17;21;8;14;21;22;29;13;60;35;30;18;15;30;10;37;14;22
ENSG00000164494;93;69;52;56;82;64;76;57;135;49;81;28;75;104;46;125;96;77
ENSG00000146285;93;32;80;50;49;68;28;25;42;20;36;9;46;27;16;59;58;44
ENSG00000025796;520;506;370;393;499;436;559;314;699;473;676;228;523;678;254;961;617;585
ENSG00000081087;278;318;223;215;297;209;254;168;397;225;440;130;253;314;138;489;301;313
ENSG00000112335;168;204;107;163;204;154;183;123;279;215;272;65;246;266;82;344;222;232
ENSG00000135537;48;41;25;24;38;46;32;15;56;29;39;13;42;48;16;48;39;38
ENSG00000118689;1996;1880;1315;1529;1902;1525;1878;1451;3401;1910;2837;1018;1688;2230;960;2586;1579;1874
ENSG00000118690;28;15;15;19;17;24;11;9;17;20;18;4;66;66;27;47;43;49
ENSG00000080546;152;133;122;118;149;105;140;101;178;111;192;63;182;172;69;222;152;183
ENSG00000183137;146;80;81;97;79;82;71;54;110;69;122;52;87;97;39;144;80;109
ENSG00000135535;2051;2092;1424;1654;2356;1673;1875;1274;3265;2059;3186;1047;1535;2233;856;3000;1837;2175
ENSG00000135587;142;147;74;100;156;129;171;159;445;242;305;95;116;187;84;168;117;126
ENSG00000135596;1060;841;619;636;898;777;1129;1091;2789;1375;1737;682;878;1248;469;1307;775;905
ENSG00000112365;138;122;96;103;125;120;133;76;199;103;154;70;97;128;63;214;133;155
ENSG00000155085;117;91;90;72;93;85;87;61;110;59;119;48;141;142;66;216;139;160
ENSG00000112367;349;342;291;295;324;282;363;243;564;316;498;186;556;622;294;844;558;695
ENSG00000112290;31;28;27;14;29;22;21;13;39;30;38;9;34;45;22;58;37;34
ENSG00000168438;320;291;209;225;285;272;238;158;327;210;367;107;263;362;138;439;300;327
ENSG00000155111;665;709;470;533;645;562;557;426;924;561;892;331;640;805;361;1113;722;798
ENSG00000123505;393;369;301;288;318;288;354;203;501;320;457;168;603;650;274;945;566;615
ENSG00000155115;27;41;29;19;43;25;36;21;67;41;73;22;57;71;28;91;45;43
ENSG00000197498;50;47;40;39;61;59;57;36;71;44;74;21;62;92;28;115;69;71
ENSG00000112394;2212;2026;1284;1632;2364;1709;1106;1015;2406;1557;2168;714;386;789;295;1263;795;681
ENSG00000173214;873;763;542;535;726;603;735;507;1053;590;938;331;892;906;418;1376;819;955
ENSG00000009413;903;855;575;655;777;681;680;433;961;610;995;354;1128;1197;522;1763;1098;1253
ENSG00000056972;502;512;299;353;559;424;346;260;679;377;503;208;226;329;118;288;209;216
ENSG00000010810;1589;1245;1104;1115;1213;1087;1799;1433;3078;1718;2427;965;1353;1871;790;2211;1400;1447
ENSG00000074935;15;19;8;18;15;22;17;8;18;8;13;5;13;24;6;31;21;18
ENSG00000277443;1122;1265;900;1089;1301;1000;1404;876;2408;1461;2092;709;439;794;288;1003;603;648
ENSG00000196591;319;327;269;284;331;272;302;187;484;299;448;148;318;373;151;582;326;403
ENSG00000178425;53;38;28;58;52;42;35;15;56;27;52;18;46;30;20;55;34;51
ENSG00000187189;86;55;40;65;60;50;71;39;97;58;90;42;73;75;34;96;78;70
ENSG00000111817;2462;2390;1705;1804;2366;2054;2655;2063;4517;2619;3986;1443;3116;4417;1720;5571;3228;3681
ENSG00000189241;300;241;201;263;313;262;246;155;445;286;412;155;302;339;158;424;296;302
ENSG00000111832;47;43;42;39;45;67;54;40;58;48;77;24;76;62;26;100;62;79
ENSG00000153975;137;99;59;85;83;64;86;64;165;94;132;47;96;112;41;152;134;146
ENSG00000196911;188;146;116;120;125;144;117;60;147;73;125;38;125;162;66;243;187;217
ENSG00000164465;251;204;148;164;205;147;179;106;291;157;240;92;100;125;50;152;90;104
ENSG00000047932;232;206;220;183;220;175;171;135;246;172;259;80;163;208;92;367;213;240
ENSG00000153989;323;349;250;366;376;279;304;206;504;322;511;154;290;301;126;420;281;299
ENSG00000111860;259;164;176;175;192;226;129;81;176;111;167;46;155;169;93;236;159;180
ENSG00000111877;215;202;142;142;218;168;223;129;351;157;300;106;303;367;137;447;300;281
ENSG00000111875;40;26;28;26;36;41;25;16;37;25;33;9;29;38;15;51;31;49
ENSG00000111885;158;143;97;154;180;155;113;62;194;121;183;50;227;290;120;405;241;289
ENSG00000146350;64;50;25;44;63;57;35;23;36;28;45;17;45;32;21;82;65;51
ENSG00000025156;53;41;36;41;40;32;26;17;33;20;35;14;50;47;17;44;52;55
ENSG00000111897;1393;1773;1117;1457;1894;1482;1697;1233;2538;1700;2925;938;1876;2671;1030;3327;1978;2168
ENSG00000135549;28;19;18;16;18;14;11;7;8;5;19;2;73;77;44;117;63;38
ENSG00000172594;543;556;357;445;640;416;317;188;462;306;436;165;235;365;123;568;335;347
ENSG00000146373;210;246;182;207;192;205;207;118;302;174;269;103;418;449;187;662;418;416
ENSG00000111906;14;20;20;22;12;11;9;10;26;12;13;6;16;13;5;24;10;15
ENSG00000111912;79;53;58;77;95;72;49;42;86;52;65;21;70;79;30;129;90;94
ENSG00000111911;55;85;51;63;64;49;70;43;100;73;132;38;103;106;46;165;132;108
ENSG00000066651;34;48;35;35;44;32;39;16;40;29;56;20;54;63;26;90;53;59
ENSG00000118518;393;321;276;303;307;266;339;252;462;261;507;169;475;536;233;701;440;485
ENSG00000093144;167;151;102;133;149;131;129;70;182;122;169;48;162;174;77;262;190;201
ENSG00000172673;75;47;60;43;58;71;30;14;34;14;36;11;42;30;18;54;56;39
ENSG00000146376;379;343;252;279;334;291;354;186;466;278;514;142;741;791;304;1184;801;836
ENSG00000198945;302;229;180;194;224;191;184;150;262;142;237;102;225;266;100;324;192;251
ENSG00000164483;91;43;50;49;45;72;28;13;32;13;26;10;40;27;23;45;70;47
ENSG00000079819;176;131;138;116;133;157;230;148;370;229;316;87;146;218;80;311;173;199
ENSG00000112282;623;501;372;382;477;417;502;329;601;358;607;221;555;663;264;938;538;691
ENSG00000079950;1480;1305;974;1045;1178;1091;1064;641;1279;802;1312;471;1425;1578;722;2447;1526;1659
ENSG00000112299;39;25;22;17;34;19;26;16;22;11;29;7;80;63;47;103;58;64
ENSG00000112303;225;196;100;177;176;183;98;47;82;88;141;44;481;505;243;659;361;366
ENSG00000146409;44;22;22;40;32;31;13;9;15;17;10;9;30;20;17;63;25;50
ENSG00000112306;198;121;194;187;153;215;142;87;137;117;164;55;159;186;79;245;186;159
ENSG00000028839;99;111;73;50;80;99;66;56;78;55;72;38;86;75;32;138;111;112
ENSG00000118515;892;656;541;584;669;526;926;610;1420;802;1495;359;2573;3085;1317;4122;2046;2658
ENSG00000118514;29;21;14;24;18;15;15;14;27;10;24;9;17;28;17;36;22;24
ENSG00000112339;451;439;296;305;382;341;375;249;537;363;525;200;449;484;192;656;447;457
ENSG00000118513;23;13;10;23;12;15;8;6;25;15;12;7;27;14;4;21;22;19
ENSG00000135541;364;300;209;210;272;279;296;167;363;201;347;143;341;392;176;558;374;413
ENSG00000146410;9;13;11;7;11;4;16;10;20;16;13;5;14;17;6;20;18;13
ENSG00000029363;1784;1619;1177;1385;1539;1528;1330;864;1767;984;1794;639;1577;1839;817;2772;1973;2172
ENSG00000135525;15;4;6;8;7;11;10;6;18;9;11;6;12;15;5;15;9;8
ENSG00000197442;998;965;674;672;806;793;728;469;1179;578;975;378;585;723;331;899;603;743
ENSG00000112357;45;34;22;36;32;32;28;33;54;36;41;18;46;50;6;58;25;41
ENSG00000027697;1009;1032;678;841;1056;893;939;642;1415;981;1521;495;1472;1865;689;2523;1384;1509
ENSG00000118503;6348;5809;4450;5168;6085;4500;6611;4894;10953;6702;10506;3292;4047;7120;2752;8523;5128;5938
ENSG00000112379;16;30;20;20;31;18;57;39;69;45;61;24;39;30;15;40;29;25
ENSG00000051620;152;150;135;131;132;172;92;74;193;102;148;74;119;157;62;182;123;114
ENSG00000135540;71;76;58;66;84;65;102;86;196;103;129;54;79;105;47;141;78;103
ENSG00000024862;104;80;94;95;105;106;122;58;138;135;153;58;127;151;47;208;106;130
ENSG00000135597;324;342;244;264;329;301;292;241;558;273;445;140;338;408;181;559;376;411
ENSG00000146386;56;39;31;43;63;45;36;23;49;37;58;23;39;70;13;79;40;51
ENSG00000112406;1293;1318;957;1062;1179;1033;1326;965;2380;1506;2212;816;1641;2077;736;2866;1705;1759
ENSG00000164440;25;36;13;40;32;28;76;52;155;110;135;40;60;100;31;112;52;63
ENSG00000164442;789;668;505;566;715;606;640;507;1557;845;1203;464;594;1006;426;1021;536;737
ENSG00000009844;204;210;130;168;228;170;208;106;292;156;273;97;240;259;96;343;250;245
ENSG00000010818;1010;881;674;722;1001;781;1066;804;2015;1099;1547;579;745;1033;428;1141;725;772
ENSG00000146416;25;12;21;22;24;31;12;17;27;12;17;5;21;8;11;19;24;19
ENSG00000034693;40;20;27;31;32;31;34;17;33;22;53;18;29;36;14;44;31;27
ENSG00000001036;142;128;60;120;121;125;121;76;176;133;186;50;155;232;76;272;165;196
ENSG00000112419;115;79;72;97;91;90;84;50;98;51;88;27;133;141;74;255;141;154
ENSG00000135521;28;33;15;21;32;26;27;18;33;23;37;7;43;34;19;71;33;37
ENSG00000118495;472;394;319;303;396;324;441;319;698;365;592;207;544;658;273;789;473;588
ENSG00000169976;68;50;41;55;53;60;46;38;120;83;100;49;71;100;28;94;49;56
ENSG00000135604;418;363;299;313;353;327;290;219;559;348;488;183;231;327;130;489;250;310
ENSG00000152818;2347;1880;1626;1773;2034;1855;1482;963;2289;1207;1910;719;1927;2045;934;2858;1853;2008
ENSG00000112425;20;11;12;14;8;11;8;3;10;9;12;2;18;8;5;19;9;6
ENSG00000118496;206;220;165;169;243;199;172;132;270;174;250;100;283;262;105;389;217;270
ENSG00000146414;534;479;371;428;481;375;416;285;592;304;503;213;493;525;228;734;529;597
ENSG00000118508;18;31;21;25;33;31;18;19;40;24;45;10;31;38;17;69;44;36
ENSG00000164506;340;310;224;233;294;250;175;130;308;152;300;99;317;325;162;481;268;285
ENSG00000111961;125;122;76;74;89;93;70;43;123;70;137;39;71;85;31;88;51;71
ENSG00000111962;30;12;32;24;14;36;15;15;24;16;24;3;37;40;21;42;32;42
ENSG00000055208;990;933;645;696;867;707;959;569;1387;871;1239;462;1157;1440;580;1946;1180;1331
ENSG00000177688;106;79;61;61;61;70;85;52;110;60;96;33;96;112;47;117;102;104
ENSG00000178199;128;77;98;107;75;85;114;84;246;91;132;59;134;119;62;145;124;114
ENSG00000131013;346;315;237;270;296;254;282;184;362;207;437;137;302;382;196;549;362;425
ENSG00000055211;152;195;121;179;214;152;172;95;271;158;246;76;151;180;73;313;171;216
ENSG00000186625;76;74;48;49;54;41;60;49;128;67;106;45;69;96;41;124;97;85
ENSG00000131023;491;403;333;336;416;358;329;231;544;306;509;180;405;557;196;772;462;507
ENSG00000120253;204;153;135;155;165;180;147;108;260;146;225;77;180;227;103;302;215;191
ENSG00000120265;128;136;92;111;151;105;139;89;232;140;228;70;188;210;86;260;161;144
ENSG00000198729;35;29;18;25;22;16;30;22;66;32;70;20;8;19;2;28;13;14
ENSG00000120278;63;34;38;24;25;27;61;36;100;57;67;52;56;54;25;53;63;49
ENSG00000120254;75;51;52;52;76;45;61;46;115;67;87;36;49;53;18;80;38;58
ENSG00000181472;109;75;58;80;97;58;103;61;154;82;126;41;115;108;53;135;93;94
ENSG00000155906;52;43;32;41;55;38;47;27;52;19;64;24;25;52;17;70;48;51
ENSG00000146476;59;79;38;66;69;71;71;38;101;61;124;38;82;81;35;139;80;73
ENSG00000120262;14;7;4;4;11;16;18;9;20;11;17;7;12;10;2;12;14;6
ENSG00000131018;693;421;558;537;601;636;360;243;553;296;436;184;736;686;326;1030;677;702
ENSG00000120279;12;11;9;12;6;11;11;4;19;12;10;2;33;14;9;24;17;20
ENSG00000112029;26;17;14;8;17;6;14;11;29;14;22;2;30;25;15;33;21;15
ENSG00000112031;62;55;38;46;48;52;67;27;62;39;51;25;35;77;20;125;66;69
ENSG00000074706;74;32;66;45;44;40;21;15;21;12;23;8;34;21;13;34;39;40
ENSG00000213079;772;598;468;530;560;510;570;409;951;505;756;295;637;844;350;1092;757;821
ENSG00000146426;39;22;28;26;21;23;33;15;45;17;28;15;20;31;15;31;40;35
ENSG00000029639;39;37;30;27;24;22;46;29;75;42;48;20;50;51;27;77;24;54
ENSG00000049618;1041;812;635;614;832;733;751;530;1519;830;1083;449;965;1138;453;1247;783;982
ENSG00000215712;59;67;55;73;60;52;65;45;77;67;80;35;96;93;29;122;78;102
ENSG00000175048;23;35;16;28;29;14;22;10;23;12;22;13;19;31;5;28;27;24
ENSG00000130340;667;614;492;526;593;519;670;558;1293;674;1081;342;531;690;313;897;581;713
ENSG00000078269;146;127;110;133;117;119;182;131;301;159;286;85;221;253;113;257;191;209
ENSG00000122335;108;82;72;65;66;59;89;52;102;70;120;43;135;144;60;183;105;142
ENSG00000272047;30;30;29;45;15;27;26;22;40;21;28;17;39;39;15;49;36;26
ENSG00000130338;538;463;332;360;486;348;453;322;832;457;647;207;555;620;230;697;438;528
ENSG00000146433;1078;865;639;669;840;656;817;662;1365;672;1074;405;1068;1078;477;1323;942;983
ENSG00000146425;194;168;132;126;194;151;189;119;239;144;238;93;180;189;88;295;164;193
ENSG00000164674;558;486;394;354;527;424;469;401;811;510;669;236;373;469;195;556;352;401
ENSG00000092820;352;211;247;234;284;316;327;224;548;305;394;139;409;473;159;575;328;386
ENSG00000130363;365;397;235;268;331;291;242;166;472;225;333;150;241;339;129;387;237;251
ENSG00000164691;310;171;177;235;202;242;146;93;167;102;179;55;126;180;90;250;193;208
ENSG00000291237;23732;24126;16442;20438;23337;17992;26054;17446;36374;23759;37532;13701;17777;31572;11705;39029;22394;24865
ENSG00000146457;1547;1372;1063;1268;1379;1152;1412;1040;2137;1263;2041;677;1081;1611;608;2061;1296;1459
ENSG00000120437;68;42;44;27;44;62;42;45;81;47;56;27;37;60;23;82;52;67
ENSG00000120438;348;286;241;287;349;290;269;226;432;294;478;162;410;433;171;629;399;412
ENSG00000112110;49;39;32;46;34;39;52;31;59;49;67;23;56;79;27;89;36;37
ENSG00000130368;7;17;6;10;15;11;30;28;45;25;23;17;5;11;2;6;7;7
ENSG00000197081;5099;5003;3545;3889;5413;4273;5059;3697;9451;5465;7590;2796;5428;6878;2768;7585;4393;5268
ENSG00000175003;31;24;13;13;22;23;23;26;58;25;28;13;36;46;17;55;38;20
ENSG00000085511;1073;981;795;854;906;820;858;673;1529;824;1231;489;402;527;219;615;505;537
ENSG00000026652;2888;2468;1768;2181;2479;2221;2559;2020;4909;2274;3517;1523;640;1124;444;1231;815;927
ENSG00000112531;2717;2692;1895;2139;2510;2116;2140;1510;3071;1939;3094;1139;2497;2849;1197;4374;2746;2755
ENSG00000198818;118;117;98;84;150;111;106;66;183;101;154;61;136;144;61;216;122;144
ENSG00000060762;16;11;16;13;26;23;24;13;28;15;25;10;30;34;19;45;21;46
ENSG00000071242;186;147;80;103;141;93;223;145;445;244;302;138;387;347;157;396;236;234
ENSG00000235272;18;13;13;19;22;20;30;21;47;25;34;10;53;43;23;64;31;34
ENSG00000026297;2042;1831;1517;1559;1791;1526;2378;2393;5359;3071;4395;1601;1909;2298;926;2300;1345;1617
ENSG00000213066;212;175;134;155;157;136;230;121;265;158;246;87;203;239;79;290;193;216
ENSG00000130396;95;53;46;43;62;46;102;66;156;91;131;61;80;88;31;112;96;103
ENSG00000186340;63;62;49;46;81;47;165;110;328;148;190;96;35;82;31;59;28;51
ENSG00000184465;200;157;131;164;182;164;218;152;345;153;252;116;187;232;112;256;170;161
ENSG00000185127;113;63;70;71;107;69;73;56;125;80;134;33;99;135;51;208;131;122
ENSG00000130024;652;512;418;462;534;491;466;341;668;389;725;226;409;546;226;776;553;583
ENSG00000130023;173;142;129;122;152;142;130;104;238;96;182;68;162;147;82;190;116;160
ENSG00000198719;405;391;267;261;384;255;299;299;748;439;483;201;124;162;62;205;74;130
ENSG00000112584;781;682;509;520;694;572;715;486;1236;575;847;335;739;864;400;1128;726;771
ENSG00000008018;242;213;161;193;253;159;197;160;328;191;331;100;254;366;138;431;247;304
ENSG00000112592;121;117;82;102;107;75;105;61;151;80;162;41;115;137;72;150;117;139
ENSG00000071994;132;103;92;78;97;116;74;55;131;89;141;70;117;147;53;166;133;119
ENSG00000177706;824;657;424;399;661;412;838;743;2328;1150;1393;577;1669;2335;874;1993;1254;1471
ENSG00000197461;42;17;11;27;32;18;15;15;48;29;32;10;22;29;17;45;17;32
ENSG00000188191;22;16;22;9;13;16;12;8;36;19;25;13;14;18;9;13;9;13
ENSG00000164818;86;62;39;40;53;45;74;55;175;80;86;27;83;108;47;94;64;61
ENSG00000164828;365;341;252;245;297;266;337;271;647;365;530;178;444;497;214;548;398;424
ENSG00000239857;285;237;193;165;226;177;306;342;720;387;458;210;366;493;191;417;267;279
ENSG00000105963;357;220;218;142;264;208;298;308;832;376;539;204;506;577;259;617;378;394
ENSG00000240230;423;318;239;267;313;284;394;310;782;413;548;216;420;509;247;590;395;458
ENSG00000146540;18;24;31;23;29;27;18;24;63;18;49;18;28;49;21;28;25;28
ENSG00000164849;17;15;13;14;23;25;28;33;79;29;36;15;18;30;15;29;14;15
ENSG00000178381;153;175;117;125;128;129;239;199;428;243;333;129;206;273;97;289;149;186
ENSG00000164877;341;315;206;182;304;232;335;365;1064;493;556;235;382;520;168;447;261;323
ENSG00000164880;910;695;533;587;740;617;766;760;2233;1088;1220;544;865;1169;473;1049;698;742
ENSG00000198517;418;387;266;258;383;253;453;427;1161;517;708;271;510;662;249;602;429;414
ENSG00000157778;28;15;14;16;10;13;21;12;39;16;27;9;15;29;15;20;18;14
ENSG00000225968;12;10;3;13;9;5;15;21;50;21;18;7;5;28;6;17;17;11
ENSG00000106268;24;12;9;9;19;22;16;15;37;31;28;15;23;21;12;45;13;34
ENSG00000106266;342;324;189;209;313;245;480;452;1357;597;823;335;411;515;228;571;300;317
ENSG00000106263;651;543;437;423;619;402;756;573;1384;680;1040;421;825;1085;438;1139;672;736
ENSG00000136213;376;227;225;245;234;243;258;192;554;254;362;170;374;315;167;396;304;283
ENSG00000106003;1595;1247;977;918;1209;1102;1059;917;2585;1165;1630;751;1429;1836;787;1693;1133;1302
ENSG00000106009;303;220;144;185;209;163;212;224;683;296;413;111;299;395;168;362;301;241
ENSG00000106012;138;89;104;85;112;88;96;86;222;106;145;59;156;186;87;182;110;117
ENSG00000136295;1955;1761;1190;1206;1798;1259;1900;1826;6334;3247;3739;1375;1651;2618;958;2278;1442;1443
ENSG00000174945;68;38;57;25;49;29;93;85;288;104;160;48;17;34;19;38;23;28
ENSG00000146535;2475;2395;1596;1959;2393;1724;3011;2464;6797;3533;4900;1928;1993;3059;1140;2964;1876;2092
ENSG00000198286;143;98;136;115;107;145;67;40;78;47;85;29;70;89;34;94;99;99
ENSG00000164916;1058;871;674;707;832;669;884;765;1922;1003;1477;617;918;1198;478;1228;796;789
ENSG00000242802;639;488;340;348;472;331;489;523;1359;653;773;347;531;770;278;638;403;508
ENSG00000146587;272;222;207;215;241;200;234;166;272;170;324;114;246;290;117;370;248;306
ENSG00000157954;708;619;423;463;557;468;616;469;1160;642;911;364;720;883;403;996;545;683
ENSG00000182095;3033;2454;1853;1708;2372;1885;2559;2551;7440;3753;4650;1854;3236;4440;1690;4019;2467;2709
ENSG00000155034;171;109;99;74;133;121;123;127;353;164;186;89;151;201;73;195;107;140
ENSG00000075624;9816;7802;7191;7225;8608;8867;6727;4919;14649;8297;10813;4056;10281;14873;5368;15751;9684;10234
ENSG00000075618;153;101;96;64;136;91;310;288;927;504;519;258;183;265;102;181;155;156
ENSG00000011275;749;596;469;476;665;496;586;486;1237;581;882;316;739;893;361;1009;724;749
ENSG00000122674;33;45;35;45;39;27;47;21;50;30;37;23;43;57;25;71;52;71
ENSG00000122512;77;73;63;76;70;69;69;34;80;50;71;30;69;58;24;101;59;80
ENSG00000106305;11;18;7;14;14;10;13;10;21;20;24;5;24;18;11;27;14;19
ENSG00000086232;357;369;272;257;320;331;313;192;513;318;470;176;379;447;148;578;338;375
ENSG00000106346;195;145;110;122;149;133;154;115;267;145;199;70;137;170;85;221;138;164
ENSG00000008256;89;81;77;72;98;80;67;59;172;112;120;41;117;142;56;165;87;116
ENSG00000136238;951;1029;742;785;970;698;1165;777;1882;1126;1754;621;1118;1453;561;1619;1033;1077
ENSG00000164535;658;690;468;436;642;534;752;601;1337;729;1065;431;890;1089;445;1171;748;729
ENSG00000136240;227;214;147;168;175;164;249;170;340;242;351;119;241;334;121;387;226;229
ENSG00000136247;144;104;77;77;76;63;112;71;184;113;152;68;106;158;66;174;120;121
ENSG00000146576;144;114;67;98;141;112;132;132;278;170;188;100;147;213;93;258;139;144
ENSG00000205903;687;542;452;392;564;486;628;648;1712;870;1057;455;746;994;403;983;594;638
ENSG00000164631;315;303;236;244;251;276;239;155;372;218;397;137;283;285;138;446;283;326
ENSG00000146574;79;51;46;47;42;63;38;39;66;29;70;25;70;55;30;95;47;76
ENSG00000106392;193;173;144;146;144;155;179;115;198;126;223;70;182;203;89;362;227;247
ENSG00000164654;192;199;146;134;205;128;181;145;258;167;295;85;171;231;93;332;193;198
ENSG00000106399;11;7;11;8;13;11;13;5;15;13;16;5;8;16;11;13;21;10
ENSG00000219545;106;84;63;69;60;81;60;52;136;74;110;40;102;115;50;169;109;116
ENSG00000106415;117;49;58;58;56;67;56;30;76;38;70;34;89;78;48;115;75;92
ENSG00000189043;77;75;65;72;64;46;72;56;94;67;85;32;92;95;37;114;77;96
ENSG00000106443;411;382;282;270;335;274;255;170;390;229;360;152;289;320;135;455;300;326
ENSG00000106460;94;60;69;60;92;69;64;24;69;42;88;20;70;81;31;119;64;86
ENSG00000122644;97;92;44;77;89;100;113;69;176;95;172;45;90;120;60;168;89;113
ENSG00000106524;101;99;60;73;80;71;65;45;102;52;86;37;73;85;40;112;78;92
ENSG00000136261;50;31;31;16;37;41;31;20;42;29;44;21;72;63;27;99;57;74
ENSG00000106546;304;312;209;236;242;229;250;155;460;295;390;104;315;386;171;568;353;448
ENSG00000071189;943;910;711;725;775;734;748;501;975;559;1047;353;1082;1131;509;1929;1270;1343
ENSG00000048052;57;23;50;35;34;60;21;22;36;19;33;5;24;37;11;58;45;37
ENSG00000105849;54;87;54;61;54;67;68;34;95;61;94;33;67;79;27;111;58;73
ENSG00000183742;11;6;7;15;8;15;13;9;22;15;22;8;17;18;7;18;14;9
ENSG00000105855;3610;3261;2320;2338;2972;2567;3446;2539;5883;3193;5124;1855;1134;1662;638;2203;1416;1682
ENSG00000105866;153;131;115;108;156;130;177;89;231;134;201;61;128;211;75;291;193;175
ENSG00000105877;1061;1019;892;900;867;813;989;661;1302;849;1513;526;1200;1210;541;1633;1025;1212
ENSG00000164649;15;12;15;19;22;32;11;4;16;7;8;4;13;8;9;17;22;27
ENSG00000196683;120;117;83;92;106;109;108;76;194;120;197;68;112;159;56;196;97;116
ENSG00000122591;146;110;85;110;105;121;114;56;116;61;108;40;159;194;76;239;174;191
ENSG00000122550;94;79;55;65;84;60;75;42;92;66;98;37;79;95;33;132;86;91
ENSG00000136243;48;42;47;39;44;47;40;26;47;29;47;15;52;40;22;77;55;67
ENSG00000136235;1371;1735;1095;1407;1983;1351;2891;1798;4377;3165;4337;1276;3961;4240;1666;5607;2662;3487
ENSG00000156928;38;30;11;25;17;34;24;23;45;22;39;15;46;44;10;55;35;34
ENSG00000136231;22;15;8;22;21;21;16;17;30;13;22;11;41;26;10;39;26;40
ENSG00000164548;994;856;741;747;851;760;792;579;1186;593;1092;369;932;956;419;1399;876;995
ENSG00000169193;43;45;32;40;41;50;34;31;63;26;52;23;61;56;28;64;43;47
ENSG00000105926;62;74;80;93;74;95;76;51;112;73;118;36;38;47;29;63;46;48
ENSG00000105928;1294;1175;918;1013;1079;1009;1843;1381;3133;1706;2770;911;668;1104;438;1299;681;923
ENSG00000070882;151;99;138;130;118;149;153;107;249;153;221;82;205;243;99;328;218;266
ENSG00000172115;209;132;141;135;156;150;184;117;271;165;268;108;267;343;153;473;296;322
ENSG00000153790;28;46;22;41;30;43;26;17;44;25;46;18;34;53;9;59;39;45
ENSG00000050344;23;20;11;12;18;17;37;36;67;51;63;19;28;38;5;51;31;32
ENSG00000122566;7326;6211;4809;4853;5694;5279;5860;4133;8003;4769;7978;3184;6607;7861;3511;11115;7382;8276
ENSG00000122565;331;330;192;267;315;213;270;178;379;228;393;115;286;373;149;554;289;349
ENSG00000086300;243;248;212;214;210;198;238;136;289;182;260;74;138;148;81;219;156;209
ENSG00000005020;400;362;257;308;415;316;391;225;520;336;496;175;531;532;215;774;473;513
ENSG00000106049;62;65;51;34;59;35;66;37;76;42;54;25;77;95;50;89;64;88
ENSG00000106052;777;629;462;454;613;586;643;400;907;500;864;302;701;881;343;1262;764;885
ENSG00000153814;84;66;69;60;92;70;56;48;143;50;92;23;60;90;37;117;89;85
ENSG00000146592;87;66;68;73;78;81;49;17;42;26;29;10;191;170;65;233;141;139
ENSG00000106066;198;117;204;153;190;246;66;42;55;41;84;27;99;87;40;180;140;143
ENSG00000106069;90;79;63;63;85;42;50;48;93;55;82;30;60;75;33;128;83;72
ENSG00000136193;105;96;110;93;113;108;86;61;133;83;105;39;62;63;28;106;46;62
ENSG00000106080;9;19;15;9;12;18;12;9;10;20;19;5;19;21;5;25;25;17
ENSG00000106086;195;189;172;182;195;166;188;126;261;167;268;89;182;213;86;301;180;184
ENSG00000180354;256;214;220;185;218;176;190;146;292;160;228;118;196;217;79;271;196;191
ENSG00000180233;741;639;531;435;522;537;445;379;889;456;718;240;339;388;180;567;366;403
ENSG00000106100;151;155;135;110;149;127;130;96;261;129;168;80;170;181;74;205;144;125
ENSG00000006625;13;9;12;5;5;3;18;8;14;6;21;5;14;17;5;31;11;23
ENSG00000106105;222;182;121;147;187;156;252;132;334;176;273;108;229;235;96;325;226;234
ENSG00000106355;21;22;11;5;6;25;10;14;19;21;20;12;18;25;8;38;22;30
ENSG00000105778;1052;1067;727;725;857;891;998;757;1526;951;1337;546;1024;1210;561;1617;1089;1160
ENSG00000170852;501;455;325;378;412;411;457;337;617;425;720;216;536;562;275;817;549;625
ENSG00000122642;33;55;19;18;37;20;31;24;61;36;48;22;29;25;8;28;26;18
ENSG00000122643;186;167;134;127;149;141;139;96;142;95;170;67;252;178;89;273;188;179
ENSG00000164610;22;13;13;13;23;14;14;13;33;19;27;15;22;34;13;30;18;38
ENSG00000122507;176;174;115;149;166;132;122;90;204;124;190;76;170;151;78;220;162;183
ENSG00000173852;146;164;107;112;159;136;117;78;181;103;174;53;146;153;66;253;137;173
ENSG00000122557;432;358;252;332;429;337;283;237;531;337;470;157;368;424;196;590;367;408
ENSG00000122545;716;706;571;665;776;605;608;402;839;495;927;290;736;870;363;1295;869;870
ENSG00000122547;519;480;345;320;395;367;382;307;905;413;563;211;1035;1125;431;1206;634;775
ENSG00000136250;604;384;516;423;499;537;183;141;310;184;235;77;292;305;140;494;388;382
ENSG00000155849;605;499;409;388;485;406;469;292;833;435;604;238;698;780;344;967;627;675
ENSG00000187037;115;69;59;78;73;90;88;61;173;65;113;45;131;174;69;228;158;163
ENSG00000086288;20;18;10;17;20;16;18;13;20;20;23;13;30;33;15;54;32;34
ENSG00000010270;109;131;115;107;104;98;111;94;193;105;178;58;134;163;62;187;130;133
ENSG00000006715;480;410;317;335;375;310;481;325;652;392;638;207;568;656;286;926;600;644
ENSG00000241127;17;7;8;16;21;8;19;4;14;14;26;11;14;22;6;16;13;16
ENSG00000006451;491;448;282;351;437;356;482;300;697;442;690;215;449;641;194;850;493;587
ENSG00000065883;762;639;536;552;660;525;580;467;1155;650;934;340;728;906;316;1025;629;671
ENSG00000168303;108;84;44;65;79;54;63;45;106;50;74;27;76;63;38;78;84;98
ENSG00000122641;309;312;270;304;307;274;644;521;1038;585;1164;310;30;57;29;70;41;42
ENSG00000136197;29;10;16;7;19;18;25;11;35;17;24;10;22;28;14;37;16;28
ENSG00000106591;58;60;41;44;64;60;76;46;99;74;100;36;67;97;39;123;68;65
ENSG00000164543;196;139;140;133;173;139;141;80;183;100;175;60;130;154;68;233;145;160
ENSG00000106603;166;115;103;83;98;99;132;77;171;104;127;68;151;148;72;210;164;138
ENSG00000106605;60;43;31;33;58;60;51;38;103;63;91;36;68;71;44;107;60;61
ENSG00000106608;238;227;165;183;205;215;218;224;526;273;415;153;247;348;137;387;237;221
ENSG00000078967;26;16;31;18;14;13;27;15;37;12;23;9;29;51;8;42;44;34
ENSG00000136279;1941;1387;1147;1081;1446;1287;1882;1580;3950;1892;2697;1184;1896;2363;956;2246;1504;1773
ENSG00000122678;268;206;118;166;203;157;214;189;542;281;365;136;253;374;155;316;233;223
ENSG00000106628;126;85;47;65;77;71;102;92;236;120;181;61;129;199;75;172;112;117
ENSG00000106636;230;181;112;168;208;193;220;167;474;245;346;131;276;358;113;404;208;241
ENSG00000015676;456;391;314;339;387;320;443;350;963;482;676;297;525;666;271;655;396;487
ENSG00000136271;252;186;149;179;225;171;236;181;529;266;368;141;334;378;159;405;283;277
ENSG00000158604;324;277;240;241;262;240;375;271;670;392;574;181;463;635;257;684;474;488
ENSG00000105953;953;819;609;668;816;674;966;697;1871;976;1449;513;1129;1584;664;1622;974;1011
ENSG00000122515;3132;2462;1604;1553;2121;2000;3723;3559;9799;4854;5404;2244;2157;3739;1287;2822;1922;2040
ENSG00000196262;629;554;424;488;580;577;574;428;861;622;852;323;684;875;366;1018;594;640
ENSG00000105968;661;572;431;404;498;474;538;289;724;442;619;252;638;771;330;982;658;771
ENSG00000146676;840;815;582;725;800;625;683;465;1005;670;1048;337;677;892;398;1414;903;1014
ENSG00000136286;3324;2866;2156;2156;2940;2535;3432;3239;8199;4135;5294;2083;3075;3972;1491;3670;2227;2469
ENSG00000136280;406;289;253;279;325;284;352;286;745;329;477;227;469;522;208;578;403;370
ENSG00000136270;163;114;102;113;154;114;145;137;384;187;204;82;171;275;113;215;146;173
ENSG00000136205;3940;3647;2806;2899;3475;2996;5040;4095;10898;5326;7323;2839;3870;5218;1968;5238;3189;3896
ENSG00000158683;41;34;19;32;34;27;43;23;86;39;58;22;51;55;28;50;41;72
ENSG00000136273;525;491;328;361;397;377;508;327;744;378;603;196;596;672;328;849;613;759
ENSG00000183696;1006;911;693;780;804;642;1198;913;2338;1209;1631;635;1208;1408;642;1463;1011;1147
ENSG00000185811;1515;1239;1151;1166;1244;1296;1233;822;1934;1039;1574;584;1543;1791;708;2201;1438;1490
ENSG00000132436;134;141;77;96;94;89;103;61;137;82;117;54;76;113;36;140;71;74
ENSG00000106070;103;105;89;86;122;93;117;65;190;100;164;75;124;132;49;132;121;112
ENSG00000132432;53;64;38;54;67;45;71;42;92;68;98;40;65;88;32;99;77;66
ENSG00000132434;40;41;17;48;41;32;56;47;78;41;74;18;51;82;25;115;45;71
ENSG00000154978;721;635;404;508;643;460;1219;867;2136;1145;1500;605;798;1108;451;1182;782;703
ENSG00000178665;13;6;13;11;4;10;10;4;14;4;9;4;8;11;3;12;9;7
ENSG00000146729;80;60;62;60;66;65;77;28;84;54;104;41;70;96;46;131;88;90
ENSG00000146731;175;151;98;115;130;134;130;92;185;146;171;61;200;223;86;260;187;213
ENSG00000129103;229;142;120;130;218;171;180;139;336;185;244;82;242;318;158;340;225;295
ENSG00000164776;37;23;21;26;19;20;21;19;56;24;42;17;23;37;16;34;15;29
ENSG00000106153;167;134;129;117;179;151;171;110;300;185;253;99;192;270;110;280;186;181
ENSG00000234444;448;344;273;290;332;312;414;289;611;339;571;192;400;501;221;680;480;484
ENSG00000173041;52;39;29;26;41;41;29;19;35;26;38;14;47;36;15;60;41;55
ENSG00000196247;86;58;64;43;55;39;45;26;67;24;44;17;57;52;22;79;61;60
ENSG00000198039;24;11;23;23;20;15;7;7;14;5;20;11;13;14;11;22;25;16
ENSG00000152926;270;250;215;187;214;190;193;104;232;148;207;77;221;240;102;339;294;237
ENSG00000146757;57;40;45;33;55;45;34;19;52;31;62;18;56;70;23;81;44;77
ENSG00000196715;46;58;38;45;40;43;39;29;70;44;65;21;55;71;31;134;36;83
ENSG00000169919;224;158;164;172;208;164;216;213;519;273;391;141;306;394;138;422;235;256
ENSG00000126522;212;192;124;129;173;112;229;200;522;302;354;131;180;264;101;241;148;206
ENSG00000241258;227;181;155;154;218;149;210;160;407;208;336;107;233;351;120;360;251;268
ENSG00000169902;975;920;587;660;814;607;1294;909;2062;1012;1633;611;576;973;413;1183;729;941
ENSG00000243335;406;267;171;179;237;221;300;212;535;265;385;175;418;489;183;469;313;353
ENSG00000154710;84;91;85;78;86;62;114;96;189;88;117;64;78;94;60;170;110;106
ENSG00000106609;388;421;275;288;406;349;395;252;661;411;568;210;421;501;241;668;365;418
ENSG00000126524;151;114;98;116;129;115;139;108;250;140;191;73;161;218;98;303;202;184
ENSG00000198874;151;106;94;98;92;105;113;87;207;109;151;61;153;137;68;217;124;124
ENSG00000158321;161;102;119;98;123;121;83;93;216;95;151;59;138;126;63;143;93;127
ENSG00000277149;301;278;182;209;283;210;252;185;447;228;328;135;176;205;91;268;163;188
ENSG00000196313;1529;1292;905;974;1212;1118;1281;1156;2872;1516;1901;808;806;1119;496;1175;815;794
ENSG00000130305;100;93;101;80;129;98;103;96;258;135;182;78;139;185;57;175;119;111
ENSG00000009954;770;723;591;635;738;641;833;551;1315;750;1228;429;883;1078;400;1315;791;893
ENSG00000106635;132;172;124;110;148;121;192;148;368;240;279;108;221;280;112;289;159;177
ENSG00000106638;113;103;43;77;86;80;126;104;237;145;176;61;140;170;60;175;99;132
ENSG00000176410;65;43;30;41;53;43;38;36;80;45;49;18;50;46;25;76;51;32
ENSG00000071462;117;134;97;94;114;99;128;131;225;99;178;58;157;169;69;199;128;136
ENSG00000106089;291;294;155;176;292;225;234;290;828;410;526;196;172;252;122;251;182;177
ENSG00000106077;84;65;41;38;57;51;79;52;147;79;93;41;101;105;43;100;73;64
ENSG00000106683;293;252;209;200;318;198;321;274;921;457;597;242;351;479;192;450;301;316
ENSG00000106682;998;986;687;825;936;847;1248;853;2345;1370;1820;694;1263;1697;648;1844;1096;1155
ENSG00000086730;668;570;387;484;576;515;702;576;1513;853;1175;381;954;1265;445;1320;818;852
ENSG00000049541;85;95;54;62;94;82;87;64;191;107;126;53;130;142;63;166;88;97
ENSG00000106665;653;536;366;435;582;422;672;686;1970;925;1236;557;653;984;351;891;534;509
ENSG00000263001;411;306;255;282;342;334;380;268;743;360;545;219;351;449;183;646;371;455
ENSG00000158517;512;412;307;390;461;373;810;680;1904;995;1167;537;574;881;337;759;469;537
ENSG00000274070;126;102;43;61;82;79;92;58;162;73;94;45;115;142;66;113;112;106
ENSG00000274523;174;158;140;142;161;133;187;157;440;235;297;104;267;320;131;355;198;205
ENSG00000174428;66;56;45;54;50;62;62;34;126;66;83;32;56;62;43;108;53;70
ENSG00000178809;18;6;10;8;17;9;12;7;20;10;16;12;8;14;9;13;4;8
ENSG00000272391;622;504;361;428;519;472;630;456;1302;676;840;344;528;762;315;786;480;545
ENSG00000127946;1243;1267;951;1027;1331;1098;1631;1404;3718;1878;2738;944;786;1364;525;1464;852;895
ENSG00000106178;1379;1220;714;852;1132;840;983;787;2611;1137;1584;777;1087;2415;854;2138;1426;1409
ENSG00000005486;1384;1363;725;906;1336;977;1340;1141;3668;1811;2325;1056;1014;2126;740;1987;1338;1231
ENSG00000127948;747;711;440;484;755;503;628;626;2063;991;1353;543;565;1105;380;877;562;618
ENSG00000189077;338;307;207;235;284;213;323;286;739;405;534;216;224;376;173;332;225;231
ENSG00000127952;171;118;102;116;148;96;149;107;312;179;239;88;170;176;91;202;152;157
ENSG00000146701;191;155;129;144;156;159;206;144;379;255;276;113;191;268;110;326;170;205
ENSG00000106211;29;36;17;14;23;16;16;15;49;27;22;12;36;31;12;40;27;17
ENSG00000170027;958;1069;679;817;1192;874;1154;871;2218;1367;1967;753;1339;1851;643;1928;1163;1186
ENSG00000091073;348;305;174;145;254;203;250;200;804;358;462;166;264;390;144;348;199;251
ENSG00000243566;65;42;26;27;37;41;70;48;173;63;79;47;51;74;21;64;46;43
ENSG00000146707;33;48;32;31;43;33;52;34;77;44;51;18;30;57;18;73;28;54
ENSG00000205482;21;20;18;24;22;32;36;24;33;37;33;12;32;51;21;45;49;32
ENSG00000135205;72;49;39;42;41;63;41;33;74;41;59;18;64;47;33;85;59;58
ENSG00000127951;403;302;390;342;372;518;127;65;72;41;96;37;151;145;79;342;297;297
ENSG00000186088;2320;2212;1559;1747;1804;1683;2283;1517;3026;1664;2738;1029;1449;2108;894;2914;1980;2340
ENSG00000127947;3877;3677;2679;3005;3558;2965;3571;2527;5312;3163;5355;1897;2916;3875;1563;5506;3589;3983
ENSG00000187257;243;196;168;182;219;220;220;147;294;183;265;108;195;292;120;347;235;282
ENSG00000135211;13;25;7;8;15;18;10;11;22;14;20;6;23;25;7;30;17;21
ENSG00000006576;203;205;159;158;187;192;173;84;166;92;190;55;175;217;87;314;226;232
ENSG00000135218;238;145;168;175;183;232;85;62;96;59;70;40;558;391;193;646;367;405
ENSG00000075223;1067;1058;752;905;1079;862;788;462;1157;690;1143;379;446;591;248;833;432;618
ENSG00000164659;21;12;17;15;19;21;9;7;16;5;23;5;29;9;9;18;14;20
ENSG00000135164;1146;1033;749;811;904;896;852;590;1245;703;1181;444;931;1162;454;1464;1074;1148
ENSG00000135185;99;66;63;74;87;64;63;54;99;51;89;23;71;96;36;133;87;105
ENSG00000005469;25;10;12;12;7;23;16;8;10;6;13;3;16;22;5;18;20;22
ENSG00000005471;21;15;17;10;14;16;23;14;26;10;20;13;24;25;13;40;23;24
ENSG00000085563;35;26;33;43;38;50;22;13;29;9;16;8;36;28;12;37;27;27
ENSG00000075303;205;208;149;151;219;164;181;83;204;142;205;81;239;257;99;392;334;266
ENSG00000006634;18;38;32;32;41;31;34;19;40;25;42;13;43;56;19;64;66;72
ENSG00000075142;75;66;62;57;70;66;58;43;89;56;83;32;116;103;34;105;68;78
ENSG00000105793;120;103;89;63;107;93;75;62;119;68;91;42;107;110;38;162;106;104
ENSG00000058091;1186;1145;881;942;991;991;1405;947;2169;1159;2000;714;907;1258;564;1638;1106;1144
ENSG00000157240;84;61;68;66;68;77;74;45;169;86;127;41;83;100;56;106;67;94
ENSG00000127989;92;71;55;45;66;57;46;46;78;47;68;28;68;73;43;91;66;85
ENSG00000127914;660;555;484;468;600;539;582;344;664;378;668;244;696;821;374;1165;796;799
ENSG00000001630;12;7;11;5;8;5;24;25;36;23;40;15;36;31;12;34;25;18
ENSG00000001631;110;136;90;81;126;99;86;59;131;65;123;45;101;114;47;180;105;141
ENSG00000001629;411;352;232;291;332;285;351;243;508;312;518;152;360;424;185;605;392;360
ENSG00000157259;270;188;178;169;204;161;215;126;329;233;285;110;200;264;117;355;233;308
ENSG00000127980;181;153;92;94;113;127;109;94;181;98;168;55;136;168;64;245;147;184
ENSG00000127993;159;130;101;105;147;101;148;76;142;88;163;56;133;164;50;219;129;194
ENSG00000234545;155;98;101;119;105;121;112;70;162;115;127;61;129;115;61;208;151;161
ENSG00000105810;131;87;103;86;77;96;114;74;124;73;128;47;116;98;47;152;157;124
ENSG00000205413;236;227;184;194;256;208;161;83;207;144;233;88;223;239;90;387;253;236
ENSG00000177409;116;67;111;101;85;114;48;24;67;37;60;21;53;61;19;108;83;90
ENSG00000004766;91;68;58;42;62;73;74;44;91;53;96;30;153;131;70;251;175;183
ENSG00000127920;24;28;21;17;16;18;16;6;19;10;17;4;40;34;11;32;17;38
ENSG00000105829;74;61;61;56;89;75;77;42;101;83;107;40;88;83;49;129;64;67
ENSG00000127995;83;57;56;53;49;73;43;19;60;36;57;11;58;55;31;116;89;96
ENSG00000004799;78;57;43;52;56;88;14;20;17;20;27;10;56;50;27;81;43;79
ENSG00000004864;406;347;309;310;390;333;385;244;539;335;529;189;329;469;204;567;401;469
ENSG00000127922;76;77;79;91;93;86;87;73;223;116;157;69;125;137;47;161;87;109
ENSG00000070669;44;20;22;21;16;25;23;9;23;12;21;10;34;39;16;28;28;19
ENSG00000164715;168;158;93;129;179;121;160;82;328;160;256;92;218;277;105;347;198;267
ENSG00000205356;334;202;239;228;262;263;307;215;556;269;386;176;339;388;165;366;253;295
ENSG00000164713;455;456;255;298;416;309;384;400;959;621;784;337;521;667;227;666;383;423
ENSG00000196367;2193;1859;1374;1585;1897;1580;2071;1556;4220;2079;2973;1182;2197;2949;1154;3225;2111;2232
ENSG00000198742;1131;951;644;739;945;804;961;838;1983;994;1473;591;858;1006;435;1208;781;901
ENSG00000293560;20;13;6;9;16;4;10;13;26;16;17;9;7;8;4;7;8;5
ENSG00000241685;63;44;26;42;38;31;29;32;64;30;61;15;40;53;22;65;45;43
ENSG00000130429;65;79;56;60;73;58;75;51;129;79;79;46;83;106;56;138;95;88
ENSG00000106244;293;207;146;174;208;194;256;183;535;311;406;122;313;396;161;359;218;284
ENSG00000106245;98;87;52;92;74;57;116;74;225;110;173;66;131;149;64;185;95;109
ENSG00000106246;38;19;13;6;24;16;21;8;46;31;29;17;30;31;15;30;19;22
ENSG00000160917;188;153;113;128;164;127;198;128;349;208;295;88;200;244;82;215;161;188
ENSG00000241468;66;48;39;45;48;72;103;38;113;80;67;31;81;91;58;124;66;56
ENSG00000198556;138;93;74;80;101;99;82;69;173;96;131;49;114;120;69;157;117;154
ENSG00000160908;356;276;239;247;300;276;378;266;651;314;457;181;378;441;228;540;330;365
ENSG00000196652;158;128;98;138;161;109;139;108;226;117;191;80;159;191;81;208;151;160
ENSG00000221909;18;16;10;9;10;22;9;7;22;11;8;3;19;24;6;29;13;12
ENSG00000197343;2034;1755;1303;1390;1596;1458;1600;1143;2582;1347;2339;786;1844;2350;969;2947;1826;2159
ENSG00000197037;212;130;94;149;162;137;197;115;299;167;224;74;210;236;100;232;193;196
ENSG00000146833;304;276;199;194;263;214;269;205;524;235;391;140;371;404;164;484;299;329
ENSG00000106261;1215;1070;789;910;1123;995;1149;795;1895;1171;1782;570;1125;1526;601;1797;1179;1234
ENSG00000166529;19;23;12;22;22;18;31;24;35;21;32;18;30;23;17;53;13;27
ENSG00000166526;206;189;131;119;190;149;191;126;344;170;237;106;180;225;105;283;164;176
ENSG00000168090;128;146;88;118;145;120;136;136;313;171;256;81;182;253;88;256;156;160
ENSG00000166508;710;529;426;476;511;461;674;518;1307;699;917;389;709;907;355;782;550;674
ENSG00000221838;80;65;73;63;79;61;111;68;207;115;146;71;105;137;52;129;70;92
ENSG00000106290;226;132;100;113;162;162;166;147;356;198;243;82;207;234;92;217;155;167
ENSG00000166997;36;30;28;30;37;30;34;25;55;30;45;23;40;44;15;48;38;31
ENSG00000188186;213;175;134;106;142;154;171;177;401;227;265;108;211;332;132;280;180;176
ENSG00000146826;213;138;124;142;167;161;148;139;378;195;244;89;206;297;103;277;198;181
ENSG00000213420;19;12;9;13;11;7;12;8;28;6;17;8;15;14;6;7;14;8
ENSG00000121716;63;31;27;45;43;30;25;29;63;36;46;21;44;39;22;45;25;31
ENSG00000085514;952;906;596;659;952;699;941;912;2543;1529;1782;676;773;1326;469;1196;677;754
ENSG00000078487;22;13;11;16;13;29;19;16;32;16;31;11;29;41;20;44;23;33
ENSG00000146834;194;187;130;124;148;155;210;238;439;219;340;150;224;345;112;295;169;197
ENSG00000160813;46;42;45;30;41;40;35;42;105;71;93;25;35;46;25;59;36;33
ENSG00000185955;10;15;8;14;5;6;12;11;32;17;24;7;7;26;4;20;7;14
ENSG00000166925;508;369;309;318;455;405;394;416;1178;636;737;242;414;661;250;576;318;373
ENSG00000106351;100;58;74;42;74;65;47;30;87;37;54;30;46;91;27;78;53;70
ENSG00000077454;283;265;191;177;279;227;264;224;783;347;327;147;308;435;183;371;249;227
ENSG00000106333;23;24;20;14;26;9;21;27;49;25;33;11;13;27;12;23;18;20
ENSG00000106330;41;29;19;24;42;31;36;40;89;60;47;25;47;36;18;61;31;24
ENSG00000106327;26;15;15;18;15;21;32;28;60;20;37;9;42;27;11;24;15;22
ENSG00000172354;588;512;355;435;651;537;508;522;1551;876;970;359;662;993;381;963;559;617
ENSG00000146830;2370;2005;1477;1449;1887;1565;2095;2073;5230;2875;3731;1441;2439;3258;1343;3023;1846;2142
ENSG00000172336;15;17;11;11;17;20;15;11;31;26;29;16;14;29;11;24;10;14
ENSG00000146828;687;481;389;384;504;450;486;439;1155;557;772;317;819;1140;408;970;617;680
ENSG00000087077;135;136;69;74;111;75;151;128;361;188;252;96;146;255;81;219;131;151
ENSG00000087087;657;627;451;466;592;585;704;614;1520;810;1137;396;810;1040;364;987;646;716
ENSG00000169871;1529;1269;962;1043;1257;1126;1741;1515;3510;1959;2581;1014;1431;1905;692;1917;1177;1457
ENSG00000106366;233;265;160;221;285;185;1077;826;2534;1330;2016;591;606;1287;476;1261;638;945
ENSG00000106367;69;47;50;57;66;50;88;54;156;94;125;52;80;117;36;105;48;76
ENSG00000106397;267;270;210;228;312;193;323;261;856;390;560;192;415;556;196;458;345;341
ENSG00000106400;79;76;76;52;91;70;81;71;174;68;114;56;97;151;45;115;92;88
ENSG00000106404;225;172;152;152;168;200;187;173;406;197;255;129;243;280;96;215;185;185
ENSG00000214253;140;104;100;83;101;79;134;106;349;130;248;86;154;217;84;207;110;131
ENSG00000257923;3474;3281;2329;2389;3134;2420;3628;2785;7681;4102;5176;2157;2804;4068;1620;4679;2694;2952
ENSG00000160999;227;235;125;143;171;160;189;205;648;252;307;132;168;281;101;235;151;161
ENSG00000128563;241;171;160;211;211;189;258;253;560;282;437;155;288;335;138;335;222;218
ENSG00000160991;851;765;506;561;780;526;1044;828;2362;1287;1584;609;960;1397;495;1247;741;853
ENSG00000160993;38;37;23;28;45;39;38;30;95;50;59;29;34;78;24;52;26;42
ENSG00000161036;71;55;37;36;66;58;88;79;183;98;123;56;76;104;39;89;52;62
ENSG00000005075;56;57;57;28;66;34;54;64;157;100;104;39;66;116;30;99;42;58
ENSG00000170667;48;40;26;31;25;28;65;43;136;74;119;43;87;139;47;107;92;59
ENSG00000284981;74;59;43;78;53;46;75;53;166;81;73;29;69;84;44;93;79;64
ENSG00000285437;222;216;138;146;217;167;222;175;470;221;294;122;225;325;122;351;227;259
ENSG00000105808;25;25;14;11;14;18;24;12;55;25;36;12;30;54;13;52;26;50
ENSG00000228049;225;189;163;154;204;170;251;211;506;247;378;142;259;291;144;318;211;254
ENSG00000222011;34;21;24;22;27;25;15;6;28;17;31;8;33;38;15;47;28;29
ENSG00000170632;87;63;53;73;67;63;60;44;107;62;84;34;92;107;39;161;120;126
ENSG00000161048;67;50;40;44;31;37;47;18;69;31;45;17;46;85;27;97;60;49
ENSG00000105819;313;239;165;254;243;204;214;143;370;213;324;142;274;340;133;464;308;310
ENSG00000105821;238;178;160;150;165;148;174;136;271;137;215;93;238;252;109;366;276;317
ENSG00000161057;184;164;136;135;163;130;158;107;294;151;253;97;183;254;91;313;196;187
ENSG00000164815;55;55;38;31;28;35;35;18;49;29;61;16;43;46;23;83;44;74
ENSG00000005483;3012;2720;1901;2243;2646;2270;2957;2193;4943;2740;3991;1506;2930;3706;1509;4517;3048;3264
ENSG00000135250;349;287;231;279;340;307;270;189;401;168;355;146;399;407;189;588;390;355
ENSG00000091127;62;43;45;35;54;38;62;37;82;54;64;28;66;69;22;91;39;60
ENSG00000135249;118;108;85;99;105;108;99;51;132;77;132;36;151;133;71;243;156;166
ENSG00000146776;223;171;155;153;153;177;176;140;304;184;209;72;254;307;120;340;213;252
ENSG00000008282;209;191;122;165;203;132;161;121;258;173;298;94;184;228;118;399;194;249
ENSG00000105835;19033;19544;14309;15746;17254;15695;14395;9767;16886;10587;19553;6314;18995;23836;10827;39026;25906;25593
ENSG00000253276;202;236;146;214;217;116;248;177;529;296;476;136;314;497;196;559;336;332
ENSG00000105851;161;129;140;167;155;158;81;44;124;50;111;33;145;146;75;216;142;130
ENSG00000005249;71;44;64;55;43;79;30;10;35;18;25;10;48;42;14;70;57;50
ENSG00000105856;997;833;703;738;922;772;860;587;1261;771;1253;450;860;1149;497;1525;913;983
ENSG00000164597;263;180;174;175;164;182;288;142;297;167;265;105;432;427;177;638;419;391
ENSG00000288558;34;39;17;27;26;34;41;32;60;29;46;7;51;59;12;82;57;53
ENSG00000105879;200;162;114;140;139;149;143;90;192;120;168;51;162;184;82;270;164;171
ENSG00000091140;325;256;230;260;280;252;248;183;336;192;353;138;311;343;146;519;327;383
ENSG00000135241;297;291;210;213;323;240;277;203;444;274;434;138;343;426;179;588;413;379
ENSG00000177683;67;59;46;39;56;53;37;29;83;55;73;19;78;74;30;107;58;67
ENSG00000128590;32;29;25;48;36;43;78;40;55;52;77;23;41;47;13;82;56;55
ENSG00000184903;78;63;59;44;68;53;61;57;83;52;68;36;68;74;32;90;75;79
ENSG00000128512;4780;4192;2938;3219;3924;3261;3536;2578;5884;3190;4953;1727;2849;3771;1525;5112;2951;3377
ENSG00000198839;95;92;68;87;106;92;67;49;120;82;117;44;89;106;29;147;86;83
ENSG00000006652;186;142;72;102;130;115;128;68;140;92;162;68;145;193;86;297;198;200
ENSG00000146802;267;231;179;175;230;207;224;140;272;192;295;104;207;259;113;375;261;281
ENSG00000164603;192;217;145;143;219;190;181;141;247;155;271;82;140;194;94;290;176;208
ENSG00000214194;9;23;19;8;21;9;12;11;14;16;14;8;20;19;8;39;7;19
ENSG00000135272;214;234;155;176;228;185;204;145;295;184;295;93;451;447;167;723;380;472
ENSG00000105967;367;319;244;285;318;276;538;288;528;352;620;218;482;538;216;916;557;662
ENSG00000135269;312;313;214;265;322;268;346;243;511;309;492;171;232;288;107;428;271;256
ENSG00000105976;502;562;410;484;660;503;737;510;984;681;1050;332;236;383;160;565;320;364
ENSG00000198898;616;589;410;522;625;485;543;413;713;513;868;288;751;890;315;1199;722;743
ENSG00000004866;108;96;66;59;99;95;112;67;158;94;140;48;104;143;58;140;119;144
ENSG00000128534;372;287;225;253;306;315;287;235;389;208;388;144;299;396;158;542;343;382
ENSG00000071243;138;143;102;111;140;100;117;64;153;120;169;48;138;177;72;218;151;206
ENSG00000106034;34;19;24;28;39;26;20;19;24;20;20;10;46;26;25;71;46;49
ENSG00000196937;68;69;55;51;60;58;66;49;109;63;102;33;90;107;37;165;89;110
ENSG00000008311;17;8;7;13;18;18;7;7;13;8;13;4;22;9;7;22;14;13
ENSG00000128609;147;163;111;103;153;110;135;93;176;112;196;76;173;178;85;234;178;184
ENSG00000106299;349;318;210;258;329;275;263;154;445;260;441;143;342;394;161;542;368;403
ENSG00000128513;98;81;68;70;70;64;91;51;91;68;99;58;80;91;36;152;119;94
ENSG00000048405;335;300;217;233;267;272;237;160;388;236;368;115;306;346;154;586;333;422
ENSG00000179562;172;157;132;159;196;158;201;153;411;215;372;123;217;308;116;274;201;213
ENSG00000004059;186;188;131;147;182;192;181;142;425;268;333;122;251;373;121;379;171;181
ENSG00000197157;1241;1001;719;881;988;901;1441;1106;2504;1425;2014;828;1499;1881;727;2004;1276;1388
ENSG00000174697;13;17;14;16;28;11;49;28;78;55;80;20;17;19;9;36;4;16
ENSG00000106344;383;298;253;252;313;301;340;203;565;288;399;147;393;424;145;498;347;345
ENSG00000106348;763;584;478;470;602;583;649;588;1724;844;1144;442;744;1016;413;810;555;577
ENSG00000135245;1110;1038;803;875;978;722;1300;1058;2029;1188;1976;675;1348;1338;675;1499;850;833
ENSG00000165055;75;46;54;56;38;82;81;57;134;63;97;40;103;111;60;140;73;118
ENSG00000205085;87;58;30;32;51;39;92;34;118;53;80;38;58;75;40;98;46;79
ENSG00000128595;317;292;212;207;308;263;341;224;513;319;477;151;308;397;162;530;316;352
ENSG00000128596;26;20;14;10;18;22;13;11;42;15;18;5;21;31;14;31;14;20
ENSG00000128524;249;271;184;201;340;182;499;378;1080;692;695;257;571;788;225;675;375;362
ENSG00000272899;64;34;40;20;35;36;58;52;134;61;70;28;56;65;29;65;44;32
ENSG00000128604;389;339;232;228;303;262;320;242;617;358;485;152;596;739;301;808;533;555
ENSG00000064419;671;655;445;510;550;529;622;455;945;539;834;288;630;760;322;981;603;669
ENSG00000158457;137;90;97;88;106;99;168;155;339;197;234;109;155;180;83;176;99;136
ENSG00000158467;173;145;118;116;128;138;174;95;249;159;220;98;188;269;94;325;159;213
ENSG00000128578;86;58;43;64;68;36;72;47;122;68;82;28;86;79;40;93;55;79
ENSG00000106459;166;150;127;136;150;147;200;133;341;196;275;120;191;223;118;290;188;195
ENSG00000186591;798;739;534;596;678;565;679;511;1220;714;1045;414;721;846;390;1136;698;855
ENSG00000091732;77;41;35;47;46;57;51;45;95;49;63;21;58;81;37;104;60;37
ENSG00000128607;379;326;237;249;298;274;345;215;500;314;493;181;417;485;220;580;369;410
ENSG00000146842;61;91;59;64;71;80;67;40;111;58;87;29;70;102;41;137;86;86
ENSG00000106477;27;25;29;22;19;35;19;24;29;16;26;7;24;28;17;35;18;25
ENSG00000158623;68;35;39;35;46;36;37;27;49;38;56;16;77;62;31;88;57;66
ENSG00000128585;1546;1320;988;1064;1339;1126;1129;739;1568;888;1669;600;1355;1619;752;2428;1583;1557
ENSG00000221866;25;12;25;24;9;40;7;10;13;13;13;4;5;13;7;21;18;11
ENSG00000106554;93;81;65;64;72;58;98;57;138;77;100;28;94;109;39;149;103;106
ENSG00000131558;888;724;523;651;742;680;1094;717;1604;858;1287;513;1115;1422;566;1681;1131;1248
ENSG00000205060;104;91;95;65;74;98;83;49;126;81;110;37;93;133;68;146;104;122
ENSG00000085662;206;194;118;132;180;164;292;245;508;289;415;166;166;183;89;199;107;162
ENSG00000172331;35;58;36;42;43;28;27;27;61;35;58;17;50;49;21;79;32;35
ENSG00000122783;116;111;67;75;92;93;127;95;292;156;224;94;148;190;82;218;146;164
ENSG00000146859;250;204;194;164;227;187;290;210;514;290;427;143;214;255;141;213;116;170
ENSG00000105875;454;359;265;360;365;308;505;416;947;517;730;316;592;676;323;837;464;568
ENSG00000080802;588;518;416;422;439;489;486;333;856;408;674;238;504;608;262;855;557;626
ENSG00000155561;495;472;360;336;480;379;431;275;662;369;581;210;527;581;266;820;492;536
ENSG00000243317;190;196;147;173;197;179;155;66;214;128;204;81;201;245;86;343;213;200
ENSG00000105887;981;988;792;845;1089;832;940;562;1306;853;1404;479;1113;1347;508;1782;998;1089
ENSG00000182158;518;469;347;415;460;389;618;351;1005;625;843;289;405;608;281;706;417;505
ENSG00000122779;286;297;207;244;238;226;361;264;633;355;503;195;305;365;122;520;328;355
ENSG00000146858;34;23;19;39;27;31;39;32;66;46;55;16;17;17;14;25;26;23
ENSG00000105939;656;546;493;474;534;579;485;291;664;392;646;227;536;576;243;783;558;586
ENSG00000157741;1228;1169;814;963;1093;959;1103;772;1625;974;1529;543;1082;1296;559;1866;1151;1296
ENSG00000146963;260;262;202;181;263;221;268;277;651;406;467;181;261;378;136;381;278;283
ENSG00000064393;6412;6180;4183;4642;5965;4850;7655;5652;15029;8626;11421;4211;8373;11322;4383;12231;7391;8426
ENSG00000059377;1065;861;620;687;912;794;904;715;1571;906;1301;552;1556;1784;752;2109;1282;1424
ENSG00000059378;159;93;146;115;164;158;118;111;220;112;171;71;130;147;46;146;120;112
ENSG00000006459;3104;2895;2213;2547;2754;2390;2866;1898;3981;2299;3979;1363;3010;3510;1538;5322;3275;3611
ENSG00000157800;54;33;43;52;69;52;50;28;113;50;101;24;87;90;38;87;82;87
ENSG00000133606;1167;1086;734;876;1141;883;1169;812;1910;1159;1895;604;1267;1617;598;1915;1178;1168
ENSG00000133597;82;41;29;37;53;52;55;54;155;105;136;35;64;60;28;92;43;58
ENSG00000090266;90;58;71;66;72;75;115;80;154;91;143;69;88;130;46;136;80;79
ENSG00000157764;1077;917;804;826;970;861;1048;688;1499;851;1340;482;1110;1420;520;1870;1219;1333
ENSG00000090263;7;11;6;11;14;15;11;8;19;7;10;6;9;25;2;13;12;6
ENSG00000006530;136;141;108;95;139;109;117;86;215;101;160;75;78;115;47;129;91;93
ENSG00000257093;3472;3005;2471;2731;2889;2602;3863;2981;6541;3728;6787;2309;2952;3328;1430;3957;2545;3007
ENSG00000106028;141;131;124;177;124;149;154;141;262;177;219;85;184;168;57;256;137;157
ENSG00000127362;42;26;23;26;22;16;25;34;43;28;52;21;44;30;19;51;28;27
ENSG00000127364;113;71;102;58;59;55;69;50;90;64;82;37;56;73;39;94;64;74
ENSG00000127366;38;39;24;36;30;25;23;18;53;19;38;21;36;33;24;42;28;35
ENSG00000257335;280;267;181;196;293;224;435;320;791;408;716;183;285;437;141;470;276;342
ENSG00000258227;9708;9656;6270;6755;9162;7515;13505;8993;21270;12723;19754;6152;9078;14308;5382;18189;11030;13404
ENSG00000257743;19;24;21;12;27;15;21;26;39;21;32;16;12;22;9;22;17;22
ENSG00000106123;72;44;64;41;57;49;36;38;103;36;56;35;75;97;33;73;62;52
ENSG00000197448;290;220;233;178;254;266;174;131;298;179;214;105;285;331;147;359;239;269
ENSG00000106144;460;357;297;333;386;378;359;253;610;347;496;161;547;629;259;831;481;496
ENSG00000159784;15;14;9;12;15;22;10;14;43;14;20;13;38;42;25;42;25;23
ENSG00000159840;1396;1162;791;786;1126;1063;1040;988;3108;1627;1839;718;1731;2518;973;2315;1467;1557
ENSG00000146904;18;6;12;15;10;17;15;7;14;7;14;4;26;20;5;18;9;17
ENSG00000185899;19;14;7;16;6;20;9;9;16;10;17;8;11;29;15;36;21;24
ENSG00000221855;11;14;9;6;10;4;13;9;20;15;9;8;32;15;10;21;14;17
ENSG00000170379;252;272;205;233;243;199;298;190;439;220;356;124;252;370;156;376;252;299
ENSG00000271321;22;22;29;21;27;14;10;10;18;10;15;10;16;18;10;26;24;18
ENSG00000198420;39;36;34;29;37;32;32;24;45;23;51;20;64;48;28;92;44;43
ENSG00000196511;30;32;15;20;24;32;29;22;32;27;36;12;49;40;28;60;36;43
ENSG00000055130;745;638;549;536;604;584;638;421;1023;555;883;323;578;747;322;900;572;710
ENSG00000106462;218;218;187;178;183;149;281;218;439;279;389;137;227;282;106;339;199;240
ENSG00000155660;210;176;133;186;256;194;440;317;747;483;727;224;236;289;112;330;191;216
ENSG00000197362;46;37;23;14;27;23;33;19;52;32;33;17;44;56;15;38;36;34
ENSG00000197024;135;134;100;121;137;137;159;99;250;118;239;65;132;171;85;215;159;175
ENSG00000170265;155;125;74;82;99;112;155;100;290;182;194;89;158;220;81;175;109;149
ENSG00000170260;131;133;96;102;136;93;142;128;275;129;198;71;169;195;90;245;175;194
ENSG00000204946;251;248;188;218;248;211;293;238;620;282;395;194;336;441;160;437;328;303
ENSG00000196453;33;28;25;18;27;30;27;20;54;35;31;16;33;41;17;25;24;33
ENSG00000181220;444;332;219;262;307;270;389;254;735;419;465;204;437;566;243;580;400;466
ENSG00000133619;70;64;33;50;65;65;62;48;138;77;115;50;69;89;39;88;57;70
ENSG00000181444;152;132;112;101;147;136;113;94;313;175;215;79;241;325;121;328;196;160
ENSG00000106479;259;222;157;202;231;168;248;188;463;293;381;146;294;330;152;360;216;240
ENSG00000214022;232;183;129;158;174;169;233;195;534;262;383;128;248;319;121;340;182;224
ENSG00000171115;141;96;128;114;108;140;48;47;84;59;84;35;56;70;34;97;75;80
ENSG00000179144;100;32;63;56;55;77;34;22;20;16;38;7;27;28;17;56;53;39
ENSG00000133574;232;145;191;215;177;229;64;53;67;51;110;29;101;80;47;203;156;137
ENSG00000133561;143;86;103;113;100;135;46;33;62;31;47;21;79;55;21;106;84;90
ENSG00000106560;33;25;36;54;37;58;24;21;21;21;42;19;38;36;11;48;42;49
ENSG00000213203;72;37;48;69;44;37;17;10;35;15;28;5;29;24;13;58;31;43
ENSG00000106565;372;361;253;279;378;311;478;409;957;603;762;283;748;1006;365;900;552;495
ENSG00000002933;98;82;51;71;113;74;139;100;223;166;202;72;167;248;79;277;126;129
ENSG00000002726;4;5;5;4;4;8;36;32;103;73;71;22;59;65;22;71;49;48
ENSG00000197150;113;119;82;75;125;101;121;88;269;104;158;59;129;165;67;162;104;116
ENSG00000213199;17;16;4;8;24;20;14;16;54;32;17;8;31;32;10;18;12;24
ENSG00000164885;34;39;20;23;38;34;38;29;83;36;54;16;40;66;15;60;39;50
ENSG00000164889;1444;1183;704;791;1146;804;1266;1300;3492;1861;2332;866;1480;2132;725;1732;1024;1123
ENSG00000164896;231;162;106;145;158;154;139;192;438;230;287;113;209;280;118;237;139;180
ENSG00000164897;143;137;89;89;122;88;160;182;433;226;292;120;158;202;67;236;96;110
ENSG00000133612;1643;1390;1000;992;1330;1073;2015;2006;5628;2662;3282;1348;1486;2124;772;1894;1110;1203
ENSG00000033050;44;28;25;26;43;25;33;23;61;38;42;12;44;62;19;58;35;49
ENSG00000033100;592;454;406;365;445;455;638;491;1252;702;901;317;612;872;386;836;522;610
ENSG00000082014;74;68;53;57;67;73;46;32;100;53;66;23;40;59;25;60;59;43
ENSG00000013374;515;375;348;346;452;341;616;415;1081;632;792;389;539;593;258;724;486;588
ENSG00000187260;103;88;79;48;81;35;45;59;167;72;118;47;53;68;38;61;24;43
ENSG00000106615;227;194;123;142;196;151;278;165;395;197;332;100;232;265;124;359;215;248
ENSG00000106617;1404;1184;1001;948;1039;915;1540;1333;3045;1401;2081;828;972;1412;588;1537;969;1022
ENSG00000178234;234;243;163;221;215;166;276;219;531;244;410;165;248;248;101;296;223;256
ENSG00000055609;6224;5643;4122;4584;5428;4856;5927;4185;9137;5128;7791;2897;7428;8700;3563;11052;7128;7804
ENSG00000133627;32;24;29;27;40;31;33;38;74;34;49;37;39;47;27;71;50;58
ENSG00000157212;225;240;145;224;206;217;250;186;383;214;335;112;285;302;129;388;206;254
ENSG00000186480;4060;4429;2879;3562;4417;3262;5953;4404;9553;6120;9951;2835;9380;11165;4585;15231;9186;9783
ENSG00000184863;2640;2180;1763;1821;2135;1884;2388;1858;4218;2260;3375;1253;2568;3087;1302;3714;2477;2662
ENSG00000105983;500;436;343;415;398;358;421;299;655;319;620;218;516;613;296;817;571;595
ENSG00000146909;130;101;84;87;108;102;98;67;185;86;132;56;147;180;65;223;134;123
ENSG00000009335;826;648;518;512;706;578;714;540;1179;706;987;382;871;1085;434;1275;842;847
ENSG00000105993;1104;995;787;786;1018;826;1481;1044;2715;1277;1801;767;945;1298;518;1558;1048;1115
ENSG00000146918;167;140;123;139;139;96;113;86;174;86;187;72;150;181;85;230;164;177
ENSG00000117868;1184;1092;903;958;1121;956;1107;822;1845;1099;1691;593;1124;1391;563;1640;1103;1226
ENSG00000126870;460;349;275;328;358;358;494;358;744;407;639;240;618;577;266;725;463;454
ENSG00000172748;23;32;21;22;26;15;12;9;37;23;21;7;12;28;7;28;18;24
ENSG00000147364;110;94;76;77;93;103;117;60;171;99;129;41;134;141;68;202;141;157
ENSG00000104714;243;255;219;192;221;206;270;169;450;214;348;138;260;343;128;387;248;344
ENSG00000182372;781;670;450;562;601;499;1199;861;2011;1093;1628;574;691;832;342;1016;558;715
ENSG00000176595;91;69;78;62;78;59;66;57;125;81;125;46;33;73;18;74;35;48
ENSG00000147316;291;248;223;224;218;201;218;185;394;213;321;106;306;313;128;444;293;272
ENSG00000155189;55;41;28;44;54;29;45;36;60;28;58;14;55;70;22;96;70;65
ENSG00000275342;38;30;31;35;29;28;18;9;25;15;23;7;24;29;20;32;25;25
ENSG00000147324;190;136;120;115;158;155;222;143;479;265;343;138;125;204;79;210;147;178
ENSG00000104626;117;109;76;86;119;102;106;64;125;96;146;58;97;115;59;176;108;134
ENSG00000173281;410;492;301;412;430;332;484;375;761;489;829;258;463;630;261;793;431;493
ENSG00000173273;866;736;539;604;680;637;729;494;1137;677;1020;333;759;889;346;1148;827;872
ENSG00000175806;62;68;39;54;74;54;65;48;110;51;104;35;105;104;45;185;110;105
ENSG00000171044;27;19;15;26;22;22;30;25;43;34;41;11;23;34;14;45;23;29
ENSG00000104643;293;279;230;240;256;234;235;183;412;196;319;116;265;323;133;475;340;338
ENSG00000136573;45;13;39;21;29;41;18;12;17;13;19;6;15;16;8;25;32;29
ENSG00000154328;10;5;12;5;7;7;10;8;10;7;9;6;8;8;4;17;9;10
ENSG00000079459;193;138;126;136;141;136;118;80;221;125;219;91;224;232;113;245;153;187
ENSG00000164733;5952;5981;3841;4564;6593;4678;8052;5391;15163;8923;10985;3674;12202;15108;5596;16589;8742;9750
ENSG00000154359;222;179;161;174;192;191;220;170;404;186;293;103;221;233;119;285;235;206
ENSG00000164741;18;5;6;11;8;25;11;9;22;15;27;11;15;27;3;20;9;16
ENSG00000104219;114;115;75;83;99;101;85;65;121;80;119;41;137;163;53;232;157;136
ENSG00000198791;346;341;232;312;347;286;292;183;382;248;430;137;343;437;153;616;329;382
ENSG00000155975;259;301;205;195;261;226;225;160;348;203;322;120;253;300;126;451;312;313
ENSG00000078674;1346;1225;902;975;1106;952;1089;683;1470;809;1314;514;1257;1401;573;2023;1338;1503
ENSG00000104763;1153;1271;833;976;1396;957;898;610;1307;953;1324;468;842;947;398;1446;873;902
ENSG00000171428;32;30;23;18;34;18;20;11;36;15;33;5;23;28;12;40;24;22
ENSG00000156011;2795;2619;1971;2265;2533;2198;1738;1241;3372;1638;2728;1077;913;1469;592;1649;1118;1407
ENSG00000147408;386;291;243;293;321;304;348;258;626;353;497;276;169;293;116;326;256;248
ENSG00000104613;250;194;168;179;228;170;197;119;298;155;266;113;237;273;120;430;266;205
ENSG00000147416;2149;1922;1459;1644;1829;1740;2534;1605;3658;2158;3237;1061;3475;3993;1607;5250;3167;3520
ENSG00000147443;410;446;271;300;422;376;322;266;795;475;555;210;736;959;351;924;558;548
ENSG00000130227;561;530;342;397;417;445;447;345;796;413;635;242;538;697;309;803;496;622
ENSG00000158856;29;17;27;37;20;28;7;8;9;6;14;6;24;18;7;39;26;20
ENSG00000158863;255;211;172;159;209;208;187;197;631;266;318;116;227;294;118;272;160;179
ENSG00000275074;134;84;83;91;88;79;100;104;259;128;148;66;102;113;55;95;68;92
ENSG00000168476;166;124;132;90;119;123;152;141;344;179;209;85;218;276;119;208;151;174
ENSG00000168487;488;438;277;279;361;323;677;541;1778;798;1065;382;588;914;301;800;535;619
ENSG00000168495;127;109;109;87;89;94;125;113;249;132;181;74;178;205;102;259;169;183
ENSG00000104635;19;11;12;7;13;7;10;10;21;18;20;9;11;17;5;23;23;14
ENSG00000120910;167;151;132;147;175;158;195;135;284;153;231;107;104;122;46;173;128;171
ENSG00000120896;84;50;66;63;55;89;46;25;93;46;65;16;63;63;26;51;53;52
ENSG00000120913;100;67;90;65;92;88;64;31;119;50;86;32;82;101;53;115;72;63
ENSG00000241852;86;67;37;45;64;60;62;46;141;80;115;44;75;99;42;106;64;62
ENSG00000158941;873;704;569;628;737;664;803;728;1702;934;1159;548;928;1183;475;1179;786;813
ENSG00000147439;349;288;189;217;315;292;341;310;778;371;546;225;398;466;213;490;302;352
ENSG00000179388;914;938;594;578;698;741;979;621;1645;849;1241;526;781;1526;469;1677;1101;1064
ENSG00000008853;60;48;42;53;47;54;36;29;93;39;65;31;41;50;17;72;38;62
ENSG00000120889;794;690;473;583;703;575;1280;962;2337;1415;2044;718;1162;1503;597;1564;973;1011
ENSG00000173530;970;940;733;749;950;824;1407;990;2353;1271;1903;699;1388;1832;747;1806;1131;1336
ENSG00000104689;194;226;151;155;207;247;334;245;626;330;490;168;367;438;134;454;271;323
ENSG00000147457;317;181;206;209;231;208;242;227;442;250;401;125;276;410;139;436;253;267
ENSG00000104679;51;63;53;49;97;53;93;72;201;89;134;51;69;92;33;92;39;72
ENSG00000134013;13;14;18;26;12;18;25;23;70;14;41;11;11;8;4;7;11;6
ENSG00000197217;1242;1055;771;813;1130;903;1156;865;1759;982;1613;618;1046;1414;553;1745;1007;1208
ENSG00000147454;4202;4016;2806;3604;3728;3460;3995;3142;7426;4189;6124;2386;1391;1789;705;1981;1325;1521
ENSG00000042980;605;439;348;421;382;413;979;684;1296;806;1312;469;2009;2352;868;3575;1963;2080
ENSG00000134028;453;496;284;412;570;380;1026;591;1489;1028;1449;458;728;1122;295;1437;647;906
ENSG00000147459;5628;4912;3333;3789;4381;3700;6257;4237;9266;5184;7731;2907;7712;10308;4208;12623;8024;8919
ENSG00000147437;30;20;9;19;35;28;19;19;38;21;23;17;24;33;9;45;34;47
ENSG00000104756;226;167;158;171;182;164;160;119;226;141;235;81;164;206;63;269;167;216
ENSG00000221914;501;441;313;380;431;331;428;241;508;329;571;189;406;545;225;731;461;549
ENSG00000104765;2641;2897;2142;2562;2880;2289;2851;2014;4254;2806;4802;1600;2703;3301;1387;4677;2537;2766
ENSG00000092964;734;531;510;587;636;618;774;464;1239;794;955;337;703;974;330;1070;608;730
ENSG00000104228;82;56;46;50;60;83;45;37;108;68;69;33;73;71;36;74;59;74
ENSG00000120899;3356;2836;2168;2240;2758;2351;3358;2807;6840;3617;5151;1936;3601;4636;1868;4544;3017;3156
ENSG00000120915;29;4;17;16;13;18;6;5;18;8;10;3;10;11;5;21;21;9
ENSG00000120885;84;45;61;48;87;103;33;26;33;27;36;13;50;35;13;62;64;50
ENSG00000147419;68;67;47;58;56;63;77;50;94;61;88;28;72;91;32;105;78;70
ENSG00000134014;286;300;180;226;219;218;286;212;477;259;364;137;332;400;184;435;291;309
ENSG00000186918;5214;4560;3493;4247;4173;3822;6447;5882;13949;7279;10671;3748;6307;8743;3504;7863;4579;5377
ENSG00000104290;114;128;85;93;114;111;96;58;162;72;190;55;119;181;73;312;150;191
ENSG00000012232;483;453;297;377;512;368;450;337;1027;505;723;294;503;706;292;773;432;472
ENSG00000104299;177;134;98;118;134;112;219;146;390;201;287;96;283;297;159;372;214;249
ENSG00000147421;972;790;573;615;662;665;1067;865;1697;943;1422;482;1053;1310;557;1523;977;1112
ENSG00000197892;1032;912;661;821;995;778;1030;873;2076;1084;1661;629;1527;1757;748;2000;1264;1411
ENSG00000120875;4012;3834;2502;2990;3865;3197;2147;2059;5508;2688;4437;1697;440;915;383;949;663;749
ENSG00000133872;1487;1540;1145;1198;1583;1283;1313;825;2098;1460;2236;697;1423;1897;718;2476;1565;1479
ENSG00000104660;259;145;167;151;208;186;129;86;205;136;187;82;207;206;86;263;205;171
ENSG00000104671;98;120;101;94;126;107;111;57;169;69;163;56;126;123;52;160;98;131
ENSG00000197265;160;156;143;115;164;135;138;106;222;120;200;73;170;184;81;216;149;192
ENSG00000104687;229;207;155;188;223;209;279;169;399;223;397;122;348;425;134;449;312;327
ENSG00000104691;15;11;6;11;19;14;14;6;13;9;17;4;14;19;10;25;15;17
ENSG00000104695;146;153;90;149;130;161;167;98;233;155;262;91;170;179;97;261;135;177
ENSG00000165392;135;102;53;96;86;101;87;51;82;46;118;49;100;125;58;192;117;137
ENSG00000157168;66;47;27;43;59;51;25;31;49;24;24;7;461;357;155;622;372;313
ENSG00000129696;75;36;65;37;58;36;64;47;89;55;78;21;53;105;34;90;58;55
ENSG00000198042;79;72;54;67;59;60;63;35;83;44;94;26;85;99;37;134;90;104
ENSG00000133874;116;96;77;83;99;73;101;82;195;133;163;56;112;151;54;164;95;87
ENSG00000183779;57;35;27;41;43;49;21;12;29;24;35;9;26;28;14;63;34;41
ENSG00000147475;223;170;156;167;203;164;207;134;308;217;283;102;255;354;124;351;227;265
ENSG00000147471;130;85;69;87;79;82;103;78;159;114;131;54;128;194;64;226;136;162
ENSG00000020181;47;36;40;42;58;46;40;36;56;49;53;23;23;31;16;33;27;35
ENSG00000104221;54;62;43;56;71;67;78;43;143;58;111;37;95;102;46;116;58;79
ENSG00000156675;1294;1107;852;961;1158;998;903;627;1665;826;1269;487;1730;1983;987;2450;1299;1619
ENSG00000187840;50;47;37;27;47;35;70;48;144;64;100;29;52;86;43;101;40;53
ENSG00000129691;214;165;157;144;143;164;151;116;309;183;215;92;172;255;103;317;208;224
ENSG00000175324;54;38;36;39;38;34;44;25;74;40;58;25;45;66;27;103;52;49
ENSG00000156735;225;181;161;144;192;155;184;103;203;129;228;82;239;218;89;350;253;287
ENSG00000085788;208;192;193;163;195;162;221;128;282;176;264;95;196;190;79;279;176;201
ENSG00000147535;171;117;93;110;172;112;171;140;277;158;249;77;158;191;91;301;173;206
ENSG00000147548;1576;1338;967;1082;1284;1185;1196;828;1937;1117;1700;643;1500;1686;746;2383;1542;1672
ENSG00000165046;53;43;28;37;32;33;21;25;55;23;43;15;60;67;30;64;43;58
ENSG00000077782;197;159;115;141;152;131;190;144;415;239;330;107;370;433;168;383;211;319
ENSG00000147526;1673;1507;1070;1286;1498;1200;1582;976;2467;1455;2136;813;2220;2676;1052;3553;2014;2328
ENSG00000169499;629;498;429;453;479;520;501;349;799;489;721;284;655;661;371;913;593;653
ENSG00000169495;29;8;21;19;21;21;32;12;39;22;40;12;36;28;15;44;18;27
ENSG00000169490;102;85;59;96;98;102;130;82;187;128;210;59;149;178;89;289;105;152
ENSG00000168615;1216;1272;925;1160;1256;985;1355;941;2208;1323;2236;753;1946;2450;908;3322;1880;2210
ENSG00000197140;14;6;15;9;7;16;16;9;27;11;20;10;14;24;11;53;20;20
ENSG00000131203;108;76;70;89;101;55;217;115;340;208;309;132;82;122;43;147;95;98
ENSG00000188676;24;9;7;8;15;10;30;20;71;27;40;25;12;26;9;27;35;28
ENSG00000147533;216;219;138;171;204;196;213;121;265;182;285;103;190;264;118;337;226;283
ENSG00000147536;39;21;23;23;23;30;42;28;90;50;73;26;42;43;12;44;29;39
ENSG00000158669;2232;1917;1532;1978;2054;1707;2868;2695;5491;2975;4757;1856;1509;2010;785;2097;1263;1373
ENSG00000029534;44;13;26;31;18;20;20;17;47;23;43;15;26;28;13;14;26;14
ENSG00000083168;1949;1571;1133;1257;1574;1290;1625;1111;2599;1400;2205;829;1905;2154;940;2816;1817;2026
ENSG00000070718;161;124;75;116;86;125;100;53;144;65;114;38;121;114;57;162;131;103
ENSG00000104365;1361;1131;909;849;1208;887;1406;1218;2704;1266;2033;851;1864;2093;915;2209;1359;1665
ENSG00000070501;30;28;31;33;24;27;25;17;52;14;34;16;34;30;16;54;33;24
ENSG00000078668;187;194;164;142;153;135;160;101;234;178;266;94;303;219;106;321;218;246
ENSG00000168575;188;151;126;127;142;134;168;94;276;143;236;90;215;195;78;246;173;215
ENSG00000176209;22;20;19;17;36;26;28;20;41;17;33;11;34;29;16;49;26;33
ENSG00000131931;18;23;20;20;18;26;14;8;28;16;40;10;18;35;8;33;21;25
ENSG00000120925;74;83;60;72;88;66;84;41;109;78;106;35;68;102;36;143;91;82
ENSG00000168172;1408;1482;1077;1325;1431;1186;1421;912;2008;1250;2113;683;1413;1738;735;2601;1633;1653
ENSG00000168522;105;100;68;70;106;93;99;55;135;74;107;35;100;142;56;191;108;140
ENSG00000185900;476;462;312;351;431;364;431;306;750;392;638;253;564;611;227;771;476;507
ENSG00000165102;612;471;402;414;517;469;557;424;1061;592;802;298;509;741;265;900;544;524
ENSG00000164808;479;377;323;300;401;341;329;237;552;338;473;174;497;572;253;753;504;486
ENSG00000221869;199;165;115;127;141;146;111;94;273;147;164;63;144;244;97;256;150;192
ENSG00000253729;920;749;701;660;757;773;794;508;1160;699;999;431;881;1221;526;1578;1001;1077
ENSG00000104738;66;51;32;20;23;28;44;29;60;34;60;22;44;58;24;79;49;55
ENSG00000169139;126;111;77;70;89;67;64;61;114;72;124;36;84;114;36;194;113;121
ENSG00000147485;17;17;6;8;6;10;9;8;29;11;14;4;12;25;6;6;16;14
ENSG00000168300;665;633;453;575;635;598;504;302;613;357;698;254;577;666;294;990;672;691
ENSG00000147488;16;10;14;17;14;12;21;3;11;14;12;2;34;24;8;47;33;19
ENSG00000023287;959;860;660;736;934;756;758;563;1056;619;1114;349;842;1047;397;1461;991;1061
ENSG00000047249;292;238;186;210;278;215;369;230;481;316;413;144;254;370;120;484;253;356
ENSG00000187735;320;331;227;236;258;244;276;176;374;203;355;121;316;345;162;573;356;348
ENSG00000120992;115;101;71;83;119;115;82;55;96;69;96;40;102;116;46;195;116;118
ENSG00000137547;25;30;19;15;24;16;19;13;32;20;35;12;27;30;17;48;33;29
ENSG00000167904;76;82;47;59;66;54;54;32;64;42;69;22;59;46;34;92;79;62
ENSG00000137574;191;189;117;119;144;127;154;101;235;146;212;79;162;226;90;313;203;206
ENSG00000254087;2051;1863;1265;1474;1760;1538;1183;741;1919;1134;1685;660;1465;1855;760;2390;1486;1618
ENSG00000008988;577;474;409;473;592;478;533;409;828;734;883;317;633;804;302;934;528;590
ENSG00000181690;30;39;15;28;38;25;22;31;35;16;28;7;33;31;16;62;40;31
ENSG00000170791;81;57;38;63;51;62;68;50;87;36;96;42;87;99;43;139;72;100
ENSG00000104331;608;699;438;616;673;507;636;435;963;610;986;285;443;604;272;906;529;522
ENSG00000169122;21;9;7;7;6;13;8;12;33;18;15;8;10;14;8;9;8;17
ENSG00000215114;587;550;402;438;549;433;578;316;698;475;753;262;524;702;283;1005;588;707
ENSG00000137575;2407;2583;1766;2221;2858;1969;2742;1740;3863;2688;4306;1393;3263;4068;1586;5379;3144;3502
ENSG00000035681;315;283;228;231;281;249;340;220;371;235;364;118;489;596;234;759;505;556
ENSG00000198846;26;18;27;17;10;31;10;9;17;6;13;9;21;22;4;18;20;22
ENSG00000104388;369;373;260;276;383;292;350;260;589;347;506;190;395;460;186;609;390;379
ENSG00000171316;429;376;304;336;346;393;352;276;736;394;504;200;353;392;165;445;353;372
ENSG00000198363;333;290;225;205;207;247;273;183;377;249;383;121;504;482;166;679;444;434
ENSG00000185728;846;826;541;729;786;638;803;488;1139;692;1113;360;728;1065;386;1368;883;930
ENSG00000104442;92;76;67;83;74;82;57;35;83;43;101;30;83;82;37;129;75;58
ENSG00000066855;31;34;25;24;25;25;41;26;60;44;65;23;48;47;27;63;37;48
ENSG00000205268;785;651;544;595;573;520;611;466;884;522;732;251;624;636;302;1005;645;682
ENSG00000185697;84;46;78;63;100;67;19;19;23;12;35;5;49;22;27;60;58;48
ENSG00000175073;612;655;478;486;640;563;616;419;957;604;955;314;717;889;378;1185;697;791
ENSG00000288602;33;19;25;17;27;27;33;25;40;23;31;17;25;38;15;63;33;27
ENSG00000104205;130;137;98;121;113;93;120;88;169;94;183;62;189;229;97;310;193;249
ENSG00000121022;163;152;97;124;164;126;116;103;234;149;238;107;192;219;83;290;151;179
ENSG00000104218;156;125;91;106;113;120;120;65;161;77;118;40;139;166;79;217;133;168
ENSG00000066777;1462;1303;950;1112;1204;1003;1148;764;1653;937;1514;550;1371;1513;679;2105;1449;1494
ENSG00000137571;85;44;46;44;51;33;103;130;249;120;185;74;86;81;37;123;121;86
ENSG00000140396;791;707;469;648;685;561;602;432;957;528;797;304;762;873;383;1210;799;800
ENSG00000067167;522;502;357;416;549;428;582;355;722;497;840;250;588;654;321;1046;633;676
ENSG00000147592;14;8;12;11;13;7;10;3;9;11;16;9;15;15;5;30;20;15
ENSG00000178860;208;229;200;209;260;141;621;535;1751;1010;1155;342;199;492;140;354;216;240
ENSG00000147601;116;108;58;68;100;89;102;69;136;86;108;34;93;133;37;145;99;128
ENSG00000147604;435;397;331;426;484;410;435;280;620;414;721;227;571;656;258;886;487;460
ENSG00000121039;33;13;18;7;19;24;15;6;19;14;29;13;19;28;12;29;24;25
ENSG00000040341;195;188;137;138;151;150;151;79;209;118;181;74;201;197;102;364;191;231
ENSG00000104343;532;530;350;365;465;418;368;248;474;296;548;173;476;571;264;870;609;585
ENSG00000154582;112;139;73;104;122;81;136;76;216;131;201;73;147;168;71;211;143;148
ENSG00000175606;96;132;82;112;132;90;102;54;167;133;186;56;98;133;55;136;83;138
ENSG00000154589;32;33;20;17;25;22;25;12;31;19;20;8;46;57;21;92;57;54
ENSG00000104381;24;12;25;19;26;36;11;8;17;10;26;3;33;41;11;61;43;29
ENSG00000164751;196;158;148;130;178;134;156;122;233;153;200;77;160;228;93;256;186;239
ENSG00000104427;76;52;46;39;55;40;63;25;67;31;62;14;65;49;20;85;56;64
ENSG00000164683;343;443;298;368;434;292;520;369;912;548;858;256;208;382;109;364;251;267
ENSG00000147586;36;25;16;14;34;30;31;40;86;47;45;17;36;35;17;49;32;32
ENSG00000205189;750;708;534;641;658;596;1194;886;1823;1074;1735;597;574;977;317;1150;715;735
ENSG00000076641;493;306;364;349;405;373;335;178;455;248;412;124;255;286;131;444;310;337
ENSG00000164687;26;32;16;19;21;17;22;11;50;27;39;11;78;73;35;78;48;70
ENSG00000133731;124;116;81;84;106;111;88;53;145;65;112;31;115;133;59;192;132;125
ENSG00000104231;46;40;35;34;43;38;31;15;28;25;42;14;37;57;15;80;42;40
ENSG00000104497;95;87;72;60;99;52;76;42;93;55;84;39;105;133;50;160;117;129
ENSG00000176731;59;49;39;56;45;45;45;25;57;44;63;21;38;52;32;84;56;56
ENSG00000185015;59;51;22;20;29;22;22;18;33;24;27;16;30;56;25;78;45;49
ENSG00000104267;281;223;199;169;208;173;272;204;463;295;407;160;455;385;176;562;257;261
ENSG00000123124;242;193;160;191;205;189;189;105;230;151;235;73;304;284;129;440;290;300
ENSG00000176623;141;104;89;81;98;89;102;68;112;76;114;45;87;119;56;169;103;123
ENSG00000085719;232;231;210;211;271;227;192;119;328;199;294;114;263;369;148;519;313;335
ENSG00000104312;292;253;189;233;286;234;276;214;568;269;491;151;105;186;64;251;156;198
ENSG00000164823;108;114;86;93;100;99;128;76;152;111;183;65;81;101;47;149;110;104
ENSG00000104320;447;434;340;399;474;401;545;333;667;426;758;223;221;324;128;454;313;334
ENSG00000104325;298;305;219;182;288;215;181;132;272;181;305;100;158;190;85;260;165;221
ENSG00000180694;44;46;32;53;53;62;35;21;77;43;71;30;36;36;25;51;47;39
ENSG00000155099;106;98;78;64;58;75;52;43;100;59;84;27;93;99;46;148;108;83
ENSG00000155100;92;80;62;65;75;64;86;57;117;56;103;39;127;137;53;172;135;147
ENSG00000214954;15;12;11;6;12;9;6;8;12;11;8;3;9;13;5;21;23;17
ENSG00000205133;66;47;39;51;73;62;34;40;60;48;60;23;68;73;31;124;61;70
ENSG00000183808;607;573;416;462;482;468;485;348;790;392;678;290;561;653;295;855;618;654
ENSG00000164953;40;32;34;20;37;27;38;15;39;19;40;14;43;27;12;45;46;45
ENSG00000164951;238;172;175;190;252;230;184;115;287;167;260;105;387;450;145;503;334;333
ENSG00000164949;111;80;68;78;86;81;100;96;207;85;196;56;48;93;38;115;98;56
ENSG00000164944;451;432;358;377;469;397;392;252;554;341;618;212;472;563;239;789;495;523
ENSG00000156162;89;74;66;65;71;73;55;27;77;50;74;27;68;60;43;108;76;77
ENSG00000164941;335;310;221;251;332;243;259;167;335;214;314;124;323;376;184;536;370;400
ENSG00000156170;35;31;20;10;28;16;23;13;26;19;23;9;33;40;12;40;40;48
ENSG00000164938;265;276;206;216;281;218;211;113;237;170;236;95;288;349;170;473;314;354
ENSG00000175895;171;179;131;175;158;151;150;108;204;152;258;65;211;255;124;370;219;216
ENSG00000156467;106;137;101;119;141;120;128;104;220;163;245;74;161;228;88;254;134;222
ENSG00000156469;16;35;18;25;28;10;14;19;27;17;26;7;30;26;11;28;26;44
ENSG00000156471;513;451;345;350;458;419;501;366;808;469;753;287;710;948;372;1066;636;750
ENSG00000169439;2845;3110;1958;2385;3486;2361;2604;2252;5486;3105;4769;1624;3231;4319;1767;5073;2695;3188
ENSG00000104324;715;644;456;513;636;556;663;517;1164;612;875;342;922;1110;471;1258;811;949
ENSG00000180543;105;121;53;88;107;103;155;104;320;158;254;84;193;274;111;255;159;196
ENSG00000147649;746;747;536;606;835;632;759;509;1221;838;1179;398;815;1042;446;1335;827;967
ENSG00000104341;8;12;12;14;12;8;9;7;20;4;10;4;10;18;4;25;17;13
ENSG00000156482;425;299;260;313;379;366;368;272;626;457;577;186;443;570;210;619;324;381
ENSG00000104356;32;44;23;32;42;60;41;32;70;26;55;23;53;76;32;83;37;54
ENSG00000104361;27;29;28;17;33;35;17;14;21;11;23;4;14;22;8;32;26;25
ENSG00000104375;192;187;147;122;128;149;153;113;260;152;205;96;158;213;105;312;208;226
ENSG00000132549;2525;2189;1640;1741;2225;1755;2091;1379;2987;1580;2662;1061;2432;3038;1281;4040;2621;2969
ENSG00000164919;60;51;54;19;61;49;39;35;72;40;54;26;60;57;25;74;54;63
ENSG00000147669;31;40;39;25;56;38;40;20;41;29;57;14;43;50;16;76;48;44
ENSG00000034677;911;758;609;689;732;683;885;633;1372;768;1237;445;897;996;434;1353;942;993
ENSG00000186106;27;33;34;32;39;46;41;32;61;26;42;20;38;50;33;52;43;40
ENSG00000070756;2996;2652;2201;2452;3037;2730;2582;1710;4345;2691;3731;1215;2986;3906;1614;5001;3100;3472
ENSG00000164924;2511;2490;1728;1816;2498;1966;2075;1317;3319;1994;3065;1127;2602;3123;1264;4655;2710;2931
ENSG00000120963;463;424;332;329;404;289;397;312;588;368;599;181;436;554;215;758;463;586
ENSG00000104490;38;13;20;23;32;34;9;8;14;5;13;7;10;8;2;21;14;18
ENSG00000048392;259;283;199;216;225;209;216;115;284;176;287;114;241;326;123;458;327;316
ENSG00000104517;3287;3093;2283;2588;2934;2505;2895;2190;4736;2666;4290;1632;3251;3834;1649;4937;3224;3517
ENSG00000155090;1389;1412;840;1008;1217;1033;1342;892;2339;1364;2006;679;1446;1873;786;2367;1242;1582
ENSG00000155096;883;1062;676;945;1076;737;1082;667;1548;1067;1690;569;789;1141;433;1518;952;1006
ENSG00000155097;717;674;529;505;645;550;776;484;1089;682;1021;377;706;1048;398;1317;793;872
ENSG00000164934;96;100;64;83;73;76;80;48;112;64;91;26;112;120;48;178;88;108
ENSG00000147650;119;121;77;112;142;96;162;121;310;176;262;101;168;191;72;276;157;182
ENSG00000164830;233;240;177;196;225;216;190;107;272;169;251;104;278;321;139;512;318;305
ENSG00000154188;14;6;5;8;17;5;10;10;9;6;10;6;19;12;5;23;15;12
ENSG00000104408;453;524;346;432;469;415;430;236;528;335;548;192;439;580;281;821;535;638
ENSG00000104412;116;116;114;107;105;103;120;71;149;109;155;57;138;167;67;263;121;154
ENSG00000120526;73;66;57;83;76;64;57;41;69;47;66;28;58;96;34;114;71;77
ENSG00000120533;228;213;145;188;212;191;206;146;284;223;288;110;236;300;128;345;234;273
ENSG00000147654;38;47;32;25;58;45;46;27;65;39;54;17;40;62;24;85;43;49
ENSG00000104447;4685;4123;2767;3034;3960;3240;4057;2841;6460;3703;5633;1985;4679;6228;2670;7563;5262;5826
ENSG00000147677;418;444;341;366;430;407;439;276;689;371;653;200;558;618;257;775;502;565
ENSG00000147679;80;91;50;80;68;63;49;51;80;50;74;27;69;78;43;115;62;83
ENSG00000164754;704;744;502;597;769;638;685;415;950;703;1069;326;744;957;360;1247;756;898
ENSG00000164758;28;21;17;29;21;15;13;8;21;29;29;13;19;34;8;39;31;21
ENSG00000182197;183;153;130;100;143;118;185;131;273;174;214;72;151;159;78;194;152;170
ENSG00000064313;420;384;288;294;327;310;332;241;497;281;447;164;398;451;205;640;435;421
ENSG00000172172;14;21;21;20;25;13;21;6;30;12;26;17;27;24;13;36;29;33
ENSG00000172167;50;42;24;25;37;44;38;25;35;23;32;11;40;47;15;52;32;34
ENSG00000172164;364;332;263;294;363;261;335;204;572;336;511;164;274;359;146;384;247;318
ENSG00000178764;258;229;202;191;186;182;230;249;535;310;399;157;221;300;133;307;202;234
ENSG00000136986;495;496;406;428;520;417;550;408;881;552;777;318;587;783;299;950;601;581
ENSG00000156787;59;22;31;26;46;29;27;18;28;22;37;16;39;44;13;61;40;48
ENSG00000189376;33;31;13;23;24;32;24;13;45;25;33;13;17;31;14;32;37;42
ENSG00000259305;14;32;17;28;19;15;24;26;35;20;26;12;22;25;10;36;29;25
ENSG00000165156;83;84;58;80;82;82;72;34;85;68;95;31;105;116;48;179;99;112
ENSG00000156802;144;111;112;115;118;92;90;77;156;74;133;51;145;169;70;206;135;154
ENSG00000156795;45;19;30;29;40;44;27;11;47;28;29;9;32;39;24;50;35;26
ENSG00000156804;64;60;50;34;63;59;20;26;51;40;56;19;66;49;33;78;69;49
ENSG00000176853;706;676;542;576;641;650;597;404;763;480;834;294;832;883;378;1442;901;1004
ENSG00000164983;444;373;293;361;404;330;338;194;471;263;444;158;520;484;207;854;540;577
ENSG00000183665;33;26;40;32;49;23;44;23;61;40;57;18;37;38;26;79;38;44
ENSG00000170881;163;186;150;128;174;168;206;113;275;183;261;82;212;325;123;384;255;285
ENSG00000147687;35;53;37;32;49;39;45;18;50;31;46;16;40;53;22;63;57;68
ENSG00000147684;56;64;43;51;60;63;67;48;127;48;110;31;74;77;40;96;60;68
ENSG00000170873;686;549;539;495;507;550;1199;905;2020;1113;1604;519;1393;1951;684;2464;1468;1568
ENSG00000180938;6;8;6;5;6;10;5;6;16;7;11;5;7;11;3;17;18;13
ENSG00000104549;77;83;57;73;86;59;178;106;309;204;259;62;315;312;155;441;224;304
ENSG00000164961;356;312;217;216;292;255;276;206;478;230;371;149;370;451;180;523;354;451
ENSG00000156831;136;129;107;85;119;122;133;83;156;88;150;62;136;146;55;244;160;152
ENSG00000173334;1034;958;638;688;948;743;1130;790;1854;1046;1427;506;1719;2339;838;2444;1508;1522
ENSG00000168672;22;15;16;10;18;10;8;4;20;8;6;5;12;10;4;16;21;9
ENSG00000136997;62;35;52;54;50;79;21;15;65;34;52;9;49;46;17;72;53;50
ENSG00000153310;885;784;573;587;709;725;728;488;1116;574;890;355;631;808;351;1263;807;844
ENSG00000153317;5735;5231;3632;3976;5239;4392;5781;4068;9980;5286;7337;3083;2296;4009;1510;4787;3119;3682
ENSG00000132294;616;563;472;499;518;497;523;316;741;382;723;242;587;751;319;1080;699;761
ENSG00000129295;179;138;120;103;161;106;143;100;208;115;194;70;130;179;76;185;121;144
ENSG00000165071;263;235;202;234;271;212;193;115;240;133;244;78;175;195;86;303;164;199
ENSG00000129292;1103;1015;733;811;978;863;845;594;1153;727;1203;384;838;970;441;1460;968;986
ENSG00000042832;246;163;118;147;161;139;176;146;389;143;254;130;205;232;103;241;171;164
ENSG00000155926;1019;870;778;729;965;839;656;506;1353;689;1044;421;813;1255;508;1499;875;1059
ENSG00000104419;6183;5633;3982;4615;5350;4687;8488;7131;16660;9102;12645;4467;8169;9556;4227;8870;5016;6184
ENSG00000008513;8089;7311;5319;6125;7398;5827;9830;7378;18842;9547;13516;5202;5094;8421;3041;8618;4999;5703
ENSG00000066827;233;189;171;151;179;158;234;165;367;213;276;131;304;281;132;377;231;277
ENSG00000167632;418;334;299;326;306;336;391;302;765;369;484;215;513;594;237;678;485;416
ENSG00000104472;66;65;56;61;79;62;77;48;162;86;125;45;91;150;55;136;96;92
ENSG00000123908;2808;2604;1908;2028;2430;2137;2327;1821;4554;2354;3831;1393;2342;3140;1276;3537;2327;2508
ENSG00000169398;153;127;129;138;114;143;107;83;202;106;168;82;95;111;43;120;100;104
ENSG00000105339;2890;2278;1720;2111;2252;2031;3514;3338;7085;3704;5354;2092;1688;2319;988;2605;1562;1721
ENSG00000022567;109;94;56;84;84;79;84;63;183;88;106;54;203;190;71;183;148;144
ENSG00000184489;37;15;38;40;35;30;12;10;21;11;18;9;15;20;16;27;31;22
ENSG00000171045;166;172;114;108;188;119;165;145;399;178;254;87;241;263;99;240;160;137
ENSG00000181790;368;294;163;167;247;191;284;315;802;390;422;187;432;561;233;439;232;346
ENSG00000234616;717;485;371;412;587;477;608;496;1128;602;854;324;712;838;342;901;548;608
ENSG00000160886;68;67;58;47;58;39;71;74;165;125;132;50;96;129;70;155;89;103
ENSG00000160932;107;75;86;71;85;103;37;24;77;35;49;29;46;58;23;109;82;88
ENSG00000181638;64;64;44;50;55;48;54;31;160;77;86;35;58;67;33;57;54;40
ENSG00000250571;103;85;44;32;66;72;58;48;190;93;103;36;60;74;46;101;54;57
ENSG00000185730;23;29;29;19;32;25;39;26;53;38;61;14;43;42;22;55;23;41
ENSG00000184428;29;19;25;17;29;21;31;36;67;40;61;16;70;85;29;67;71;65
ENSG00000158106;29;14;26;6;9;26;14;12;28;15;20;6;23;41;5;31;26;14
ENSG00000014164;493;332;270;254;355;292;371;338;1055;449;517;222;480;594;240;605;346;365
ENSG00000104518;207;149;111;135;154;167;171;157;408;200;279;126;190;258;96;224;136;153
ENSG00000204839;62;39;34;29;48;39;24;24;73;46;54;22;36;47;25;58;36;49
ENSG00000147813;136;112;81;101;111;115;84;98;290;148;209;78;146;175;77;183;162;112
ENSG00000104529;871;685;486;532;616;526;746;714;1776;867;1258;532;1051;1339;518;1179;767;867
ENSG00000179886;37;22;28;23;21;32;21;20;63;34;42;14;30;42;20;46;18;35
ENSG00000104524;10;10;13;6;7;8;15;7;24;11;17;6;21;17;7;7;16;14
ENSG00000104522;74;63;55;54;63;64;78;60;173;104;111;39;92;118;41;145;66;76
ENSG00000183309;250;221;195;177;174;182;212;135;333;154;295;104;212;233;98;279;194;219
ENSG00000181135;131;96;79;68;103;89;108;99;300;104;162;61;124;181;63;164;128;125
ENSG00000180921;62;63;38;42;57;42;40;54;122;56;89;22;46;66;25;47;35;47
ENSG00000180900;304;235;201;168;252;226;258;288;750;370;448;198;303;420;157;321;205;278
ENSG00000179950;305;218;173;168;231;227;272;233;736;342;450;181;375;481;175;439;288;310
ENSG00000185189;169;130;95;88;94;78;105;74;315;150;170;67;106;126;44;121;82;92
ENSG00000178209;4214;3371;2630;2751;3787;3144;4938;4966;16090;7453;9493;3485;4040;5796;2027;5152;3195;3305
ENSG00000178685;1180;903;640;779;861;703;1273;1359;3955;1883;2415;931;455;912;305;775;498;467
ENSG00000178719;1276;1223;771;912;1282;829;1505;1407;3715;2090;2474;954;1549;2161;862;1958;1235;1166
ENSG00000186583;560;533;307;367;483;405;871;859;2710;1201;1432;606;150;478;114;293;179;272
ENSG00000178814;141;101;95;75;138;74;119;156;350;217;237;89;155;220;77;172;122;104
ENSG00000197858;226;194;151;138;220;155;190;203;571;291;393;123;280;351;158;326;220;215
ENSG00000179091;204;168;141;137;210;128;271;219;588;325;387;135;268;374;138;330;217;183
ENSG00000179526;183;118;100;136;157;129;138;137;395;183;207;88;177;230;69;190;152;143
ENSG00000179632;240;206;190;192;250;197;322;217;696;408;480;160;447;546;207;502;318;355
ENSG00000179698;89;97;56;54;68;61;75;95;246;103;123;53;122;136;59;122;71;113
ENSG00000235173;46;12;35;28;29;18;18;21;44;22;35;12;24;41;13;35;18;30
ENSG00000179832;913;628;504;529;624;570;771;767;2112;922;1312;531;902;989;440;922;665;657
ENSG00000261236;31;29;31;15;39;13;18;30;45;32;32;5;27;39;10;51;26;28
ENSG00000185122;281;214;187;143;226;247;217;188;619;327;377;174;293;409;157;331;206;229
ENSG00000185000;359;251;171;168;230;227;269;284;688;356;438;154;348;470;169;456;257;281
ENSG00000185803;106;78;52;66;91;80;83;93;224;147;159;52;94;143;55;165;51;95
ENSG00000182325;105;68;64;54;43;72;90;73;214;76;117;54;97;120;51;99;81;77
ENSG00000173137;77;69;43;68;65;62;89;93;222;102;164;59;109;130;39;136;78;66
ENSG00000071894;397;306;257;249;342;325;341;298;856;416;543;248;404;524;190;464;311;290
ENSG00000147804;26;9;15;15;14;9;9;10;52;18;46;10;21;27;12;17;16;17
ENSG00000160948;193;172;96;163;173;147;231;179;519;268;326;126;271;277;121;257;187;191
ENSG00000160949;35;21;20;19;20;22;29;22;46;28;38;11;38;33;9;37;30;23
ENSG00000291317;33;37;31;29;35;21;25;18;59;43;44;11;24;44;9;39;29;17
ENSG00000167702;209;156;128;129;166;163;129;155;383;209;290;87;178;233;81;203;145;163
ENSG00000160972;127;95;70;55;105;95;162;162;400;168;251;81;131;221;79;161;107;121
ENSG00000167700;25;15;18;15;17;17;10;7;30;18;24;5;18;14;11;17;11;11
ENSG00000160959;163;129;128;118;150;125;161;128;355;167;194;83;200;200;68;233;122;152
ENSG00000254402;17;23;11;10;8;7;14;12;43;14;21;7;16;18;6;22;7;9
ENSG00000213563;103;79;62;63;89;73;70;78;203;107;133;42;120;121;58;113;84;83
ENSG00000198169;75;66;61;55;47;59;51;38;107;56;73;41;65;85;33;102;49;75
ENSG00000196378;108;76;60;62;73;52;78;57;200;75;102;45;94;117;47;141;91;96
ENSG00000161016;724;631;624;666;769;772;841;825;1828;1329;1471;553;1141;1508;493;1352;773;826
ENSG00000197363;27;21;22;14;26;22;23;18;60;30;27;11;35;34;9;30;15;30
ENSG00000147789;130;109;111;87;121;102;131;103;251;149;196;69;129;149;74;205;113;138
ENSG00000170619;99;90;61;61;68;49;91;85;254;138;146;57;98;155;48;129;98;105
ENSG00000196150;90;63;49;62;71;51;67;61;137;57;92;30;78;93;34;131;66;61
ENSG00000170631;20;15;21;16;15;28;27;11;40;14;24;9;25;33;12;36;26;21
ENSG00000182307;64;73;34;42;60;38;53;30;82;38;92;30;68;80;41;82;53;72
ENSG00000181404;70;44;41;34;48;56;65;44;143;65;101;42;78;78;33;76;51;45
ENSG00000172785;166;146;98;134;132;124;148;102;192;114;195;78;197;221;71;301;195;195
ENSG00000107099;6117;5512;4209;4922;5787;4986;6159;4248;10161;5473;8782;3404;6398;7244;3261;9109;5587;5971
ENSG00000107104;289;282;206;215;224;217;391;306;734;376;559;177;210;428;119;449;249;304
ENSG00000080503;1476;1386;1141;1244;1388;1225;1354;958;2153;1170;1722;671;1585;1927;852;2516;1775;1849
ENSG00000147852;345;324;260;351;351;271;406;260;682;405;729;222;241;343;162;400;228;281
ENSG00000080608;94;65;69;73;61;72;80;41;79;46;83;31;114;129;49;171;121;127
ENSG00000080298;274;259;190;202;276;224;253;132;267;170;268;116;272;301;152;444;305;327
ENSG00000107249;1694;1434;1047;1163;1296;1135;1205;959;2497;1237;1779;748;379;819;296;763;560;582
ENSG00000205808;21;22;19;15;21;20;20;13;28;11;31;15;22;28;4;34;21;33
ENSG00000106993;49;37;49;48;45;62;32;24;51;36;53;22;47;51;30;80;65;68
ENSG00000147853;46;34;26;20;34;46;34;26;37;23;37;7;31;34;19;47;48;48
ENSG00000120158;64;38;39;31;38;53;51;30;57;35;56;24;62;71;20;63;43;45
ENSG00000096968;399;291;373;311;336;378;239;188;346;240;307;120;455;390;173;642;492;418
ENSG00000107020;22;18;34;12;25;17;22;10;44;27;35;10;11;24;11;19;17;17
ENSG00000120217;66;64;45;61;39;50;68;61;96;50;79;47;39;59;10;84;45;61
ENSG00000107036;1740;1532;1158;1304;1382;1284;1583;1076;2075;1265;2144;735;2131;2226;1053;3048;1950;2045
ENSG00000099219;246;239;234;165;220;203;240;145;356;251;330;143;325;344;145;445;283;331
ENSG00000183354;615;597;479;525;684;533;622;483;942;603;823;309;656;770;296;983;686;726
ENSG00000137040;102;92;80;89;98;87;78;48;141;82;137;37;172;170;72;214;163;170
ENSG00000147854;844;792;598;678;679;611;733;439;942;532;987;339;874;944;408;1279;839;815
ENSG00000107077;1562;1389;1050;1087;1304;1150;1470;992;2161;1204;1859;732;1477;1714;807;2235;1459;1605
ENSG00000153707;10;13;8;11;10;9;5;7;10;8;8;8;12;16;4;13;7;14
ENSG00000175893;98;95;65;65;91;70;59;34;70;33;62;30;77;104;53;166;136;139
ENSG00000155158;664;573;397;380;537;450;396;256;559;296;519;183;421;539;282;698;463;548
ENSG00000164975;266;179;144;179;194;186;215;117;234;172;249;95;171;191;109;252;196;219
ENSG00000164985;237;203;136;173;216;190;158;105;213;146;214;86;226;268;110;387;244;294
ENSG00000164989;17;15;9;12;21;11;9;5;22;14;9;5;5;16;3;26;22;17
ENSG00000173068;23;13;23;17;14;9;9;8;15;9;12;6;14;19;8;21;15;20
ENSG00000044459;160;147;87;117;131;130;142;98;206;111;167;64;168;221;75;294;201;206
ENSG00000155876;105;118;67;90;133;88;173;98;271;167;210;73;145;201;64;210;94;133
ENSG00000147874;315;237;209;238;251;207;248;159;350;194;357;115;220;257;115;324;205;234
ENSG00000147872;1197;1252;873;1125;1441;974;1744;1217;3145;1910;3191;887;1803;1923;825;2144;976;1407
ENSG00000137145;911;807;682;798;824;755;802;503;1082;630;1189;368;962;994;457;1459;1008;1121
ENSG00000137154;832;680;667;756;859;828;726;530;1073;801;1233;381;937;1004;444;1322;810;864
ENSG00000177076;9;13;9;7;8;9;8;4;10;8;18;7;18;9;4;10;11;9
ENSG00000171843;115;88;75;77;67;104;82;49;120;70;80;43;81;74;37;130;61;79
ENSG00000188352;168;143;139;114;172;152;175;99;244;105;205;85;225;290;99;292;224;229
ENSG00000188921;159;140;112;116;141;154;78;28;55;45;95;32;118;127;70;206;134;125
ENSG00000198642;246;231;164;189;226;214;238;143;314;172;304;123;286;330;137;421;243;316
ENSG00000099810;35;35;67;23;49;34;29;12;22;20;18;12;47;55;23;64;55;52
ENSG00000147889;10;5;7;6;13;20;17;15;25;20;37;6;8;33;12;22;16;18
ENSG00000147883;31;26;21;16;27;22;64;40;132;60;88;24;56;73;27;98;56;77
ENSG00000120159;65;43;29;32;31;38;47;26;68;39;66;16;73;70;30;110;95;69
ENSG00000137055;150;146;90;85;131;95;146;76;190;112;180;58;158;181;66;266;155;209
ENSG00000096872;61;46;34;53;59;41;42;22;46;29;37;16;58;68;21;87;73;69
ENSG00000120162;159;91;76;75;95;97;85;41;173;85;109;57;77;107;51;146;105;79
ENSG00000147894;843;705;457;539;672;610;514;370;677;419;729;275;500;612;273;908;648;722
ENSG00000122729;425;361;216;253;314;266;398;281;672;392;560;219;248;358;153;435;261;288
ENSG00000107201;9;8;11;11;12;10;8;3;15;9;14;6;14;8;3;21;8;14
ENSG00000197579;147;141;109;104;152;150;131;93;195;124;189;63;144;219;82;261;150;211
ENSG00000165264;18;10;16;13;12;17;12;12;25;14;24;10;22;15;8;35;10;24
ENSG00000137074;165;176;108;138;147;126;149;131;276;139;239;87;209;239;85;312;147;182
ENSG00000086061;379;353;240;266;358;307;399;238;565;360;547;240;390;537;204;617;464;445
ENSG00000122692;493;507;359;395;505;395;466;368;819;499;695;254;562;746;289;886;569;594
ENSG00000086062;1539;1463;1005;1216;1438;1323;1732;1250;3340;1900;2820;1001;1156;1858;741;1932;1246;1404
ENSG00000107262;150;141;109;100;123;149;139;88;246;156;195;66;188;224;105;252;151;190
ENSG00000086065;157;157;110;123;176;145;151;105;258;177;272;70;179;217;84;254;149;191
ENSG00000086102;502;433;337;345;467;382;528;344;821;432;656;260;609;735;291;874;526;599
ENSG00000165272;62;44;44;25;41;51;24;16;61;32;41;14;38;63;23;78;55;37
ENSG00000165271;179;139;106;105;126;124;143;130;275;158;193;76;173;242;103;229;155;147
ENSG00000107341;1395;1442;911;1035;1303;1089;1347;982;2484;1495;2203;764;1998;2389;983;2638;1648;2001
ENSG00000137073;238;157;170;150;179;159;214;134;294;177;229;83;219;245;110;336;205;239
ENSG00000198876;209;168;131;171;223;185;166;105;287;168;240;92;231;262;109;346;217;250
ENSG00000165006;550;488;337;413;499;402;551;427;1087;614;875;303;600;809;330;901;569;617
ENSG00000164978;34;26;28;20;40;10;24;11;63;16;39;11;28;43;19;49;24;35
ENSG00000164970;211;175;124;113;131;151;182;169;462;220;282;131;176;196;89;212;137;180
ENSG00000164967;43;27;24;24;27;29;35;18;73;39;68;29;49;77;17;61;36;36
ENSG00000137100;87;85;68;105;106;77;97;89;195;112;163;65;122;150;69;199;102;102
ENSG00000147955;49;34;30;26;47;32;25;18;61;43;43;9;44;60;30;38;45;40
ENSG00000213930;178;133;141;143;129;136;114;82;210;91;157;54;179;186;85;169;124;133
ENSG00000137070;143;83;104;72;82;107;91;68;144;92;111;39;128;109;47;112;93;77
ENSG00000137094;224;187;111;127;229;128;271;222;607;306;441;141;302;495;194;527;323;330
ENSG00000165280;1356;1164;918;1018;1393;1076;1644;1168;2988;1551;2530;877;1684;2159;843;2432;1528;1585
ENSG00000221829;63;52;38;49;48;58;47;52;97;34;73;33;63;77;37;73;64;65
ENSG00000165282;264;241;182;196;220;216;234;196;484;264;361;102;282;388;171;326;258;234
ENSG00000165283;108;99;59;78;85;89;120;76;210;106;170;71;146;154;76;172;103;109
ENSG00000005238;712;572;364;405;510;469;668;543;1375;731;1003;381;774;1071;398;945;549;687
ENSG00000198722;22;22;18;26;26;18;71;51;62;47;70;31;119;147;57;151;104;99
ENSG00000198853;457;330;254;264;329;233;393;367;1050;541;667;243;408;630;237;564;325;388
ENSG00000107140;265;290;156;175;248;201;244;232;667;363;481;154;382;512;169;452;225;248
ENSG00000137101;53;43;39;43;35;43;42;32;84;40;79;24;77;87;45;99;41;59
ENSG00000159884;39;21;34;15;30;22;26;22;71;29;53;20;23;37;13;38;13;41
ENSG00000198467;63;27;34;31;50;51;26;45;75;48;50;21;59;48;19;62;41;39
ENSG00000137076;6571;6046;4275;5112;6556;5508;8219;6543;18826;10248;13779;5159;8233;12540;4349;11070;6428;7632
ENSG00000107175;123;114;62;83;112;112;157;118;297;177;280;91;144;220;68;213;99;148
ENSG00000070610;663;497;358;374;499;429;520;488;1101;522;799;331;604;768;318;779;552;562
ENSG00000107185;476;400;227;313;375;336;414;348;815;466;714;234;470;546;242;604;406;411
ENSG00000137103;87;41;47;60;54;66;39;37;117;60;67;29;37;38;20;61;36;40
ENSG00000122707;72;58;43;48;65;58;55;34;101;51;90;22;67;65;20;67;57;76
ENSG00000122694;388;348;238;261;394;288;303;193;570;378;505;159;319;467;201;488;296;342
ENSG00000185972;25;10;6;8;9;15;24;6;35;9;13;10;12;15;5;14;18;13
ENSG00000122705;169;132;105;138;163;103;177;150;379;257;274;113;220;254;105;342;173;175
ENSG00000159921;190;197;132;163;207;157;200;165;362;211;272;101;259;311;122;412;231;255
ENSG00000137075;498;565;347;416;476;411;419;284;675;362;659;257;527;625;263;796;498;542
ENSG00000196092;54;52;56;60;67;67;31;18;55;23;38;12;35;23;18;52;39;33
ENSG00000147905;348;296;281;262;286;326;324;264;462;264;421;175;366;507;191;659;407;445
ENSG00000137106;110;88;89;72;121;83;119;110;245;147;201;69;144;172;76;210;128;139
ENSG00000168795;84;71;75;74;86;97;104;90;206;109;163;61;117;133;57;135;90;96
ENSG00000137054;76;57;27;40;52;69;56;44;96;52;85;24;66;85;37;102;89;75
ENSG00000147912;17;23;25;32;21;13;29;11;47;38;37;11;44;36;17;34;24;30
ENSG00000165275;91;72;59;75;68;83;93;58;127;57;114;37;113;128;47;131;122;121
ENSG00000107371;97;112;61;63;70;62;57;30;88;48;84;35;61;81;33;110;58;85
ENSG00000122741;282;209;176;191;221;204;197;142;334;205;274;102;221;297;123;370;269;272
ENSG00000122696;41;60;39;39;33;41;51;41;105;49;74;29;59;70;20;84;47;42
ENSG00000107338;319;302;201;211;220;298;425;367;900;438;603;183;337;445;216;419;251;256
ENSG00000147996;57;35;37;38;60;19;32;29;67;38;63;21;38;55;27;82;58;63
ENSG00000274349;12;8;5;9;9;6;8;8;16;4;8;5;22;30;9;21;15;12
ENSG00000187866;90;61;52;75;52;68;70;55;98;60;89;35;96;93;42;116;91;83
ENSG00000165060;39;26;18;13;14;24;5;9;17;9;18;8;11;11;12;21;24;8
ENSG00000119139;100;88;55;85;84;71;129;132;243;126;176;55;77;118;58;132;83;127
ENSG00000188647;803;722;553;556;658;703;617;387;754;488;810;291;756;867;401;1286;879;917
ENSG00000198887;708;602;453;491;603;556;550;388;815;494;766;247;629;753;326;1042;679;752
ENSG00000119138;567;509;335;436;514;378;654;471;1115;728;1035;405;1031;1231;479;1386;861;970
ENSG00000135048;867;685;604;667;791;727;841;562;1347;681;1089;408;843;1116;447;1391;988;1008
ENSG00000107362;91;64;75;59;57;59;58;39;136;79;109;51;76;89;31;129;46;87
ENSG00000155621;36;27;38;20;30;27;38;27;45;35;37;15;48;41;18;65;44;50
ENSG00000107372;1692;1484;1100;1208;1403;1122;1336;843;1786;1120;1756;706;1892;2331;1015;3575;2294;2551
ENSG00000165092;40;20;37;39;32;35;8;4;14;12;17;3;16;10;11;22;24;27
ENSG00000135046;1593;1303;1107;1275;1611;1292;1451;923;2279;1381;2194;776;2420;3193;1245;3957;2189;2853
ENSG00000156017;76;68;65;51;48;64;52;35;55;47;67;28;79;70;31;158;95;92
ENSG00000106733;140;108;69;97;97;63;80;41;118;76;129;45;81;103;43;118;86;101
ENSG00000134996;308;309;206;228;318;297;280;191;447;277;406;140;368;493;175;504;299;375
ENSG00000099139;913;796;528;625;774;667;593;476;1265;687;988;423;368;595;240;729;403;532
ENSG00000135002;35;27;16;23;27;23;15;21;22;23;40;4;29;23;16;53;26;33
ENSG00000187210;70;63;67;49;29;41;34;27;50;36;54;14;79;101;40;101;71;75
ENSG00000197969;475;334;331;382;353;298;453;240;528;307;522;204;355;387;142;523;428;404
ENSG00000156052;695;564;452;528;596;574;689;469;1048;699;892;292;827;924;373;1377;829;924
ENSG00000148019;69;48;44;56;79;70;39;18;34;25;31;15;55;37;18;69;70;55
ENSG00000106829;1024;848;636;717;787;738;957;698;1625;883;1291;523;1390;1787;728;2229;1449;1550
ENSG00000196781;72;72;72;87;64;59;92;83;252;125;155;54;42;53;23;74;34;58
ENSG00000172159;43;38;41;33;48;40;46;26;58;36;57;21;37;44;14;46;35;40
ENSG00000148057;17;12;10;15;18;20;20;10;31;10;18;15;22;32;8;24;12;22
ENSG00000135018;732;741;508;671;798;688;719;571;1207;748;1145;423;771;1024;396;1283;829;896
ENSG00000165113;31;16;12;15;31;15;15;11;15;14;21;4;22;34;12;42;50;34
ENSG00000165115;86;117;53;66;68;67;94;60;121;74;99;35;84;94;47;137;122;89
ENSG00000165118;71;58;39;49;71;55;54;37;110;77;105;41;79;94;47;119;85;83
ENSG00000165119;2223;2156;1665;1918;2417;2057;2328;1635;3781;2395;3641;1254;2584;3407;1287;4215;2582;2988
ENSG00000178966;35;32;19;28;32;35;24;16;26;37;43;26;50;67;32;87;55;62
ENSG00000135049;780;655;505;574;660;608;493;309;640;377;627;232;679;665;332;1202;755;785
ENSG00000135040;362;312;219;260;329;272;280;202;412;243;396;156;338;370;174;494;365;375
ENSG00000135052;23;26;13;19;27;19;5;8;15;17;18;7;12;16;10;29;15;10
ENSG00000135070;74;97;61;63;91;64;92;53;93;56;85;36;78;84;49;89;80;81
ENSG00000083223;2071;1794;1393;1654;1746;1665;1932;1359;2777;1726;2843;1017;2295;2926;1190;3781;2343;2662
ENSG00000196730;1019;801;650;720;777;623;1429;1039;2449;1247;1670;698;1569;2072;836;2289;1442;1570
ENSG00000135047;763;1049;705;770;994;751;1283;975;2523;1494;2122;632;1305;1800;670;2193;998;1387
ENSG00000156345;36;14;18;27;21;15;34;25;59;20;46;13;43;55;29;57;31;40
ENSG00000106723;383;427;262;318;394;372;352;207;520;296;560;188;364;520;189;621;364;419
ENSG00000213694;210;251;176;176;217;188;298;257;633;353;517;167;78;143;43;148;128;103
ENSG00000187742;848;620;518;497;533;497;642;454;957;524;797;284;606;754;308;945;690;815
ENSG00000187764;3053;2626;2126;2309;2615;2370;3433;2813;6736;3291;4834;1848;2209;3182;1290;3252;2126;2295
ENSG00000165025;1845;1647;1259;1496;1787;1411;2188;1491;3627;1963;2780;1031;2595;3007;1363;3555;2135;2212
ENSG00000148090;156;144;107;135;128;116;93;76;153;88;146;57;151;174;76;243;149;187
ENSG00000165030;345;335;217;258;362;241;286;213;466;308;471;179;341;477;157;531;307;357
ENSG00000090054;431;442;302;383;493;384;450;303;644;373;706;252;441;613;252;787;545;598
ENSG00000196305;158;97;115;128;142;135;124;79;163;84;150;49;196;160;72;216;170;155
ENSG00000198000;280;235;182;211;192;176;242;154;324;187;284;96;299;365;146;469;263;384
ENSG00000188312;16;17;16;11;17;20;10;13;21;12;17;9;42;26;21;53;27;14
ENSG00000127080;203;136;153;142;122;105;187;173;331;136;293;111;191;256;121;279;157;184
ENSG00000185963;441;375;320;373;435;377;421;352;899;461;671;269;436;610;219;660;445;470
ENSG00000127081;162;175;113;127;168;140;114;82;169;96;192;71;181;205;69;270;190;227
ENSG00000127084;827;627;504;541;619;689;624;552;1417;739;975;398;837;1021;414;996;686;757
ENSG00000165233;219;195;123;125;191;150;172;180;413;211;312;128;153;185;92;213;133;141
ENSG00000131669;820;771;435;492;634;497;988;894;2921;1546;1738;617;514;1075;355;889;497;499
ENSG00000165238;28;21;13;17;16;11;31;41;77;32;45;18;6;7;7;10;12;13
ENSG00000188938;249;218;148;169;216;185;268;172;480;307;350;124;320;375;129;445;254;312
ENSG00000048828;935;866;630;723;929;817;860;634;1524;917;1274;436;1075;1323;522;1485;910;1085
ENSG00000197724;607;500;367;417;469;412;514;427;1210;585;810;323;581;786;329;816;527;570
ENSG00000158079;41;36;21;25;37;29;23;20;49;30;41;18;38;44;25;45;43;35
ENSG00000175787;236;198;161;164;149;167;229;175;325;205;267;105;262;295;116;367;223;270
ENSG00000148110;377;320;234;208;343;269;295;203;466;321;450;149;308;365;175;544;335;346
ENSG00000165140;422;437;285;357;434;366;836;566;1702;970;1465;491;634;919;414;1236;639;746
ENSG00000148120;167;145;84;137;125;98;191;131;252;148;198;79;242;265;113;242;194;179
ENSG00000158169;99;56;50;63;48;64;75;48;110;58;93;37;103;103;49;117;106;90
ENSG00000185920;61;35;44;24;24;88;21;8;25;19;18;9;38;20;20;35;33;36
ENSG00000182150;385;364;254;300;309;361;336;195;433;252;410;148;384;457;166;650;451;481
ENSG00000130958;28;36;22;19;38;31;25;18;47;24;34;15;44;45;11;53;31;37
ENSG00000130956;22;11;9;9;10;17;10;9;15;11;21;8;18;17;6;24;21;14
ENSG00000081377;31;6;11;28;20;30;13;13;18;11;25;8;10;13;5;16;14;19
ENSG00000158122;41;33;42;31;49;61;48;26;85;51;81;20;59;103;24;108;75;74
ENSG00000081386;68;69;56;64;72;64;67;42;78;62;59;29;102;82;41;121;76;84
ENSG00000196597;165;140;99;83;121;98;117;80;173;101;162;79;134;160;56;222;148;194
ENSG00000196116;136;143;107;138;109;133;155;113;209;137;215;84;178;229;86;308;182;193
ENSG00000136925;140;120;71;81;110;99;130;90;186;118;141;78;147;188;77;218;175;137
ENSG00000136937;351;242;201;211;326;272;263;223;391;225;391;129;308;369;164;556;385;407
ENSG00000136936;56;77;50;43;44;47;38;25;96;36;75;18;73;67;22;105;82;79
ENSG00000136932;115;116;81;93;108;100;105;71;204;106;160;55;119;169;55;180;129;144
ENSG00000136929;84;52;67;69;75;47;72;59;110;45;56;46;135;81;34;106;72;95
ENSG00000136938;343;281;257;293;318;249;357;242;533;337;553;165;341;481;157;564;354;409
ENSG00000095380;112;85;48;69;83;80;150;108;233;137;168;69;142;213;72;196;111;168
ENSG00000106785;354;235;187;238;283;270;165;127;296;134;217;88;159;214;105;253;181;219
ENSG00000106789;114;102;63;72;82;99;35;26;92;29;68;20;52;59;21;31;58;55
ENSG00000095383;519;426;292;320;390;307;433;369;1008;495;618;221;573;787;314;775;434;583
ENSG00000165138;35;14;9;11;17;27;6;14;18;11;14;2;12;11;8;19;6;12
ENSG00000106799;954;988;676;822;991;790;1046;607;1364;915;1538;525;1074;1144;493;1650;1046;1137
ENSG00000119523;216;151;108;152;170;171;207;148;276;202;306;110;238;227;108;307;228;208
ENSG00000106803;106;90;88;76;136;107;140;107;242;185;215;74;145;180;94;230;158;123
ENSG00000119508;460;377;256;297;355;317;542;459;1043;498;825;268;325;465;153;596;460;375
ENSG00000136874;252;227;163;173;232;191;194;150;290;144;268;78;217;226;95;304;217;213
ENSG00000023318;440;475;310;341;417;311;394;304;684;439;547;219;400;535;246;730;437;522
ENSG00000119509;202;161;138;128;169;146;161;86;218;118;169;82;165;199;75;214;171;182
ENSG00000136891;234;240;170;174;199;174;215;150;331;195;322;105;199;250;122;280;210;251
ENSG00000066697;318;319;264;309;351;273;551;403;959;523;800;293;124;271;79;285;165;183
ENSG00000170681;51;48;38;44;38;36;63;37;89;53;64;46;14;19;3;33;21;16
ENSG00000136897;36;30;41;49;57;54;33;18;38;39;55;16;58;52;32;73;33;60
ENSG00000136870;230;237;176;184;221;200;214;141;318;200;311;132;220;325;90;445;228;316
ENSG00000155827;305;293;223;274;290;250;322;219;470;279;410;172;327;447;168;529;306;366
ENSG00000136824;113;93;68;84;99;85;90;44;98;78;134;44;109;115;55;193;100;123
ENSG00000136783;51;57;37;49;40;42;47;23;69;40;69;24;53;74;26;92;71;63
ENSG00000165028;13;24;22;10;10;22;10;11;27;15;18;8;11;19;10;28;22;20
ENSG00000165029;36467;34036;24233;27346;33448;27148;36931;29026;64735;34248;52445;20296;23979;33330;13698;39919;22627;27340
ENSG00000070214;1550;1542;1032;1136;1446;1284;1701;1097;2535;1432;2344;829;2601;3306;1446;3836;2564;2894
ENSG00000106701;412;362;307;274;290;273;273;179;349;204;359;146;267;322;115;418;307;337
ENSG00000106692;136;96;100;117;89;108;97;54;118;85;113;43;94;106;49;162;107;140
ENSG00000095209;102;107;60;87;119;79;94;73;143;97;157;59;96;112;47;163;108;109
ENSG00000148143;19;13;7;7;11;8;16;5;30;16;13;8;16;24;11;30;19;16
ENSG00000119318;616;573;380;432;592;504;588;434;951;637;743;310;634;811;330;962;603;692
ENSG00000136826;358;316;238;256;317;257;272;192;625;243;508;177;275;452;192;506;275;394
ENSG00000070061;261;254;212;239;238;217;244;158;327;211;290;102;293;298;116;498;234;304
ENSG00000119328;30;50;22;21;39;43;42;17;53;31;50;19;49;79;30;89;46;62
ENSG00000119326;62;45;32;47;43;40;42;20;62;24;43;17;79;95;34;132;99;117
ENSG00000106771;489;455;353;434;495;356;440;286;642;383;575;214;435;566;218;727;500;492
ENSG00000157654;90;104;73;93;75;93;141;75;174;100;157;45;65;69;29;103;62;62
ENSG00000136810;84;75;75;58;88;69;96;56;143;82;174;47;103;79;32;94;90;66
ENSG00000198121;70;46;46;29;60;49;88;50;126;76;91;48;41;49;29;72;43;45
ENSG00000136813;1298;1182;865;911;1133;899;1265;824;1860;1094;1599;614;1331;1473;657;2117;1271;1440
ENSG00000173258;29;22;37;17;19;27;6;7;20;11;17;4;18;18;10;18;17;27
ENSG00000106853;12;27;19;21;33;30;31;26;69;37;42;19;45;40;16;53;31;36
ENSG00000059769;24;36;11;17;20;23;25;26;29;18;35;14;16;31;8;40;27;30
ENSG00000148154;186;129;130;105;126;139;135;85;163;87;154;64;102;128;60;220;120;169
ENSG00000106868;269;263;227;270;250;240;292;203;436;242;385;143;373;432;184;508;321;384
ENSG00000119314;1673;1581;1139;1334;1543;1482;1433;902;2211;1353;1926;732;1430;1912;735;2644;1632;1866
ENSG00000119471;113;123;99;104;124;141;106;42;154;96;150;57;116;133;46;214;122;114
ENSG00000165185;94;81;71;74;104;79;90;77;141;92;126;43;84;93;40;138;98;94
ENSG00000148153;173;195;147;176;195;158;196;136;329;216;325;99;227;308;122;375;237;273
ENSG00000148158;1290;1314;891;999;1195;1066;1283;806;1827;1127;1658;623;1699;2116;823;2313;1369;1741
ENSG00000119457;75;51;64;51;44;62;41;23;50;45;45;24;78;75;34;118;73;76
ENSG00000136867;643;539;354;391;579;442;530;390;1045;540;725;333;721;929;409;906;572;758
ENSG00000119321;1566;1360;973;1094;1354;1199;1590;1128;2686;1486;2140;832;1832;2188;942;2584;1572;1802
ENSG00000136868;327;311;192;285;314;255;350;251;560;405;562;173;446;556;266;705;389;468
ENSG00000176386;32;35;18;20;43;15;31;35;68;43;68;25;48;40;17;57;34;43
ENSG00000136875;211;188;161;133;225;138;205;134;327;188;275;101;249;330;122;376;225;226
ENSG00000119431;31;31;26;18;17;14;25;17;47;37;43;16;37;30;14;41;20;15
ENSG00000148218;135;131;109;95;136;142;114;84;230;132;178;59;169;184;75;181;126;150
ENSG00000148229;119;132;85;99;131;66;111;72;236;169;210;66;142;207;84;224;133;156
ENSG00000138835;91;45;73;67;62;82;48;20;50;45;47;14;62;53;36;62;88;60
ENSG00000196739;154;156;148;117;170;109;149;151;289;193;247;93;36;42;21;44;30;31
ENSG00000106948;3339;2415;2156;2109;2512;2422;2085;1752;4667;2256;3157;1240;2708;3271;1419;3434;2360;2379
ENSG00000095397;339;254;183;173;250;220;327;329;897;496;616;232;322;394;158;378;210;230
ENSG00000136888;265;229;183;179;235;205;251;183;320;275;353;111;237;356;99;404;306;300
ENSG00000157693;483;408;348;385;410;386;479;382;976;480;776;273;561;626;265;742;446;518
ENSG00000181634;17;23;16;25;27;28;14;17;31;23;37;11;15;11;7;19;7;21
ENSG00000106952;120;76;95;79;99;118;87;72;151;93;161;42;174;293;129;364;226;230
ENSG00000119401;26;24;22;22;23;19;16;13;23;9;22;8;33;35;10;34;26;30
ENSG00000136869;1333;1363;854;983;1203;1068;875;496;1237;796;1269;438;1248;1414;628;1734;1054;1307
ENSG00000136861;546;492;368;442;447;409;582;415;977;432;758;265;684;865;330;912;640;701
ENSG00000106780;1446;1439;948;1144;1502;1121;915;557;1500;924;1485;518;907;1378;518;1748;1096;1208
ENSG00000119402;686;595;416;485;595;509;541;349;819;483;749;297;555;717;311;959;610;694
ENSG00000095261;244;194;173;147;188;160;189;94;269;159;222;81;228;244;141;402;215;251
ENSG00000119403;217;117;119;173;161;171;173;158;391;160;240;95;200;273;97;269;192;195
ENSG00000056558;1269;1141;734;864;1055;851;2202;1941;5269;2573;3622;1430;1036;1791;604;1813;1149;1132
ENSG00000119397;531;394;339;399;383;453;370;228;538;301;440;169;508;563;232;840;571;572
ENSG00000119396;709;726;483;555;753;626;640;353;891;592;872;336;679;834;311;1240;710;834
ENSG00000148180;562;571;333;382;543;451;1260;1028;3129;1664;2066;790;1171;1974;707;1830;1051;1134
ENSG00000148175;230;248;178;202;272;224;206;141;277;190;325;101;301;341;122;499;259;282
ENSG00000136848;15;23;9;20;22;10;23;24;59;31;54;11;20;15;16;20;9;28
ENSG00000175764;35;14;25;14;14;21;25;14;23;16;27;4;34;31;16;46;33;26
ENSG00000119421;16;15;16;13;11;11;10;15;31;19;23;7;19;18;10;29;17;21
ENSG00000119446;121;146;100;99;117;94;108;81;143;114;164;48;121;166;68;208;124;142
ENSG00000148187;250;227;146;165;175;173;192;145;337;177;263;106;247;315;137;371;224;282
ENSG00000095303;1207;1219;828;845;1179;893;1767;1270;3613;1847;2710;1028;1754;2416;905;2556;1562;1773
ENSG00000136940;83;61;73;84;88;86;76;55;133;98;131;52;105;109;57;148;82;105
ENSG00000056586;887;864;649;691;838;713;793;465;1035;686;1073;383;869;975;417;1355;942;984
ENSG00000186130;58;38;43;36;47;34;39;18;58;25;64;18;50;66;11;75;49;29
ENSG00000171448;110;97;81;98;94;95;88;50;129;69;120;48;63;86;45;199;96;144
ENSG00000011454;636;543;403;410;531;437;506;356;774;458;729;286;594;799;288;985;651;689
ENSG00000188394;106;53;44;51;75;57;88;36;149;56;100;40;100;92;56;129;59;94
ENSG00000165209;58;38;50;41;30;39;36;18;45;15;34;16;46;40;19;45;80;49
ENSG00000119522;907;707;548;544;726;614;819;653;1600;809;1065;500;856;946;464;1143;711;853
ENSG00000119408;1285;1160;842;874;1211;860;1429;1112;3185;1467;2010;885;1824;2322;902;2434;1458;1711
ENSG00000136930;247;249;159;195;272;237;292;254;483;319;427;159;291;365;171;340;182;282
ENSG00000148200;135;98;75;63;115;80;135;96;247;123;161;63;160;152;46;199;109;115
ENSG00000136942;163;75;89;116;127;156;134;101;218;149;195;68;164;202;87;252;127;154
ENSG00000136950;68;46;55;57;68;59;62;40;129;65;81;35;67;106;30;125;64;77
ENSG00000136935;277;217;191;212;255;198;299;243;513;243;386;139;335;414;167;485;326;340
ENSG00000173611;41;71;43;61;59;37;41;37;65;34;74;22;58;71;30;119;68;78
ENSG00000119414;283;282;212;263;301;225;246;158;386;265;397;139;282;392;160;498;296;372
ENSG00000136933;40;44;21;32;31;33;32;33;61;31;47;12;45;54;26;43;31;64
ENSG00000044574;1116;1034;651;870;1195;903;2800;1957;4336;2713;4461;1543;1813;1677;908;2603;1394;1271
ENSG00000165219;1435;1338;942;1037;1219;1015;1296;928;2059;1153;1942;663;1556;1866;809;2325;1431;1560
ENSG00000119487;456;364;301;323;392;359;547;362;913;457;692;244;625;843;304;1080;609;649
ENSG00000167081;186;147;109;115;168;163;234;155;383;211;286;107;258;295;155;521;303;317
ENSG00000196814;54;34;45;49;67;45;66;46;155;69;87;58;56;48;20;81;45;46
ENSG00000169155;494;508;300;366;418;322;501;410;815;516;783;247;575;688;272;870;552;642
ENSG00000177125;425;352;270;309;371;297;356;209;541;328;501;175;420;524;217;677;403;458
ENSG00000136828;37;23;23;20;20;22;29;19;32;14;29;16;41;28;28;37;22;39
ENSG00000136895;9;8;3;13;8;5;9;7;27;5;8;4;9;15;6;25;7;14
ENSG00000136856;11;15;11;9;15;5;15;14;31;21;18;9;22;39;11;17;15;21
ENSG00000196152;85;83;57;48;93;55;101;66;154;86;102;35;113;135;53;148;92;102
ENSG00000197958;400;263;351;299;358;396;266;213;403;287;371;122;373;403;173;514;330;359
ENSG00000148356;280;202;131;191;193;154;282;265;550;309;379;144;287;405;153;343;262;260
ENSG00000136830;3690;3539;2545;2653;3713;2736;5125;4743;12568;7132;9610;3663;5098;7589;2705;6602;3817;4092
ENSG00000136854;151;121;118;96;122;128;180;130;302;168;223;94;180;235;82;239;141;173
ENSG00000187024;12;24;7;12;16;9;17;16;43;22;15;11;31;35;16;31;9;29
ENSG00000160404;107;87;62;51;81;92;70;66;183;118;136;52;137;141;51;176;131;121
ENSG00000095370;527;384;295;342;384;376;236;246;646;345;459;171;282;327;162;322;236;278
ENSG00000136807;1075;881;601;639;892;748;1068;889;2214;1158;1682;642;1372;1632;652;1642;1063;1221
ENSG00000136877;551;425;315;304;400;325;529;506;1488;740;912;376;685;913;326;783;523;564
ENSG00000106991;3009;3015;1595;1696;2877;1997;3197;2954;9700;5248;5706;2368;4574;6796;2391;5501;3439;3516
ENSG00000106992;37;34;22;27;20;16;31;15;79;33;46;12;30;51;18;34;40;33
ENSG00000160408;323;299;205;211;342;256;297;264;655;391;529;184;312;401;165;364;289;250
ENSG00000136840;170;100;83;77;129;85;135;152;423;227;281;114;120;230;69;123;81;93
ENSG00000167103;26;23;11;10;5;25;21;20;48;17;18;7;24;45;10;31;20;21
ENSG00000136908;120;98;123;118;120;121;140;92;291;142;205;75;186;217;89;173;126;138
ENSG00000167106;381;189;273;237;290;272;151;132;366;155;194;101;240;217;101;259;206;197
ENSG00000171169;33;39;27;46;50;38;48;42;106;63;82;24;60;61;21;90;51;49
ENSG00000148339;148;112;103;81;93;115;129;105;317;160;246;103;229;271;106;244;166;185
ENSG00000148334;140;134;99;86;107;112;174;179;422;254;263;115;164;300;80;219;142;170
ENSG00000171159;27;10;13;15;22;24;14;10;36;10;16;6;20;16;17;23;17;15
ENSG00000148337;329;278;214;247;242;247;271;270;647;336;480;177;371;456;177;397;286;341
ENSG00000106976;48;30;25;31;47;33;36;23;71;28;38;20;58;63;36;80;47;39
ENSG00000167110;742;596;414;465;571;474;644;522;1302;709;1070;377;743;870;364;932;586;687
ENSG00000175854;24;15;13;9;15;17;21;16;37;19;32;14;22;16;13;27;14;13
ENSG00000167112;69;69;46;46;49;68;58;44;100;70;89;33;71;104;45;113;70;81
ENSG00000167113;75;65;53;48;61;50;78;59;176;70;105;51;88;127;40;139;80;94
ENSG00000167114;38;43;17;33;21;32;25;21;40;39;31;20;43;49;15;63;32;45
ENSG00000167118;226;221;128;153;191;142;225;185;483;284;355;137;266;335;128;323;212;242
ENSG00000167123;76;98;69;48;95;71;90;90;253;116;185;68;82;98;42;91;51;62
ENSG00000136811;372;299;226;256;343;303;331;297;682;374;545;190;407;515;188;569;345;415
ENSG00000119392;301;324;232;270;344;276;335;241;616;320;542;178;382;478;174;621;347;358
ENSG00000197694;1201;1044;871;885;1116;951;1120;851;2208;1172;1748;656;1248;1551;610;1708;1113;1144
ENSG00000119333;19;19;9;19;17;10;25;19;57;26;35;12;25;38;13;28;15;11
ENSG00000119335;499;463;319;478;518;436;466;285;716;503;709;196;530;711;267;964;557;629
ENSG00000160447;22;10;16;9;13;12;12;10;26;21;20;9;9;16;8;25;16;10
ENSG00000160446;63;87;48;66;67;61;69;71;215;111;138;51;91;131;52;104;78;51
ENSG00000160445;236;185;157;111;204;167;194;146;448;232;290;122;246;293;129;282;218;221
ENSG00000107021;338;269;176;215;200;170;278;202;588;263;366;144;309;395;174;375;264;266
ENSG00000167136;20;15;16;13;15;9;20;13;44;29;37;14;26;38;13;27;12;19
ENSG00000136802;146;133;107;134;146;146;163;135;354;208;258;99;161;218;99;220;126;169
ENSG00000175283;13;14;12;10;23;29;41;25;95;45;62;28;44;52;19;50;23;39
ENSG00000095319;603;514;417;442;552;471;625;473;1235;628;955;348;726;944;398;1082;776;714
ENSG00000148341;271;222;150;150;185;154;184;180;500;235;338;118;252;307;123;282;182;208
ENSG00000148343;531;446;316;325;449;373;460;436;1092;543;752;322;602;842;301;606;416;504
ENSG00000167130;44;28;14;24;21;28;37;14;69;36;34;19;54;77;24;63;42;50
ENSG00000095321;188;147;124;122;149;136;162;120;434;220;263;106;181;252;86;214;139;194
ENSG00000119383;530;456;330;352;520;354;381;315;931;473;638;293;479;591;246;631;427;350
ENSG00000188483;102;71;58;50;66;50;45;45;190;116;90;45;128;183;64;174;72;86
ENSG00000148335;88;78;59;43;77;51;99;78;215;98;124;56;98;149;54;131;92;84
ENSG00000148331;140;133;114;123;150;155;111;117;335;169;192;84;133;207;84;182;123;120
ENSG00000136816;161;138;86;97;130;89;134;97;248;151;206;54;140;198;84;157;119;147
ENSG00000136827;136;134;86;96;158;109;132;85;258;148;196;67;169;212;80;206;143;143
ENSG00000136819;116;121;86;86;150;101;131;90;248;116;192;71;162;187;95;212;146;147
ENSG00000136878;275;230;163;179;269;236;238;212;567;289;343;161;309;351;146;346;233;246
ENSG00000187239;1234;1011;787;933;1059;933;1203;862;2396;1299;1699;698;1301;1515;672;1742;1123;1208
ENSG00000148358;1235;1266;920;968;1177;955;1371;982;2470;1265;1991;736;1368;1860;713;2040;1327;1491
ENSG00000107130;91;107;56;69;89;71;176;125;407;217;249;85;130;202;67;205;116;124
ENSG00000107164;421;319;268;284;363;307;381;320;729;414;546;220;377;483;201;546;367;375
ENSG00000130713;145;115;107;129;140;139;157;105;274;132;211;89;197;249;97;245;155;191
ENSG00000097007;435;375;315;294;395;317;430;337;917;467;566;231;465;616;238;650;398;452
ENSG00000126883;1168;1143;821;898;1029;868;1194;838;2048;1099;1612;626;1307;1574;678;1929;1206;1345
ENSG00000126882;406;278;269;280;289;359;247;182;436;255;353;111;377;464;196;483;372;359
ENSG00000288701;2654;2164;1743;1754;2244;1971;2413;2018;5077;2657;3566;1507;2582;3275;1361;3458;2100;2317
ENSG00000130714;366;313;248;278;343;263;312;330;709;342;549;187;382;406;186;437;311;306
ENSG00000130717;174;114;86;107;108;99;149;111;344;179;215;76;172;192;84;194;96;137
ENSG00000107263;9738;8591;6232;6272;8436;6479;11454;10263;27574;13271;17224;7002;9527;13132;5116;12938;8015;8991
ENSG00000160563;89;61;55;48;65;46;76;50;119;61;76;28;86;110;43;119;65;100
ENSG00000196358;32;29;24;13;28;18;19;21;61;37;31;19;11;8;4;18;15;15
ENSG00000107290;2027;1866;1407;1496;1962;1656;1870;1187;2767;1513;2538;903;2068;2448;1029;3404;2140;2313
ENSG00000125482;257;214;152;153;199;156;210;134;360;190;331;98;258;265;101;348;210;287
ENSG00000125485;96;70;77;84;72;56;70;68;145;58;98;32;101;110;41;110;103;119
ENSG00000125484;282;243;163;199;215;221;223;137;333;224;325;110;241;333;169;439;236;262
ENSG00000165699;1220;1008;757;793;1000;781;987;715;1764;883;1447;520;1339;1471;651;1843;1134;1230
ENSG00000165702;25;12;21;19;29;20;14;9;37;15;15;11;39;19;7;14;20;11
ENSG00000148308;327;262;164;200;265;247;337;288;734;397;560;191;311;395;165;385;214;301
ENSG00000160271;200;144;92;57;116;77;134;95;333;152;189;85;138;182;88;178;94;117
ENSG00000148288;487;385;245;322;348;299;617;501;1172;654;735;301;775;1018;410;1042;599;686
ENSG00000148296;102;84;56;57;98;76;91;80;184;109;128;54;82;173;34;134;69;82
ENSG00000148297;360;300;232;258;286;269;368;334;842;415;555;253;448;544;192;485;312;334
ENSG00000148303;579;464;413;521;579;570;473;365;999;556;853;262;680;865;358;912;556;634
ENSG00000148290;84;67;38;71;65;58;75;42;139;57;104;41;77;111;43;114;64;75
ENSG00000148248;704;580;434;437;677;460;823;592;1573;979;1340;419;836;1069;498;1231;738;715
ENSG00000148300;122;86;52;50;73;80;102;86;212;110;167;66;130;168;61;135;82;117
ENSG00000160323;6;6;7;11;8;12;4;11;23;17;22;9;8;14;5;10;18;13
ENSG00000160325;43;26;28;18;47;21;46;46;147;70;88;35;50;68;22;48;32;33
ENSG00000160326;612;474;275;372;480;327;844;781;2543;1239;1379;554;479;885;295;687;437;469
ENSG00000160293;301;240;163;170;221;230;223;206;587;287;362;165;221;253;117;248;204;196
ENSG00000235106;68;61;55;46;74;66;59;48;181;82;100;36;93;105;50;111;64;68
ENSG00000169925;323;290;229;227;312;229;274;238;623;323;491;202;384;427;180;454;283;284
ENSG00000196363;301;262;194;196;231;216;342;273;600;360;525;216;448;490;219;522;331;349
ENSG00000186350;3344;2897;2184;2171;3037;2385;3184;3111;8118;4170;5593;2297;3039;4301;1718;4113;2580;2558
ENSG00000085265;2092;1269;1642;1501;1675;2055;1511;956;2076;1323;1867;592;2484;3070;1178;3849;2850;2515
ENSG00000196422;39;44;30;33;52;25;39;31;117;52;65;24;63;64;22;67;35;44
ENSG00000122140;35;26;30;29;33;19;34;35;77;41;58;33;39;47;16;44;47;34
ENSG00000130559;601;513;411;421;575;462;638;461;1301;713;910;344;613;817;289;788;478;663
ENSG00000130560;197;177;123;129;174;158;235;199;433;232;322;119;253;345;146;329;185;221
ENSG00000148411;456;341;350;323;387;347;391;381;909;485;588;240;571;632;296;657;468;454
ENSG00000238227;142;107;86;99;167;100;120;104;305;220;210;90;157;217;85;232;132;134
ENSG00000165661;169;131;88;108;110;102;104;105;247;147;151;71;165;163;64;221;129;122
ENSG00000160360;214;170;90;55;133;87;144;147;407;189;272;105;148;208;96;200;145;135
ENSG00000213221;17;17;10;11;9;20;11;24;52;22;28;12;18;22;19;30;15;17
ENSG00000165684;289;249;189;178;239;197;210;199;642;331;400;168;251;419;139;338;215;239
ENSG00000165689;166;127;87;115;110;120;155;94;292;138;182;77;168;198;93;217;129;136
ENSG00000165688;297;238;175;216;220;181;320;281;626;338;436;158;375;444;201;461;294;335
ENSG00000148384;107;93;63;68;103;90;83;81;243;111;129;44;83;111;28;92;53;64
ENSG00000148396;2093;1846;1305;1429;1854;1477;2026;1754;4737;2373;3352;1250;2209;2945;1140;3008;1806;1953
ENSG00000148400;2283;1972;1374;1377;1858;1463;2597;2454;7837;3680;4371;1742;2197;3091;1169;2600;1598;1966
ENSG00000172889;60;35;35;30;66;46;52;71;145;95;90;34;40;51;20;36;28;32
ENSG00000169692;152;137;98;114;168;113;131;164;470;257;288;127;208;247;102;226;125;128
ENSG00000244187;32;33;30;22;36;36;23;25;71;33;39;20;50;36;18;45;28;24
ENSG00000196642;242;169;135;157;175;185;211;179;571;296;350;151;270;357;144;324;230;239
ENSG00000232434;106;78;77;67;72;73;89;92;246;129;175;58;77;83;32;67;51;55
ENSG00000054148;175;113;130;100;127;140;184;166;513;222;291;137;116;181;71;172;69;115
ENSG00000177943;203;172;124;121;111;139;186;170;539;258;347;131;142;202;66;178;104;124
ENSG00000107223;282;195;143;175;211;204;321;274;642;382;541;178;306;435;144;374;243;239
ENSG00000127191;271;211;182;153;169;163;303;299;703;336;466;229;226;279;83;264;161;176
ENSG00000159069;356;303;231;229;348;288;450;404;1279;678;792;301;424;569;180;523;315;332
ENSG00000310560;52;22;24;28;30;28;22;21;46;28;41;7;17;30;9;39;21;32
ENSG00000107331;345;278;270;251;310;344;265;197;667;288;404;154;278;338;160;355;235;233
ENSG00000180549;13;11;10;22;14;15;21;9;36;22;35;8;9;17;2;23;14;15
ENSG00000197355;435;437;331;332;350;378;498;452;1106;520;734;306;525;646;256;646;377;455
ENSG00000177239;272;245;196;173;251;206;275;234;597;304;451;147;285;349;154;353;202;258
ENSG00000176978;525;438;301;291;476;364;426;443;1346;685;832;296;534;766;269;659;374;415
ENSG00000176248;532;362;305;329;399;311;475;483;1259;571;751;296;561;723;296;632;409;450
ENSG00000176101;71;56;29;24;47;60;68;45;138;93;79;28;59;82;25;94;53;48
ENSG00000176058;32;22;18;24;22;22;22;32;80;40;51;20;34;53;20;29;35;15
ENSG00000187713;54;67;50;53;44;45;52;42;161;69;92;31;69;74;31;90;54;68
ENSG00000188566;262;182;123;127;226;187;211;244;644;323;374;148;273;338;154;280;233;222
ENSG00000188229;564;396;285;236;315;328;546;443;1066;526;651;360;550;861;302;678;410;525
ENSG00000188986;225;163;150;172;222;141;224;220;552;299;403;161;253;366;137;278;179;221
ENSG00000198113;196;201;147;138;211;141;227;229;649;324;447;151;235;316;91;289;200;185
ENSG00000187609;64;47;40;25;50;36;55;51;117;43;68;34;51;62;24;58;56;51
ENSG00000188747;72;48;39;51;50;31;66;69;164;84;118;46;83;138;45;119;70;78
ENSG00000165802;219;212;182;134;163;175;240;197;551;289;349;123;265;384;160;324;246;244
ENSG00000130653;55;29;32;40;48;29;24;44;77;31;60;22;63;40;27;49;35;36
ENSG00000182154;41;24;19;27;23;24;21;17;99;40;44;16;43;43;23;59;23;26
ENSG00000148399;97;61;72;70;98;78;92;78;191;82;135;44;113;107;42;144;71;106
ENSG00000165724;41;28;26;29;26;28;38;36;63;47;54;29;58;76;29;60;34;40
ENSG00000197070;226;165;138;102;166;136;137;124;336;156;233;106;151;220;102;223;109;150
ENSG00000181090;1027;848;601;578;696;634;804;678;1664;731;1076;460;860;1035;424;1056;717;747
ENSG00000015171;276;227;148;227;281;225;225;187;355;185;352;119;221;281;132;383;237;313
ENSG00000151240;17;14;12;15;13;19;10;6;9;6;10;5;4;11;4;31;19;11
ENSG00000107929;1589;1322;1045;1166;1307;1218;1393;1102;2592;1320;2112;782;1685;1933;818;2435;1691;1812
ENSG00000107937;233;196;130;156;180;169;181;144;318;193;263;121;246;304;123;364;264;264
ENSG00000067064;102;114;83;96;116;91;112;73;164;65;144;46;189;180;77;252;160;189
ENSG00000047056;943;773;613;686;797;697;891;679;1526;858;1252;474;1089;1339;590;1469;939;1053
ENSG00000067057;1653;1402;1096;1204;1455;1228;1930;1695;4410;2176;3158;1160;1529;1941;805;1785;1105;1335
ENSG00000107959;322;284;250;251;266;268;304;196;525;251;354;146;397;460;203;569;352;365
ENSG00000067082;5768;4515;3684;4063;5022;4019;4758;3858;9248;4946;7946;2570;5653;8430;3491;10650;5543;7393
ENSG00000173848;19;12;23;13;10;15;26;4;28;13;9;3;21;28;11;26;17;19
ENSG00000196372;42;30;25;21;24;17;25;17;43;19;29;10;42;55;14;59;42;28
ENSG00000108021;506;353;339;326;411;354;422;284;593;301;504;203;400;484;204;663;408;511
ENSG00000057608;775;731;586;696;835;670;785;420;1063;713;1116;375;886;1114;403;1489;878;891
ENSG00000134452;484;350;310;348;346;327;430;300;713;387;585;254;414;520;212;625;371;418
ENSG00000134460;245;209;121;176;227;185;196;197;550;291;354;154;20;23;6;25;30;36
ENSG00000134453;513;415;307;321;384;349;419;333;712;417;618;240;304;468;156;526;390;421
ENSG00000170525;12596;10427;7883;8497;9830;8226;14040;12627;28942;14032;21035;8434;11719;15467;6179;15657;10016;9972
ENSG00000065675;105;77;113;72;90;84;34;28;67;30;57;26;62;59;35;86;60;71
ENSG00000198879;411;319;278;316;366;305;164;171;341;177;294;120;230;210;90;302;198;217
ENSG00000151657;246;217;169;176;203;159;196;113;283;164;266;86;188;229;93;316;199;257
ENSG00000165629;130;133;91;102;146;94;114;60;136;101;163;57;109;166;66;194;154;148
ENSG00000165632;163;138;150;149;144;153;142;127;279;166;243;89;194;261;99;267;159;204
ENSG00000107485;50;38;33;36;32;46;28;22;41;22;38;9;26;28;15;43;35;36
ENSG00000048740;959;786;758;704;847;904;641;437;932;521;758;262;1240;1213;525;1687;1213;1258
ENSG00000148429;309;248;182;173;273;173;232;158;369;185;319;116;259;302;135;470;324;305
ENSG00000134463;17;10;9;16;7;9;7;6;24;14;26;8;16;18;4;8;7;10
ENSG00000148426;14;10;4;5;7;11;9;9;27;15;23;6;17;19;5;30;13;14
ENSG00000151461;693;625;440;573;631;501;557;380;865;460;830;301;684;928;324;1131;744;812
ENSG00000181192;164;112;91;97;121;112;118;73;169;108;179;64;185;212;95;262;158;149
ENSG00000065665;115;98;44;63;71;69;88;65;160;68;98;33;85;119;38;110;89;107
ENSG00000165609;127;122;98;89;99;130;119;95;149;84;153;59;166;175;62;216;161;167
ENSG00000151465;169;147;90;120;183;122;199;94;259;125;219;76;211;252;90;294;153;226
ENSG00000183049;262;177;167;180;213;202;187;147;379;210;290;99;284;346;108;415;268;285
ENSG00000123240;176;134;130;120;174;135;191;160;354;226;287;98;120;159;79;205;139;133
ENSG00000107537;10;21;15;6;6;10;17;5;14;7;19;6;15;11;6;16;8;13
ENSG00000086475;40;43;32;29;33;48;43;28;82;53;63;32;54;66;27;99;76;57
ENSG00000165630;138;137;127;105;118;93;121;76;189;111;174;62;149;170;78;258;155;179
ENSG00000151474;121;94;55;69;106;59;59;57;188;84;92;40;52;81;24;97;63;71
ENSG00000065809;1277;1257;1000;986;1206;967;1594;1157;2675;1379;2226;919;1568;2008;883;2813;1649;1925
ENSG00000284024;112;103;70;93;81;85;89;61;151;86;144;41;105;144;62;126;104;121
ENSG00000187522;62;48;27;26;33;33;31;10;33;27;46;11;38;42;22;78;40;54
ENSG00000152457;241;216;175;170;219;184;194;115;272;151;251;118;247;267;132;364;258;272
ENSG00000152464;20;15;17;24;24;19;13;17;33;29;41;10;28;26;10;34;16;25
ENSG00000152465;56;30;35;29;54;47;36;28;61;28;39;11;54;53;23;67;52;48
ENSG00000148481;234;194;152;149;189;144;163;84;214;113;206;78;209;208;93;325;224;226
ENSG00000165983;61;56;56;60;55;57;52;42;87;42;72;31;56;68;32;114;55;63
ENSG00000148484;246;200;168;156;235;218;216;139;312;210;235;102;327;297;153;374;237;248
ENSG00000107611;155;105;92;115;119;113;135;96;214;92;147;78;175;191;90;260;206;139
ENSG00000107614;222;201;130;167;162;161;217;134;263;143;232;74;198;281;105;415;303;289
ENSG00000026025;6187;6377;4211;5391;6751;5060;8209;6358;20284;11228;14605;4502;8243;12431;4630;14242;6933;8891
ENSG00000148488;20;15;20;12;17;20;11;7;24;7;9;2;15;10;6;23;11;9
ENSG00000136738;231;218;146;195;176;137;190;132;311;148;253;85;247;288;128;379;254;241
ENSG00000241058;89;98;52;68;81;55;87;36;116;66;99;35;92;102;39;133;81;93
ENSG00000165997;330;302;223;229;278;257;371;272;472;316;560;191;369;526;208;752;506;565
ENSG00000120594;3397;3311;2084;2421;3316;2664;3475;2406;5768;3472;5201;1771;4069;5239;2200;6868;3820;4502
ENSG00000078114;48;43;23;33;35;40;28;29;41;26;35;21;28;38;19;42;39;24
ENSG00000078403;661;567;398;416;535;528;560;365;771;460;593;277;539;670;306;940;599;652
ENSG00000136770;104;86;82;87;100;95;114;62;198;130;158;57;130;154;57;217;111;130
ENSG00000148444;53;69;41;38;58;64;53;34;59;49;61;19;44;66;21;105;52;53
ENSG00000168283;74;92;70;101;102;77;79;46;129;55;117;45;86;97;52;154;85;98
ENSG00000150867;553;465;399;418;455;504;390;262;701;350;518;193;487;660;300;866;490;606
ENSG00000165309;5;7;10;14;6;13;9;5;8;7;9;7;20;13;4;17;4;14
ENSG00000148450;31;24;15;32;24;21;21;20;41;34;46;13;33;47;20;38;42;35
ENSG00000165312;763;676;518;594;653;570;634;425;1107;633;1005;294;890;1419;567;1745;1075;1159
ENSG00000107863;404;406;301;311;407;301;370;228;585;312;456;172;441;401;172;551;356;445
ENSG00000151023;38;22;18;19;19;29;38;19;34;15;20;13;42;29;17;39;31;19
ENSG00000077420;655;537;441;515;637;539;364;256;659;353;558;227;614;740;310;883;602;682
ENSG00000148459;31;10;19;12;12;16;11;12;19;13;15;6;19;25;8;40;32;38
ENSG00000136754;820;693;569;581;701;664;725;490;1125;689;1023;372;704;924;352;1307;807;858
ENSG00000107890;145;126;97;84;100;96;96;73;138;75;146;49;128;160;58;168;138;132
ENSG00000136758;890;792;622;714;893;710;826;571;1303;814;1255;426;850;1050;493;1590;931;1068
ENSG00000120539;194;170;120;145;162;153;140;97;314;151;225;86;196;232;89;289;193;194
ENSG00000107897;316;256;211;256;283;225;263;183;471;273;355;137;278;372;151;479;304;297
ENSG00000099246;492;439;341;360;429;335;366;232;465;326;457;191;423;527;242;782;473;503
ENSG00000150054;51;33;33;43;20;33;18;12;12;10;19;6;29;20;16;44;29;29
ENSG00000095787;1028;844;663;730;937;882;847;665;1441;945;1320;447;906;1116;496;1501;941;1038
ENSG00000197321;261;185;200;182;194;209;200;159;404;193;318;105;196;211;101;307;204;227
ENSG00000107951;93;108;79;87;109;63;75;52;125;112;117;38;112;136;50;179;125;143
ENSG00000107968;700;710;455;537;661;557;727;461;1077;524;985;386;683;785;295;1055;698;760
ENSG00000183621;265;259;173;198;236;191;224;201;365;191;290;118;294;344;147;497;266;281
ENSG00000148516;42;37;29;34;26;29;24;18;31;22;27;12;32;24;7;31;32;16
ENSG00000165322;273;235;198;203;242;216;183;105;245;139;250;95;199;215;78;334;219;253
ENSG00000170759;771;676;521;583;705;581;687;397;1004;645;947;363;703;937;362;1284;785;820
ENSG00000120616;658;552;430;549;563;517;555;382;867;489;750;267;624;727;309;1008;710;743
ENSG00000216937;46;42;26;19;33;22;34;15;42;16;26;12;34;44;15;59;33;48
ENSG00000150093;3650;3777;2526;3160;3879;3292;2888;1920;4551;2850;4752;1653;2884;4074;1581;5659;3466;3971
ENSG00000099250;3764;3909;2481;2856;3995;2938;4229;2824;7538;4340;6372;2222;3180;4738;1867;5591;3183;3897
ENSG00000108094;241;222;152;159;204;183;178;110;263;171;262;89;172;235;105;304;219;262
ENSG00000095794;111;91;68;49;114;100;90;55;134;74;142;61;88;100;42;147;70;105
ENSG00000108100;527;472;406;478;540;384;570;360;819;525;756;238;753;798;414;1045;638;709
ENSG00000198105;125;101;82;102;107;96;100;70;130;84;114;39;105;105;38;144;112;105
ENSG00000175395;90;70;63;68;88;74;79;38;86;67;117;29;91;87;37;168;93;112
ENSG00000189180;390;256;239;256;274;253;267;183;398;231;349;106;333;392;156;635;412;446
ENSG00000075407;271;225;212;209;249;217;248;162;330;183;338;128;292;358;109;437;320;345
ENSG00000196693;75;46;69;49;58;71;32;32;38;30;42;17;65;69;30;107;70;67
ENSG00000165733;274;242;226;226;217;216;277;180;440;262;345;159;327;393;161;494;300;318
ENSG00000169826;1300;1114;917;950;1195;976;1217;850;1728;1062;1888;614;1518;1942;794;2735;1611;1775
ENSG00000198915;34;15;13;12;19;40;16;14;31;14;23;8;21;21;12;28;12;17
ENSG00000169813;682;609;445;453;714;579;646;486;1388;802;1099;389;848;1056;414;1226;652;734
ENSG00000243660;15;25;21;28;22;12;16;9;20;18;19;8;22;19;15;33;10;17
ENSG00000169740;16;9;14;12;7;17;21;5;13;11;16;3;13;26;4;32;7;15
ENSG00000107551;686;485;436;398;464;429;869;661;1407;760;1120;414;722;1078;385;1112;705;787
ENSG00000165512;53;61;51;60;50;51;57;29;84;53;75;28;66;53;26;114;53;81
ENSG00000256574;12;11;11;12;15;13;10;3;22;9;8;10;10;14;5;14;13;14
ENSG00000012779;3522;2896;2009;2296;3048;2432;3580;3105;7987;4110;5544;2208;3541;4748;1805;4256;2708;3043
ENSG00000165406;380;309;228;272;307;281;293;218;521;300;404;166;449;509;205;585;340;388
ENSG00000172671;73;61;55;57;52;54;65;34;93;62;61;27;66;81;42;111;81;65
ENSG00000172661;460;391;280;323;359;337;379;257;507;304;553;186;536;546;269;682;491;490
ENSG00000188234;28;26;26;25;19;18;35;33;49;27;59;17;44;41;20;28;15;37
ENSG00000265354;70;67;50;77;85;64;74;42;99;59;101;35;85;93;33;159;84;84
ENSG00000266412;1881;1983;1306;1768;2097;1698;2213;1321;3523;2199;3413;1168;2501;3335;1230;4221;2399;2673
ENSG00000204172;46;36;33;33;30;34;52;37;67;41;60;21;67;57;28;80;43;56
ENSG00000107643;411;387;278;265;357;289;288;201;450;250;402;159;316;386;173;608;378;422
ENSG00000128805;170;182;125;113;130;111;201;162;470;195;292;128;214;258;81;243;149;189
ENSG00000128815;2362;1762;1390;1492;1816;1560;2591;1969;5284;2409;3321;1359;2209;3035;1197;2981;1928;2266
ENSG00000204161;29;26;23;24;35;36;49;20;57;19;59;20;54;49;22;78;48;46
ENSG00000225830;625;530;385;395;488;427;568;336;823;469;770;298;656;739;354;976;590;701
ENSG00000227345;151;119;106;106;132;142;136;74;208;105;213;62;149;164;67;233;139;193
ENSG00000204152;29;13;12;9;28;16;25;6;25;15;31;6;17;28;12;36;23;34
ENSG00000178440;13;10;7;9;11;3;18;11;21;5;15;6;19;18;7;21;15;20
ENSG00000099290;255;192;163;183;220;171;187;144;322;172;263;97;292;360;127;404;249;270
ENSG00000198964;769;691;468;497;665;571;779;577;1387;698;1175;382;635;903;381;1141;793;895
ENSG00000177613;119;90;79;90;89;86;101;61;154;130;157;58;112;171;60;186;91;120
ENSG00000151151;615;619;404;562;551;472;497;329;696;374;781;241;563;646;300;1037;617;680
ENSG00000072401;258;271;176;226;280;200;247;110;268;144;270;105;183;260;119;441;307;357
ENSG00000108064;235;227;154;152;185;197;155;109;234;126;264;81;174;204;109;303;229;261
ENSG00000108091;163;224;113;240;241;177;181;106;288;149;232;77;203;260;116;429;200;222
ENSG00000151150;129;56;81;58;86;78;42;32;91;32;56;32;94;67;37;80;98;74
ENSG00000150347;1155;971;732;807;1100;961;788;582;1350;768;1267;480;928;1245;499;1471;985;1119
ENSG00000181915;103;94;61;58;86;73;96;72;170;109;128;38;125;169;68;204;134;136
ENSG00000122877;265;213;142;130;150;222;548;335;727;444;541;186;1556;2495;755;2520;1362;1624
ENSG00000148572;68;72;44;72;77;74;60;37;109;77;107;47;61;111;54;159;91;72
ENSG00000171988;2346;2148;1562;1758;1980;1803;1697;1116;2408;1486;2391;846;2613;3105;1372;4242;2769;3041
ENSG00000165476;145;166;101;135;118;123;113;76;170;116;153;53;159;176;84;306;193;207
ENSG00000096717;263;278;218;237;270;251;239;146;351;206;324;106;338;401;159;546;328;359
ENSG00000148634;914;859;659;724;761;659;666;440;935;499;893;335;713;793;370;1271;902;855
ENSG00000108187;17;16;16;13;15;11;20;16;16;14;22;10;29;25;5;19;8;25
ENSG00000096746;806;674;499;616;630;628;702;503;975;585;997;399;749;977;391;1309;781;910
ENSG00000204130;286;265;147;214;217;195;174;134;281;140;294;85;214;218;91;352;223;258
ENSG00000138346;34;35;26;25;32;35;31;23;37;22;42;21;50;34;12;48;33;37
ENSG00000122912;201;148;124;96;109;94;116;95;177;84;143;55;143;134;71;202;139;169
ENSG00000060339;830;729;533;647;643;653;662;412;992;558;903;358;828;968;403;1425;893;873
ENSG00000107625;132;134;124;141;178;119;168;129;238;156;245;76;145;185;90;301;176;202
ENSG00000165732;336;311;254;274;348;304;376;234;473;306;451;164;522;716;268;906;629;598
ENSG00000198954;51;45;27;36;47;49;44;32;72;35;61;24;58;84;22;101;63;55
ENSG00000122862;2698;3281;2051;3061;4494;2449;3646;2581;7165;5203;8069;2499;2472;4515;1585;5780;2873;3309
ENSG00000122958;214;209;171;206;246;185;177;89;251;151;268;88;239;302;101;378;275;293
ENSG00000156502;113;92;90;97;82;100;103;48;151;89;115;38;100;150;66;208;147;130
ENSG00000156515;1995;1813;1160;1348;1803;1398;1710;1337;3513;1830;2607;1016;2461;3033;1142;3206;1907;2095
ENSG00000042286;73;50;46;63;41;50;55;54;149;79;117;47;74;91;26;81;62;62
ENSG00000156521;102;55;58;55;62;69;64;65;129;55;89;32;85;112;32;97;88;70
ENSG00000079332;524;531;359;384;430;403;457;324;678;415;650;231;511;568;282;822;574;534
ENSG00000180817;86;67;55;60;83;72;62;43;106;68;95;42;55;51;35;79;61;50
ENSG00000148734;9;22;8;6;21;12;16;10;38;20;37;8;12;12;7;19;12;28
ENSG00000148730;1298;1225;889;1101;1234;989;1184;689;1895;1160;1741;651;1242;1625;619;2011;1239;1391
ENSG00000107719;16;14;9;12;8;13;13;9;16;13;15;4;15;10;5;35;23;19
ENSG00000180644;537;303;475;393;402;524;130;105;192;112;248;58;172;208;84;362;301;316
ENSG00000138316;7;23;12;7;9;8;22;31;73;35;34;23;20;22;8;14;5;15
ENSG00000166224;1149;1094;712;901;1150;803;1668;1199;2946;1840;2442;1008;1622;2308;838;2555;1373;1566
ENSG00000166228;24;18;18;13;16;13;26;17;37;41;24;19;33;38;13;52;24;35
ENSG00000107731;39;33;25;17;24;24;24;19;40;34;23;11;14;30;5;10;21;18
ENSG00000198246;50;50;29;28;36;36;46;27;79;42;48;20;47;65;16;66;50;53
ENSG00000107736;128;72;89;127;100;150;46;34;92;56;70;28;71;58;44;77;71;63
ENSG00000107738;1881;1386;1246;1143;1578;1418;1030;869;2325;1249;1710;718;1879;2419;953;2523;1575;1600
ENSG00000197746;10292;10452;7756;9060;11990;9060;16110;12666;31765;19548;27505;9802;17815;24959;9215;26217;13333;16337
ENSG00000107742;657;429;618;516;553;644;341;277;701;306;474;175;501;414;194;546;442;354
ENSG00000138303;181;155;88;124;143;112;132;96;200;139;185;72;141;145;46;192;111;116
ENSG00000166295;301;288;190;246;333;251;253;159;399;284;417;153;270;368;173;451;275;298
ENSG00000168209;1275;1127;752;917;1223;892;1764;1543;4187;2382;3221;1152;1597;2549;929;2181;1070;1221
ENSG00000148719;775;697;485;473;629;598;722;672;1596;897;1169;488;808;1149;440;1098;739;763
ENSG00000107745;409;369;324;318;397;273;382;252;586;311;508;213;373;512;189;622;355;436
ENSG00000156026;141;138;71;100;123;103;115;59;195;112;150;64;129;142;65;178;115;137
ENSG00000122884;2794;3106;2271;2693;3033;2529;3349;2306;4743;3132;5482;1687;2814;3375;1464;4687;2688;3160
ENSG00000166321;50;45;28;28;42;35;46;35;66;36;55;23;49;56;27;98;59;53
ENSG00000122882;250;244;166;198;214;199;230;151;313;153;280;102;237;295;129;407;233;281
ENSG00000138286;169;159;99;107;149;160;131;103;203;117;190;70;148;197;73;200;110;160
ENSG00000213551;71;61;38;62;39;47;44;38;81;34;68;26;55;66;27;79;42;63
ENSG00000182180;158;98;106;105;132;106;114;86;222;129;170;76;135;159;62;228;157;143
ENSG00000156042;35;21;16;20;16;14;33;25;40;25;44;14;42;37;20;49;33;30
ENSG00000138279;244;232;164;190;258;179;349;207;493;324;473;174;320;363;113;475;283;320
ENSG00000166343;176;199;127;117;159;172;220;117;331;166;246;95;216;223;119;348;242;233
ENSG00000107758;659;572;446;462;545;496;514;393;747;426;749;309;666;731;315;1099;734;760
ENSG00000166348;109;120;61;70;109;79;94;63;191;84;118;40;94;142;67;143;121;96
ENSG00000172650;26;6;6;4;16;9;22;17;47;19;29;7;15;26;7;14;15;16
ENSG00000176986;1653;1413;1058;1229;1468;1259;1884;1420;3420;1951;2820;1033;2098;2569;1009;2543;1582;1697
ENSG00000196968;335;306;247;280;340;279;387;322;842;478;718;238;330;448;184;428;268;298
ENSG00000172586;26;23;21;13;19;17;12;23;23;14;27;21;20;25;8;51;29;30
ENSG00000214655;1509;1285;886;955;1209;968;1499;1344;3436;1817;2313;904;1566;2140;812;1922;1322;1314
ENSG00000148660;219;133;131;123;167;146;157;104;238;151;174;73;176;185;79;174;126;128
ENSG00000122861;251;262;159;207;334;207;302;229;605;366;492;167;190;299;108;348;208;195
ENSG00000035403;428;282;294;315;318;386;175;110;263;144;221;105;257;261;111;421;319;275
ENSG00000185009;347;321;252;291;272;291;350;217;539;300;436;161;489;630;253;718;479;532
ENSG00000156110;231;207;133;148;146;185;220;148;306;171;288;91;488;433;226;687;443;482
ENSG00000156650;864;609;535;597;629;579;656;415;938;531;802;320;676;826;373;1043;720;707
ENSG00000156671;1047;991;681;813;881;880;1036;688;1494;960;1486;511;1025;1160;518;1701;1160;1194
ENSG00000165637;298;253;226;240;280;244;217;162;355;193;359;112;273;343;166;470;311;345
ENSG00000165644;14;8;7;8;6;10;13;9;27;4;17;6;10;16;3;11;6;8
ENSG00000165655;40;34;12;22;26;14;20;19;74;32;38;24;39;42;16;68;26;27
ENSG00000148655;167;144;94;112;153;129;130;85;250;125;171;64;153;162;85;217;132;174
ENSG00000151208;113;59;68;60;107;78;66;61;144;76;80;34;71;95;30;107;90;101
ENSG00000148606;233;172;169;152;183;155;211;138;318;185;284;94;226;315;109;320;235;223
ENSG00000138326;310;242;246;301;321;325;265;175;413;342;353;149;412;439;210;611;336;383
ENSG00000108175;4312;3796;2517;2615;3467;2767;4255;3851;11538;5568;6913;2618;4022;5709;2129;5497;3303;3715
ENSG00000108179;3443;3386;2179;2224;3149;2540;3305;3379;7503;4082;5885;2257;3323;4413;1647;4765;2971;2946
ENSG00000165424;99;69;69;51;86;80;75;68;157;97;113;45;54;87;35;106;50;68
ENSG00000133678;39;24;17;40;30;29;18;16;40;26;51;21;27;47;16;67;24;41
ENSG00000122359;1452;1140;967;990;1090;988;1161;859;2340;1211;1600;701;1457;1711;720;1934;1277;1296
ENSG00000122378;15;11;7;17;10;11;12;11;17;7;24;8;13;12;4;12;8;14
ENSG00000108219;2187;2047;1503;1638;1919;1827;1792;1292;3500;1819;2448;1006;1909;2438;1009;2580;1581;1838
ENSG00000165678;510;452;351;452;490;430;538;340;842;524;862;265;585;756;297;957;587;656
ENSG00000107771;583;409;362;370;417;412;403;255;545;311;570;209;487;490;196;725;514;502
ENSG00000062650;922;840;664;689;896;726;821;529;1163;649;1124;410;821;1030;420;1544;963;1035
ENSG00000107779;41;31;27;26;31;27;31;15;34;15;48;14;30;23;12;42;35;35
ENSG00000148672;496;417;355;327;473;412;444;276;698;384;619;221;573;688;312;918;595;647
ENSG00000122376;88;79;54;89;82;71;61;45;82;48;105;30;103;100;34;179;110;118
ENSG00000107789;51;37;33;39;57;35;47;43;109;62;99;38;36;55;18;59;47;51
ENSG00000198682;299;323;207;290;378;230;234;210;423;255;396;131;151;218;70;222;133;160
ENSG00000138138;187;129;112;101;127;121;91;63;178;73;154;52;105;136;61;243;132;136
ENSG00000171862;1357;1271;1000;1097;1278;1063;823;543;1287;747;1197;467;874;1076;407;1478;961;1075
ENSG00000184719;9;6;14;8;18;16;9;5;18;7;12;8;12;20;8;31;17;12
ENSG00000204020;298;286;167;220;344;284;219;148;314;191;369;106;119;237;97;347;279;238
ENSG00000107796;17;17;10;12;9;8;9;10;21;7;20;6;18;28;6;23;16;16
ENSG00000026103;182;112;132;120;133;128;155;88;222;118;207;90;130;131;54;195;145;159
ENSG00000107798;118;68;84;83;98;116;48;32;46;41;44;18;115;111;35;153;111;108
ENSG00000152778;38;33;35;47;43;40;28;17;23;25;26;11;36;28;15;51;46;37
ENSG00000138182;57;67;27;45;69;56;44;26;48;42;54;15;84;80;41;154;100;100
ENSG00000148680;62;38;27;35;43;47;53;33;94;36;76;27;79;86;42;112;99;85
ENSG00000148688;62;62;44;60;79;56;63;42;89;53;82;20;84;86;31;156;81;85
ENSG00000180628;395;357;280;304;354;312;290;194;446;265;449;134;351;405;132;584;414;412
ENSG00000107854;781;742;511;627;722;587;703;424;916;600;1011;339;792;940;431;1338;833;905
ENSG00000095564;1580;1337;991;1107;1157;1152;1315;894;1878;1075;1879;636;1335;1468;671;2097;1389;1550
ENSG00000107864;147;110;65;81;77;61;86;62;116;70;111;50;134;125;56;181;133;127
ENSG00000198060;132;137;108;136;133;118;138;77;174;132;201;69;144;180;76;258;160;188
ENSG00000119912;105;101;61;77;92;91;84;43;114;78;94;54;116;123;79;229;119;159
ENSG00000138160;11;13;3;3;8;8;8;6;8;5;8;3;7;11;4;10;9;15
ENSG00000152804;61;45;40;40;53;63;32;42;55;29;61;16;68;69;34;102;49;70
ENSG00000138190;97;56;67;69;72;80;68;51;83;42;91;27;126;142;66;224;137;182
ENSG00000138119;1441;1498;1189;1294;1436;1383;3735;2271;5498;3127;4818;1594;5389;6785;2444;7807;4864;5587
ENSG00000148690;144;115;96;91;125;138;99;76;122;71;109;43;110;123;47;149;108;145
ENSG00000173145;67;40;40;46;51;55;68;29;59;39;87;43;62;73;36;117;96;85
ENSG00000108239;932;907;643;722;760;649;978;623;1500;806;1336;443;660;1078;408;1429;913;1017
ENSG00000119969;41;22;25;18;13;19;20;15;23;9;27;9;22;28;8;33;33;25
ENSG00000107438;51;40;37;34;60;46;27;23;52;25;44;11;56;55;24;67;28;37
ENSG00000059573;51;26;33;35;39;32;27;27;42;21;49;17;28;35;20;38;26;37
ENSG00000119977;58;55;51;39;62;46;48;29;79;52;59;28;58;79;27;95;60;69
ENSG00000138185;233;182;146;223;230;212;79;65;137;87;108;44;137;145;64;180;131;136
ENSG00000107443;135;132;113;106;139;108;130;101;205;114;169;58;108;168;66;230;157;164
ENSG00000177853;507;451;341;369;402;377;323;278;469;272;510;182;461;573;232;772;554;631
ENSG00000077147;1068;1014;740;843;1033;866;1053;683;1387;887;1494;513;1003;1360;553;1858;1242;1290
ENSG00000155629;2119;1726;1527;1721;1922;1547;1885;1331;3088;1806;3003;1008;2251;2772;1251;3473;2054;2229
ENSG00000196233;1660;1545;1059;1296;1535;1277;1646;1038;2338;1296;2155;807;1732;2135;856;2848;1823;2052
ENSG00000187122;29;34;37;32;30;29;32;34;96;44;67;34;50;79;27;81;39;32
ENSG00000213390;302;289;203;224;257;244;282;201;425;283;448;126;367;414;166;565;352;368
ENSG00000165879;175;96;81;82;119;120;123;100;254;132;177;61;149;242;99;241;107;120
ENSG00000181274;152;122;81;89;142;114;135;79;247;133;197;92;178;222;77;258;127;182
ENSG00000052749;219;126;94;145;143;155;143;132;395;170;239;87;400;560;261;521;313;371
ENSG00000171314;185;171;163;189;233;160;258;196;436;340;443;174;255;361;136;395;204;268
ENSG00000171311;50;54;38;45;33;36;60;24;101;39;72;24;55;69;33;103;53;73
ENSG00000171307;266;265;169;190;204;207;306;235;461;272;393;126;322;394;172;417;267;270
ENSG00000155229;440;316;224;263;274;321;344;265;686;342;524;187;455;555;195;565;412;395
ENSG00000165886;29;42;24;18;38;19;43;46;136;79;81;28;50;76;25;45;38;36
ENSG00000155252;230;241;130;140;205;167;292;215;625;321;472;162;457;554;252;589;323;383
ENSG00000119986;74;49;40;35;70;55;74;94;217;100;135;46;93;126;65;111;47;90
ENSG00000155254;97;76;79;68;103;77;70;58;164;96;120;42;97;132;33;131;111;96
ENSG00000155256;622;539;367;384;454;431;577;515;1251;595;997;351;612;769;351;816;549;548
ENSG00000155265;25;18;20;10;12;11;8;12;17;8;23;5;6;19;3;15;12;13
ENSG00000166024;547;488;364;386;439;356;434;343;693;361;605;248;496;693;254;829;530;592
ENSG00000119943;55;39;29;27;46;41;42;33;89;25;46;20;55;54;22;50;29;35
ENSG00000107521;346;255;183;187;232;219;284;236;612;293;395;156;336;373;147;385;270;306
ENSG00000155287;338;282;194;227;241;237;328;235;544;292;483;180;344;444;161;449;263;322
ENSG00000198018;204;194;126;148;154;148;242;178;411;220;343;116;206;290;134;396;229;246
ENSG00000119929;131;88;113;74;111;87;109;98;164;125;153;68;157;174;70;235;164;142
ENSG00000014919;150;118;83;112;119;122;116;77;174;123;170;69;138;157;62;206;125;150
ENSG00000023839;55;34;15;48;40;24;51;30;83;38;45;23;59;69;23;102;50;55
ENSG00000107554;349;291;239;255;322;209;287;245;604;295;463;171;497;572;231;685;400;509
ENSG00000107566;173;162;98;121;148;99;122;99;203;136;179;62;159;171;75;243;158;118
ENSG00000213341;182;136;121;127;185;114;163;96;204;129;204;68;178;222;69;308;207;246
ENSG00000095485;233;207;163;204;220;157;206;139;304;186;267;99;200;237;135;343;211;243
ENSG00000196072;173;164;136;154;167;141;158;121;258;144;220;83;199;268;89;357;224;279
ENSG00000099194;1216;1524;950;1243;1733;1132;1527;939;2620;1789;2577;850;1217;1181;537;1377;705;890
ENSG00000075826;459;343;253;270;357;330;362;272;616;330;481;197;446;522;210;551;365;371
ENSG00000166136;50;38;29;16;39;43;44;27;60;39;74;26;43;58;24;61;42;48
ENSG00000166135;1345;1181;800;928;1157;979;1294;925;2133;1114;1807;680;1338;1663;651;1832;1216;1335
ENSG00000119906;486;453;407;365;411;400;422;286;558;352;570;183;504;627;257;880;510;629
ENSG00000055950;93;88;59;76;69;98;87;75;197;112;150;55;110;135;56;163;55;97
ENSG00000095539;23;12;12;15;12;3;14;9;34;13;28;7;39;30;9;32;29;17
ENSG00000107815;26;20;12;11;18;21;22;16;41;20;30;14;25;33;14;40;19;34
ENSG00000107816;377;307;261;229;339;263;406;418;1026;498;675;247;334;474;191;376;240;300
ENSG00000107819;742;754;451;582;671;669;908;686;1785;956;1394;458;916;1195;480;1249;688;804
ENSG00000166167;224;199;165;151;207;157;203;153;286;182;274;107;220;219;91;290;219;226
ENSG00000166171;68;38;24;49;47;51;86;71;128;62;108;38;77;105;48;71;82;61
ENSG00000166169;213;203;141;139;210;148;210;192;525;249;342;135;238;332;127;349;184;214
ENSG00000107829;256;169;113;138;186;172;199;149;394;191;259;129;181;252;102;267;187;199
ENSG00000107833;41;10;23;14;15;13;14;14;43;25;23;7;29;41;13;36;24;24
ENSG00000198408;2994;2797;2163;2413;2497;2337;2473;1753;3800;2015;3367;1254;2678;3032;1365;4143;2707;3134
ENSG00000120049;171;129;113;94;160;120;149;114;313;155;189;88;184;220;85;168;113;128
ENSG00000120029;831;657;530;613;632;539;668;470;1185;603;965;356;810;1051;400;1138;835;882
ENSG00000166189;131;101;75;99;128;120;126;102;319;169;278;74;168;174;79;198;112;121
ENSG00000198728;945;780;591;616;716;717;807;687;1583;846;1200;471;1063;1306;489;1148;768;812
ENSG00000148840;217;179;142;122;164;154;212;208;413;227;277;121;353;459;172;455;296;314
ENSG00000166197;162;123;103;126;133;148;151;92;238;155;210;77;204;265;124;298;211;231
ENSG00000107862;882;707;509;523;665;577;862;652;1548;803;1103;441;953;1191;461;1294;815;937
ENSG00000077150;1564;1374;964;1094;1333;1005;2127;1964;4824;2546;3441;1228;1763;2602;937;2344;1427;1490
ENSG00000107872;49;60;36;37;47;50;53;50;171;74;95;30;55;100;29;66;42;55
ENSG00000107874;147;115;69;85;126;81;81;85;241;141;172;66;158;202;80;175;108;119
ENSG00000138111;210;176;95;112;124;89;94;102;272;119;168;73;149;156;78;180;104;105
ENSG00000138107;381;289;215;250;318;292;339;293;744;369;553;205;411;539;182;551;371;369
ENSG00000107882;333;284;165;199;215;208;228;163;481;234;334;118;265;369;153;439;232;268
ENSG00000171206;997;818;655;569;724;656;901;718;2058;1102;1317;522;1146;1460;620;1548;842;1054
ENSG00000138175;56;55;57;48;43;53;69;54;118;62;116;48;87;114;40;148;92;95
ENSG00000156398;37;19;39;19;18;29;16;11;17;11;16;10;25;32;23;36;34;24
ENSG00000166272;569;577;404;438;627;459;777;494;1394;841;1073;400;754;1110;398;1205;673;736
ENSG00000166275;66;83;67;50;95;41;55;38;79;52;99;32;76;81;24;141;101;91
ENSG00000148842;251;181;130;145;153;152;211;132;342;199;293;125;217;276;87;344;215;205
ENSG00000076685;871;769;593;679;671;720;736;500;1094;618;967;354;901;981;421;1404;880;907
ENSG00000156374;21;29;20;31;41;25;21;25;40;32;44;18;35;37;18;66;36;41
ENSG00000148835;67;51;46;58;60;50;43;38;82;57;75;30;83;81;37;146;73;102
ENSG00000173915;39;16;12;32;33;30;34;30;74;40;51;17;60;39;11;97;39;50
ENSG00000148843;372;300;241;263;249;283;350;243;624;346;475;178;430;497;231;542;392;404
ENSG00000138172;159;159;120;133;156;128;134;94;320;178;191;77;205;357;124;334;193;177
ENSG00000107954;58;38;59;45;48;73;21;25;58;32;32;14;13;19;7;45;32;31
ENSG00000107957;854;723;506;546;704;598;883;612;1731;891;989;529;402;572;183;584;374;410
ENSG00000107960;92;38;64;54;73;40;37;28;55;45;50;15;50;81;26;66;51;70
ENSG00000065613;591;534;411;489;593;465;514;341;836;491;791;270;579;726;294;1054;629;759
ENSG00000156384;54;38;20;33;36;25;44;20;83;38;51;16;36;52;27;71;35;51
ENSG00000148834;266;286;187;183;285;197;265;199;461;268;411;121;205;295;129;341;225;288
ENSG00000065621;47;34;17;15;25;23;21;22;79;25;36;23;19;27;8;20;30;22
ENSG00000148841;1280;1098;776;885;1161;879;1180;965;2765;1437;2052;770;815;1439;522;1358;864;1081
ENSG00000120051;28;20;19;15;18;31;27;25;58;27;49;11;18;26;16;48;20;42
ENSG00000108039;515;454;328;383;451;406;595;456;983;539;930;349;588;656;300;753;496;581
ENSG00000148700;463;395;363;380;444;488;310;157;349;221;407;156;400;414;204;597;504;484
ENSG00000119950;528;528;412;488;590;454;649;447;965;637;856;306;794;930;383;1098;685;793
ENSG00000119953;138;126;93;113;93;131;124;76;173;96;167;63;148;152;54;206;152;140
ENSG00000138166;439;248;252;225;323;235;449;362;822;411;682;268;366;470;193;511;403;422
ENSG00000108055;326;279;225;217;327;239;267;176;369;285;389;120;317;369;166;575;354;387
ENSG00000150593;774;576;518;583;522;539;468;337;667;410;778;264;611;643;276;954;636;689
ENSG00000214413;123;120;77;72;99;86;101;67;159;95;151;44;116;130;52;178;101;105
ENSG00000108061;916;912;663;718;873;661;739;481;1029;636;1011;354;857;953;397;1461;876;1119
ENSG00000119927;25;26;36;26;20;29;22;15;20;17;16;8;23;33;14;40;33;21
ENSG00000197142;486;380;314;355;429;335;497;352;886;437;753;233;303;515;175;620;343;416
ENSG00000023041;527;454;345;429;399;390;394;290;587;317;539;191;470;602;232;890;519;628
ENSG00000151532;563;426;356;385;527;383;509;351;895;431;581;242;580;636;262;827;510;599
ENSG00000148737;1323;1154;850;880;1154;1066;1186;882;2508;1179;1813;735;474;778;291;834;593;767
ENSG00000165806;137;134;72;90;123;141;140;81;235;114;178;84;84;98;48;146;106;107
ENSG00000198924;19;13;25;12;16;15;17;8;18;10;19;10;23;26;13;16;17;28
ENSG00000196865;309;327;212;251;278;236;262;177;422;216;381;120;278;349;154;445;344;357
ENSG00000165813;219;174;152;158;170;183;156;86;263;162;248;73;219;230;121;309;248;251
ENSG00000099204;262;180;205;254;217;262;129;97;213;105;185;66;191;137;76;193;196;177
ENSG00000151553;181;169;127;140;168;129;139;85;227;148;202;62;156;175;101;256;203;170
ENSG00000165832;6;12;5;10;12;10;13;5;8;5;10;7;13;18;8;24;20;18
ENSG00000187164;517;535;363;382;496;411;567;400;780;476;749;277;739;846;331;1121;737;753
ENSG00000165650;248;184;150;186;202;166;193;107;271;146;230;98;228;261;104;422;258;300
ENSG00000107560;250;202;154;177;199;194;187;134;252;147;243;92;221;269;100;300;291;263
ENSG00000165669;464;436;350;353;365;339;454;300;626;332;549;180;480;581;232;751;481;565
ENSG00000151893;928;921;675;752;793;661;1012;632;1434;838;1400;471;907;1176;499;1696;1033;1197
ENSG00000107581;1206;1127;845;997;1165;1018;1259;916;2022;1191;1882;657;1489;1816;698;2336;1563;1631
ENSG00000119979;148;106;85;117;114;111;83;68;155;81;126;48;125;118;55;183;130;112
ENSG00000183605;28;35;15;28;28;32;26;17;25;19;26;13;25;25;17;50;26;27
ENSG00000165672;125;161;106;149;182;124;159;101;222;145;230;63;197;241;79;283;192;178
ENSG00000198873;76;55;50;56;66;72;37;27;68;43;43;17;33;46;30;93;47;62
ENSG00000148908;119;104;78;86;134;83;117;71;212;113;171;69;197;208;75;280;147;175
ENSG00000151923;796;679;566;520;673;634;588;389;922;558;899;305;669;764;345;1036;733;728
ENSG00000151929;85;59;51;39;53;41;60;56;138;86;95;28;102;102;45;137;64;96
ENSG00000198825;133;116;84;98;97;106;97;61;140;88;147;52;194;183;85;265;187;217
ENSG00000197771;284;248;221;199;292;256;218;134;326;228;325;98;297;329;159;473;232;315
ENSG00000107651;376;370;289;257;372;306;351;221;510;329;469;192;348;456;173;691;365;403
ENSG00000120008;664;507;442;450;531;460;609;386;817;525;798;328;711;859;298;1126;722;797
ENSG00000107669;197;167;119;92;128;134;127;89;189;95;151;71;164;211;84;253;181;200
ENSG00000107672;45;67;63;28;52;53;52;30;54;37;58;18;62;43;42;92;65;61
ENSG00000107679;258;237;180;158;179;178;177;136;245;167;257;112;192;237;76;323;198;252
ENSG00000166033;366;425;256;327;467;294;458;358;948;616;835;272;620;772;255;851;491;561
ENSG00000213185;12;20;10;15;17;13;16;19;27;18;31;8;34;34;12;44;19;33
ENSG00000119965;37;65;43;43;52;52;54;38;65;41;47;12;43;62;25;74;64;69
ENSG00000095574;223;196;134;136;190;155;202;110;226;163;208;76;214;255;113;397;264;238
ENSG00000196177;82;57;49;57;83;64;59;34;69;47;66;26;66;73;19;93;71;74
ENSG00000154473;488;416;366;400;459;387;419;263;628;345;546;221;461;559;256;722;487;552
ENSG00000182022;2253;1855;1489;1716;1918;1676;2428;1939;4474;2516;3742;1400;1668;2402;884;2601;1549;1856
ENSG00000065154;73;63;54;60;64;65;58;37;87;58;103;30;67;106;43;112;78;111
ENSG00000107902;84;32;41;43;80;54;68;57;111;62;79;39;55;77;45;93;70;49
ENSG00000189319;359;276;268;216;310;291;233;172;536;257;281;191;308;343;147;367;320;250
ENSG00000203791;156;137;116;120;112;88;106;70;167;92;174;51;138;143;48;242;164;179
ENSG00000165660;139;107;80;116;139;129;138;84;171;127;204;60;158;179;82;253;181;159
ENSG00000019995;493;438;367;381;441;390;432;286;632;357;635;232;455;504;188;728;482;520
ENSG00000175029;746;657;438;478;531;508;680;501;1244;603;859;382;703;908;350;998;695;728
ENSG00000107938;339;352;274;272;333;293;290;201;483;247;385;148;338;439;176;529;400;423
ENSG00000188690;50;39;36;35;61;35;42;30;61;30;54;11;70;62;32;98;61;50
ENSG00000107949;110;89;73;88;116;108;86;59;139;84;163;35;125;140;58;192;122;144
ENSG00000089876;164;174;86;94;164;114;131;104;210;127;208;62;146;166;75;204;110;148
ENSG00000203780;16;22;24;26;24;19;22;24;25;11;24;15;26;18;5;23;18;19
ENSG00000148848;45;35;29;21;38;29;74;52;131;83;97;44;65;88;32;99;73;74
ENSG00000150760;215;178;117;152;203;145;206;146;328;158;228;117;180;228;85;281;152;167
ENSG00000132334;3988;3517;2578;2740;3462;2989;3612;3007;7268;3733;5661;2221;3565;4679;1889;5548;3576;3941
ENSG00000148773;19;12;9;15;11;17;10;9;9;9;18;5;11;12;9;20;10;25
ENSG00000170430;69;58;34;54;51;45;48;36;94;39;65;27;47;91;21;81;46;48
ENSG00000108010;318;268;224;187;270;257;277;189;422;232;376;133;314;378;159;485;329;342
ENSG00000175470;476;430;290;375;401;369;491;485;931;572;768;278;520;653;271;732;450;477
ENSG00000176171;979;874;584;745;796;774;969;841;1719;866;1565;591;831;1057;442;1117;618;779
ENSG00000151640;23;15;10;10;8;14;22;27;72;29;58;8;15;26;9;21;9;12
ENSG00000165752;127;64;77;75;82;85;93;70;211;119;134;63;151;178;81;163;101;108
ENSG00000148814;105;85;62;55;71;86;121;73;199;84;143;52;145;155;53;136;92;116
ENSG00000171813;62;53;43;44;52;42;48;60;129;58;85;29;99;77;44;102;57;65
ENSG00000068383;97;74;71;77;76;76;137;98;243;120;198;74;177;200;75;229;198;128
ENSG00000171798;13;6;18;15;13;15;10;6;17;7;11;10;6;10;5;13;10;17
ENSG00000151650;155;144;90;80;122;90;145;118;300;190;257;86;177;219;81;204;119;131
ENSG00000151651;2367;2228;1549;1617;2311;1674;3300;3434;10258;5455;6912;2325;2067;3279;1174;2729;1673;1675
ENSG00000130640;1104;875;670;793;901;776;1181;1031;2640;1266;1701;674;1215;1532;638;1410;930;1005
ENSG00000198546;86;53;53;57;46;61;66;57;136;52;80;41;76;85;56;100;70;69
ENSG00000148803;80;57;31;35;60;59;71;71;178;87;132;38;102;146;43;110;87;113
ENSG00000127884;79;66;50;52;89;72;79;58;176;92;152;53;106;130;54;139;75;90
ENSG00000148824;106;71;75;55;68;90;82;79;215;104;118;62;80;147;57;129;77;72
ENSG00000214279;30;24;16;22;24;17;13;6;45;15;17;12;16;27;12;21;20;14
ENSG00000177951;426;365;303;266;328;325;441;325;866;475;612;232;480;618;258;636;332;388
ENSG00000177963;324;290;262;254;343;220;315;276;808;422;603;247;421;499;183;470;283;342
ENSG00000142082;101;78;67;69;86;90;108;88;201;97;157;62;140;136;58;145;104;111
ENSG00000185627;248;235;175;198;257;172;269;163;424;251;368;127;255;355;155;427;213;308
ENSG00000142102;663;427;480;464;487;473;284;255;592;309;448;185;446;397;206;433;347;419
ENSG00000185201;137;55;80;97;107;99;29;25;37;24;51;12;39;44;20;63;74;66
ENSG00000185885;45;35;57;43;37;57;25;15;25;14;28;7;20;16;15;28;38;29
ENSG00000142089;84;58;52;64;69;65;25;22;21;21;23;6;39;29;17;68;51;42
ENSG00000185187;158;97;137;135;138;130;75;48;143;71;115;47;91;124;54;158;104;126
ENSG00000185101;45;54;57;49;70;55;34;43;60;33;42;17;52;45;21;43;53;34
ENSG00000174915;156;158;88;80;137;105;120;116;286;170;227;70;160;198;83;191;120;107
ENSG00000023191;421;322;278;262;367;311;416;398;1107;540;677;258;571;737;262;622;427;469
ENSG00000174775;43;34;20;24;34;28;28;28;65;41;42;18;34;54;15;35;21;29
ENSG00000161328;14;19;17;13;17;15;12;11;22;18;26;17;15;23;9;24;16;6
ENSG00000185522;39;27;22;29;37;35;47;34;119;50;72;21;36;50;21;53;30;29
ENSG00000099849;82;67;45;43;60;56;76;68;190;108;193;44;104;164;51;136;81;73
ENSG00000070047;1246;1023;750;835;1090;890;1177;1266;3188;1467;2027;884;1415;1709;693;1463;1053;1104
ENSG00000185507;249;208;152;117;214;196;200;233;595;302;406;179;255;396;154;324;179;231
ENSG00000069696;14;17;9;14;10;10;13;16;48;23;20;7;10;17;5;19;10;7
ENSG00000177030;192;148;88;112;125;145;176;115;389;188;242;111;193;251;94;205;125;156
ENSG00000177042;131;105;68;88;132;108;125;80;222;104;140;52;138;164;61;166;115;123
ENSG00000177156;216;213;151;210;286;224;322;231;626;378;509;159;406;524;175;509;244;300
ENSG00000177225;401;310;268;226;292;260;339;269;777;411;528;198;361;471;217;505;282;378
ENSG00000177542;81;59;48;45;75;50;52;50;127;78;74;34;65;81;24;55;49;49
ENSG00000177595;111;79;56;51;80;90;69;89;209;119;120;48;120;140;35;116;76;66
ENSG00000177600;296;227;206;260;253;295;216;177;348;302;314;139;269;311;126;332;199;208
ENSG00000177666;978;836;558;535;785;678;699;765;2147;1039;1325;491;924;1340;483;981;690;720
ENSG00000177697;421;328;218;275;430;292;387;439;1298;652;753;391;441;751;260;566;288;368
ENSG00000177700;32;29;24;16;26;31;20;17;50;32;32;17;41;30;20;32;16;21
ENSG00000214063;44;51;27;38;73;49;49;61;145;71;90;33;40;61;19;52;42;34
ENSG00000177830;148;115;88;94;110;79;128;131;324;154;214;59;141;167;85;162;93;116
ENSG00000183020;662;531;469;428;525;536;644;571;1504;693;901;410;868;1029;385;1040;701;646
ENSG00000078902;355;273;204;234;279;231;356;264;845;327;525;221;377;461;163;457;334;302
ENSG00000182208;202;133;92;103;152;149;163;147;482;196;276;117;186;259;98;240;143;149
ENSG00000184545;35;38;32;35;24;37;32;42;94;51;75;18;34;63;23;52;46;38
ENSG00000244242;35;27;21;20;24;21;32;30;73;48;45;21;32;55;24;45;20;44
ENSG00000117984;1583;1557;890;998;1649;1137;1635;1326;4194;2572;2883;942;1951;2373;931;2207;1134;1382
ENSG00000130592;2156;1613;1269;1257;1583;1472;2240;1869;5461;2780;3871;1390;3225;4213;1504;3799;2393;2456
ENSG00000130595;24;27;19;19;14;22;35;34;88;34;49;21;60;56;22;41;31;46
ENSG00000214026;15;7;16;9;10;15;11;13;23;16;20;7;15;25;6;19;12;19
ENSG00000183734;52;60;30;31;44;48;48;49;124;66;102;48;42;70;32;76;40;53
ENSG00000110665;259;203;192;170;216;281;114;104;216;108;190;52;203;210;86;229;195;179
ENSG00000064201;133;74;124;103;92;127;40;28;74;37;66;17;74;85;40;122;82;94
ENSG00000110651;519;551;383;492;546;434;796;727;2178;1218;1577;536;683;1089;370;1009;542;580
ENSG00000184281;87;59;36;29;71;39;73;67;192;88;116;48;98;95;38;120;66;80
ENSG00000053918;106;59;101;78;80;90;49;37;89;48;52;16;89;84;31;122;104;83
ENSG00000129757;38;41;25;36;49;47;20;16;38;16;23;11;20;40;11;50;35;37
ENSG00000110628;54;45;39;28;60;43;35;26;67;47;52;18;26;40;21;43;28;34
ENSG00000205531;602;548;397;413;484;459;494;357;760;380;656;241;525;671;274;790;580;545
ENSG00000110619;330;256;227;214;263;257;394;268;681;332;540;204;437;499;173;558;321;363
ENSG00000021762;146;117;134;103;129;124;77;59;197;76;101;51;147;159;58;142;119;114
ENSG00000005801;127;84;64;66;83;92;95;44;137;90;136;45;101;109;62;138;113;133
ENSG00000129749;45;46;43;37;35;38;69;59;154;56;81;45;49;74;35;87;55;46
ENSG00000110713;1843;1674;1159;1274;1500;1297;1911;1277;3351;1717;2543;1010;1712;2201;926;2735;1791;2012
ENSG00000148985;40;26;18;40;25;24;29;23;78;37;39;17;44;39;25;44;27;34
ENSG00000177105;345;307;247;216;342;271;283;236;754;452;517;196;389;552;203;469;327;298
ENSG00000167323;615;440;332;397;436;391;391;319;822;433;600;227;640;702;263;760;497;521
ENSG00000167325;93;90;78;77;94;74;84;41;125;69;113;48;97;132;45;172;91;103
ENSG00000132109;128;108;79;89;115;155;164;94;238;135;206;65;137;216;82;196;131;139
ENSG00000167333;43;40;21;44;38;42;24;24;54;31;55;23;35;50;17;59;41;32
ENSG00000132256;121;92;56;99;96;97;102;64;126;98;128;43;93;90;46;125;94;84
ENSG00000132274;292;235;277;314;274;342;182;112;227;164;259;81;198;192;98;305;239;221
ENSG00000051009;667;614;478;429;561;501;731;508;1424;727;1014;351;771;991;374;976;559;722
ENSG00000166311;66;63;59;60;68;73;74;52;187;87;109;40;106;148;43;133;69;86
ENSG00000166313;93;43;70;28;46;80;45;35;65;39;55;23;40;56;29;72;44;53
ENSG00000110171;89;75;56;65;48;58;99;73;179;114;119;53;103;118;72;107;75;57
ENSG00000132254;162;129;97;97;137;115;180;140;344;180;259;97;229;248;119;279;176;218
ENSG00000132286;187;144;121;148;183;187;179;119;205;146;215;76;186;205;106;272;200;266
ENSG00000179532;683;467;420;414;467;482;591;515;1160;570;849;363;763;754;361;783;596;671
ENSG00000132275;314;219;165;179;234;237;241;176;392;233;300;119;270;365;160;399;242;287
ENSG00000166333;468;427;326;346;467;339;556;431;1069;635;864;291;629;833;271;782;449;544
ENSG00000166337;79;57;44;66;51;76;79;48;138;76;89;31;94;120;43;125;87;98
ENSG00000166340;1862;1935;1244;1486;1917;1480;2067;1566;4304;2634;3413;1083;2522;3519;1305;3525;1919;2270
ENSG00000166341;358;322;190;235;322;211;218;184;617;306;414;161;206;332;101;278;188;204
ENSG00000158042;17;7;11;25;12;19;21;9;31;21;27;17;17;22;17;29;19;22
ENSG00000166387;114;84;70;81;66;82;113;64;171;68;126;37;161;160;77;195;132;131
ENSG00000175390;318;218;159;254;274;205;250;164;438;256;378;102;296;332;142;406;272;339
ENSG00000166436;583;426;330;349;410;317;438;367;764;381;569;245;521;609;281;679;432;486
ENSG00000166441;451;332;325;333;353;360;336;239;464;357;431;173;423;526;207;624;438;423
ENSG00000166452;16;24;10;15;17;19;17;10;36;22;30;9;25;35;11;37;23;32
ENSG00000175348;120;118;62;77;120;84;103;53;152;86;120;46;139;180;59;235;153;148
ENSG00000175352;442;453;333;329;446;282;615;357;1072;679;992;322;629;921;387;1250;605;685
ENSG00000175356;15;4;6;11;21;10;21;14;45;30;30;17;10;12;8;17;13;17
ENSG00000184014;4726;4335;3196;3855;4262;3435;5750;4366;10560;5644;8647;3282;3926;5362;2288;5767;3560;4091
ENSG00000166471;186;174;119;137;154;144;149;124;236;152;261;79;140;165;61;243;153;188
ENSG00000205339;280;293;220;265;297;248;320;183;451;267;440;144;414;475;171;758;432;423
ENSG00000166478;371;348;249;274;405;300;389;267;628;335;514;193;467;528;205;639;467;433
ENSG00000166483;22;19;11;10;12;15;7;5;8;10;11;5;7;12;7;18;6;14
ENSG00000133789;574;586;433;446;553;476;586;445;964;532;821;309;854;1027;414;1419;774;948
ENSG00000133812;2074;1788;1323;1522;1689;1602;1733;1255;2515;1387;2287;917;1759;2036;946;2843;1895;2040
ENSG00000148926;756;681;518;564;716;604;860;823;2026;1146;1762;682;538;764;299;693;320;493
ENSG00000133805;3816;3140;2362;2648;3130;2733;4381;3479;8295;3991;5786;2364;2112;3120;1228;3369;2165;2550
ENSG00000110315;81;67;66;78;103;56;53;35;61;40;54;29;78;93;23;125;77;66
ENSG00000198730;236;229;151;156;192;193;175;128;295;175;281;94;246;298;123;383;237;283
ENSG00000110321;4945;4701;3310;3797;4559;3803;4332;2944;6713;4120;6690;2211;4671;6374;2494;7688;4524;5512
ENSG00000236287;627;564;406;486;539;479;463;295;638;395;670;236;584;709;270;997;616;726
ENSG00000170242;795;815;640;635;765;654;714;508;958;608;985;365;678;851;343;1210;771;844
ENSG00000133816;458;387;323;350;411;399;322;261;693;327;481;205;363;382;163;490;281;317
ENSG00000133794;405;359;246;275;332;270;350;234;577;287;406;190;398;527;219;654;406;511
ENSG00000148925;151;99;90;86;100;91;119;80;151;76;146;51;127;148;51;199;155;162
ENSG00000197601;578;502;394;393;510;395;400;255;463;313;612;194;580;656;288;1139;790;757
ENSG00000133818;29;19;17;18;22;20;6;10;17;10;20;7;18;7;11;17;16;7
ENSG00000129083;540;482;370;391;503;398;531;317;661;375;749;226;549;625;263;948;523;612
ENSG00000129084;90;66;60;49;78;83;65;56;109;63;89;28;63;82;38;130;80;98
ENSG00000152270;324;245;238;216;243;242;175;122;351;187;233;105;310;285;121;393;272;283
ENSG00000186104;66;56;22;47;70;36;64;37;74;42;73;27;64;87;25;112;45;54
ENSG00000110696;421;368;243;279;370;313;365;215;516;334;531;192;379;460;176;699;378;488
ENSG00000110700;285;166;209;224;223;248;174;149;264;252;291;98;281;293;109;392;216;258
ENSG00000011405;519;435;346;323;428;370;385;251;543;320;535;179;478;536;241;788;532;605
ENSG00000070081;28;36;19;38;48;34;40;25;60;43;48;26;50;43;15;73;42;50
ENSG00000188211;76;45;32;41;60;54;208;129;327;197;228;90;157;168;77;205;141;171
ENSG00000187486;17;11;26;9;10;14;71;45;133;65;109;35;100;138;47;136;55;81
ENSG00000129158;71;72;38;60;79;55;67;45;117;58;93;40;64;96;36;140;58;62
ENSG00000166788;50;22;24;26;32;23;25;22;39;21;34;12;34;31;5;41;23;31
ENSG00000110756;433;412;304;296;412;287;349;212;575;359;508;204;416;551;229;782;467;518
ENSG00000110768;262;184;167;194;203;177;190;102;268;152;235;107;200;240;113;306;193;245
ENSG00000134333;2999;3917;2457;3405;4499;2834;4900;3133;7721;5414;8178;2818;5300;6999;2524;8408;4433;4757
ENSG00000074319;118;134;88;96;89;94;150;98;243;137;183;69;134;179;60;231;166;183
ENSG00000151116;171;159;120;131;131;119;137;87;190;113;189;71;138;183;64;215;160;164
ENSG00000179119;236;235;171;194;252;187;243;137;391;214;349;125;299;335;150;466;282;333
ENSG00000151117;58;45;34;43;48;47;51;43;86;56;67;42;98;99;34;120;73;74
ENSG00000177054;81;96;67;55;68;70;59;62;88;41;96;27;90;91;45;153;82;94
ENSG00000166833;85;58;41;61;75;68;176;155;426;184;222;82;115;168;72;141;112;112
ENSG00000109854;140;115;85;106;139;98;121;83;231;143;260;88;98;139;57;208;89;119
ENSG00000185238;77;69;46;57;58;45;58;44;109;52;79;23;57;75;45;90;84;72
ENSG00000171714;14;10;13;4;13;7;9;13;12;9;9;5;31;21;6;40;39;13
ENSG00000183161;24;11;22;8;20;15;22;6;12;10;13;2;14;17;6;20;19;24
ENSG00000198168;18;18;20;21;24;18;17;9;16;12;17;14;40;16;11;30;35;22
ENSG00000148943;218;255;160;192;259;219;190;99;237;167;298;82;234;297;96;399;296;299
ENSG00000169519;114;103;84;102;98;90;91;43;117;54;100;36;104;91;52;145;113;129
ENSG00000152219;101;92;60;75;79;74;68;46;100;58;98;36;92;97;40;146;103;105
ENSG00000170946;52;31;29;34;31;43;30;19;41;31;42;19;47;53;16;73;57;57
ENSG00000109911;196;180;122;106;167;137;162;104;182;112;159;59;200;190;95;334;246;274
ENSG00000049449;27;26;17;40;27;33;21;11;42;32;34;6;16;21;6;44;35;20
ENSG00000149100;321;257;170;252;286;266;281;189;418;278;387;169;354;402;189;527;331;348
ENSG00000135378;14;12;13;9;8;15;8;3;12;7;18;2;10;14;14;21;12;16
ENSG00000060749;427;362;256;324;402;286;286;190;461;248;437;183;436;534;228;725;465;460
ENSG00000176148;244;189;175;169;190;161;280;170;426;232;351;126;321;416;152;453;345;339
ENSG00000176102;102;125;85;82;100;89;104;60;131;79;135;35;113;129;42;216;132;131
ENSG00000110422;1886;1835;1358;1549;1817;1533;1850;1265;2756;1726;2620;933;2384;2971;1172;3958;2320;2637
ENSG00000085063;620;710;507;697;768;577;782;503;1237;680;1182;398;658;1041;365;1101;647;774
ENSG00000110429;476;452;369;380;402;381;379;269;546;300;515;195;491;515;208;705;483;563
ENSG00000135363;73;56;69;68;73;65;38;47;73;58;63;33;97;103;56;149;77;87
ENSG00000135387;946;796;644;693;792;717;881;612;1405;834;1262;445;851;1153;451;1531;936;979
ENSG00000135372;567;387;350;373;385;326;441;381;858;428;606;212;480;614;260;708;452;507
ENSG00000166016;76;44;32;39;66;41;124;85;301;116;125;89;41;49;29;29;53;33
ENSG00000121691;239;222;174;165;181;184;141;71;226;114;184;70;174;180;93;259;152;199
ENSG00000135373;149;89;56;87;85;52;98;75;122;85;126;72;61;82;37;72;58;70
ENSG00000149089;42;43;32;34;46;29;31;21;49;32;55;20;53;59;18;58;52;46
ENSG00000110435;176;157;123;129;132;159;127;108;252;136;195;65;178;214;89;278;175;179
ENSG00000026508;19667;21252;13368;15973;21146;16011;23103;14914;40727;24261;34499;11451;21707;32228;12363;37483;22411;26616
ENSG00000110436;1065;935;579;946;957;672;872;635;1525;674;1348;634;561;1001;470;750;664;838
ENSG00000166326;844;712;607;641;701;627;750;517;1185;648;990;378;863;1019;431;1396;831;991
ENSG00000179241;148;129;70;99;178;87;58;39;122;65;83;40;93;69;39;110;65;70
ENSG00000110442;133;99;89;95;93;110;92;52;169;91;110;44;141;148;75;167;100;130
ENSG00000135362;116;76;102;104;99;106;57;40;106;36;79;29;91;80;35;83;91;100
ENSG00000175104;403;319;261;296;308;300;336;276;509;286;476;173;401;424;192;625;358;426
ENSG00000166181;425;403;326;312;441;404;374;239;565;379;592;178;464;593;228;783;467;540
ENSG00000052841;873;773;588;666;744;668;795;552;1152;631;1074;335;866;1013;417;1310;890;944
ENSG00000149084;46;51;35;39;54;45;57;36;76;32;75;16;58;70;31;101;67;56
ENSG00000166199;45;43;26;26;37;40;35;30;50;24;39;16;30;51;27;43;59;40
ENSG00000110455;297;279;196;173;269;208;333;254;580;319;449;184;428;444;184;445;293;327
ENSG00000151348;310;231;179;193;245;227;247;187;455;240;396;165;321;394;128;454;282;304
ENSG00000085117;1857;1723;1146;1262;1834;1315;2488;2185;7042;3553;4546;1778;1191;2319;820;1906;1055;1434
ENSG00000175274;145;80;89;90;103;91;104;85;264;138;205;71;123;151;53;178;115;100
ENSG00000019485;76;56;38;39;61;49;57;67;130;81;74;44;94;132;50;127;78;77
ENSG00000181830;78;46;53;29;63;61;44;28;123;75;89;29;69;75;25;89;49;54
ENSG00000121671;308;263;212;203;266;225;276;219;673;294;442;181;289;351;142;366;220;266
ENSG00000121653;25;7;12;7;12;12;9;16;38;19;32;15;13;18;5;15;5;9
ENSG00000234776;19;16;11;7;10;16;10;6;34;11;14;13;18;26;6;17;8;17
ENSG00000121680;277;241;176;178;200;209;235;272;697;341;415;189;296;363;158;340;250;234
ENSG00000135365;2382;2093;1572;1631;1816;1646;2152;1716;3811;2103;2955;1161;2625;3307;1426;3737;2345;2713
ENSG00000149091;1092;841;618;605;794;774;874;774;2307;1139;1286;554;1182;1584;665;1366;870;847
ENSG00000110497;558;399;300;353;377;391;496;344;932;437;632;232;515;592;249;634;432;442
ENSG00000180423;8;5;9;3;15;11;4;9;15;9;16;9;8;12;3;20;9;8
ENSG00000175224;436;392;280;351;375;364;405;324;842;388;600;275;463;606;255;675;428;470
ENSG00000175220;282;224;190;208;251;235;198;155;371;226;276;94;230;300;114;328;208;257
ENSG00000175213;54;56;39;65;43;50;45;50;144;106;115;34;75;96;39;82;66;68
ENSG00000175216;276;232;178;200;255;226;269;173;333;212;290;102;290;336;129;467;317;298
ENSG00000149179;47;45;20;21;18;41;35;22;75;35;48;20;44;44;16;43;39;32
ENSG00000149182;1031;819;576;702;776;633;1006;789;1905;986;1465;559;1281;1450;626;1492;1019;1103
ENSG00000134574;200;135;101;135;136;131;187;161;327;185;202;83;151;170;70;187;106;144
ENSG00000134575;281;236;174;179;272;213;313;233;651;392;431;161;240;394;134;345;209;228
ENSG00000025434;402;376;240;282;353;253;309;234;650;405;384;182;98;134;45;137;83;90
ENSG00000110514;1794;1533;1075;1122;1460;1201;1337;1087;3021;1425;2029;896;1505;1968;824;2060;1410;1396
ENSG00000134571;473;405;277;263;350;332;615;573;1391;604;876;351;484;800;265;665;457;461
ENSG00000066336;3632;3039;1972;2018;2682;2519;4224;4350;11305;5732;6973;2905;4470;6335;2276;5475;3186;3490
ENSG00000165915;281;224;143;171;211;158;264;219;673;350;346;151;296;392;160;337;218;263
ENSG00000165916;126;130;102;100;159;123;152;126;358;182;279;94;243;236;108;229;203;191
ENSG00000165917;41;29;26;22;31;39;40;58;114;48;82;33;89;77;40;67;57;40
ENSG00000149187;2666;2304;1712;1957;2132;1834;2547;1826;4120;2291;3327;1358;2910;3376;1391;3957;2631;2819
ENSG00000213619;92;93;61;74;67;90;84;77;167;87;121;53;116;126;47;169;109;100
ENSG00000110536;39;36;19;24;39;32;41;31;78;51;56;20;41;46;20;57;36;56
ENSG00000123444;107;76;61;43;87;65;98;43;148;89;145;52;98;110;44;131;70;101
ENSG00000109919;166;145;106;108;160;111;153;91;255;155;239;71;188;228;86;316;166;177
ENSG00000109920;961;817;700;801;923;738;885;632;1385;758;1228;434;963;1100;461;1534;961;1034
ENSG00000030066;481;397;371;308;430;313;406;256;561;349;516;213;466;559;248;744;512;574
ENSG00000149177;5188;5027;3743;4164;5368;4181;6560;4373;11147;6181;9362;3277;5128;7346;2799;8573;4693;5722
ENSG00000149115;275;212;149;151;209;162;295;246;683;373;553;210;327;448;185;392;238;247
ENSG00000149136;240;198;178;183;197;170;238;179;480;289;389;156;272;402;153;377;255;253
ENSG00000186652;35;29;8;29;25;36;36;35;76;35;60;28;38;53;25;69;31;50
ENSG00000134802;1642;1399;953;1052;1413;1061;2150;1533;3853;2242;2848;1026;1749;2486;991;2584;1393;1725
ENSG00000186907;31;32;11;19;29;24;33;39;145;77;90;21;31;76;17;46;30;23
ENSG00000149150;48;34;37;24;35;68;31;29;71;36;37;21;54;67;28;71;48;43
ENSG00000134809;30;14;16;11;19;15;26;25;44;31;40;15;40;40;23;35;19;22
ENSG00000156587;94;81;90;75;95;114;64;51;125;65;75;39;61;56;31;94;84;91
ENSG00000166793;93;96;68;75;103;95;130;101;243;136;203;65;159;213;92;241;154;159
ENSG00000172409;58;52;33;35;61;20;67;50;115;53;78;31;66;93;25;107;56;64
ENSG00000156599;578;582;364;460;544;444;709;463;1252;722;985;347;668;936;407;1073;675;730
ENSG00000156603;21;28;28;22;36;36;44;35;81;53;76;20;52;48;24;57;30;43
ENSG00000213593;225;179;153;134;170;155;228;133;357;176;259;104;283;302;116;373;250;270
ENSG00000211450;83;80;53;65;60;76;75;77;178;98;130;47;94;99;47;121;65;76
ENSG00000198561;1369;1117;857;883;1029;1042;1193;914;1810;965;1674;628;1026;1265;552;1670;1155;1210
ENSG00000198283;90;79;52;57;56;78;89;61;173;62;96;44;63;102;49;143;99;85
ENSG00000110031;1809;1526;936;1156;1294;1283;1801;1278;3077;1532;2522;943;1713;2205;922;2525;1687;1753
ENSG00000186660;451;447;352;402;429;369;521;321;691;435;678;203;509;622;235;880;601;577
ENSG00000242689;49;24;23;24;26;26;42;31;38;32;57;16;43;42;14;71;31;51
ENSG00000166801;546;499;418;389;482;408;443;289;531;393;581;197;425;491;195;637;450;526
ENSG00000110042;50;45;22;27;47;36;40;21;55;34;40;19;24;42;18;44;21;34
ENSG00000197629;1266;763;1062;923;1098;1337;473;318;517;457;615;185;1001;1049;481;2038;1188;1119
ENSG00000110048;397;363;275;292;382;282;430;277;684;414;606;218;473;615;247;753;430;490
ENSG00000166889;827;839;607;770;797;641;964;687;1598;941;1365;467;814;1066;400;1244;739;840
ENSG00000166900;251;192;138;136;220;195;276;161;358;220;369;130;406;411;161;558;324;379
ENSG00000166902;39;45;36;31;42;46;63;23;68;44;69;20;37;71;22;71;45;40
ENSG00000110077;177;79;138;151;121;156;42;21;28;21;55;11;40;38;41;90;108;105
ENSG00000110079;40;30;27;15;42;30;11;5;16;9;21;10;33;40;15;53;41;37
ENSG00000166927;6187;5350;3484;4184;5218;4505;2255;1572;3435;1938;3185;1274;1680;2477;1180;3188;2209;2506
ENSG00000166928;2477;1938;1364;1623;1943;1612;1133;846;1730;1006;1483;685;878;1162;554;1508;1010;1108
ENSG00000156738;83;38;60;39;75;65;13;20;22;22;29;5;43;29;23;49;48;57
ENSG00000110104;17;13;17;21;20;8;7;11;37;25;15;4;16;19;11;13;17;10
ENSG00000110107;200;158;135;116;141;164;163;102;270;163;160;83;192;249;106;234;186;156
ENSG00000110108;137;119;114;106;178;116;118;96;270;176;199;81;164;178;66;165;106;137
ENSG00000006118;163;210;90;90;154;158;263;274;771;383;481;267;21;63;22;42;31;47
ENSG00000110446;770;665;471;486;556;444;777;704;2327;1218;1363;468;609;951;347;905;487;555
ENSG00000013725;262;146;161;159;154;158;91;82;153;101;112;47;119;122;63;162;117;114
ENSG00000110448;103;56;87;97;74;83;48;41;78;53;52;16;71;66;28;91;66;69
ENSG00000167987;1013;882;668;636;928;739;1382;1156;3236;1625;2063;770;1073;1648;612;1623;1047;1095
ENSG00000167986;962;884;588;712;924;716;1076;703;1927;1052;1468;569;1146;1524;563;1523;906;1053
ENSG00000149476;133;99;72;89;112;78;114;84;217;118;163;57;101;130;64;111;94;88
ENSG00000162144;802;828;507;507;737;484;1135;880;2132;1321;1444;633;876;1405;454;1214;740;764
ENSG00000149483;713;730;379;457;597;489;730;529;1123;714;861;374;657;904;347;1038;629;789
ENSG00000187049;16;25;10;20;21;14;15;12;28;17;17;11;23;21;13;25;9;11
ENSG00000149532;741;681;403;478;580;494;601;467;1139;656;899;337;741;940;404;1073;651;728
ENSG00000167985;75;65;55;53;62;47;71;39;134;44;83;52;79;103;45;106;58;80
ENSG00000162148;61;49;62;56;62;43;75;56;170;66;82;51;116;102;43;96;55;55
ENSG00000134780;260;270;123;131;205;162;321;345;909;424;527;235;433;614;221;590;369;412
ENSG00000134825;96;107;61;86;97;81;145;90;259;152;195;61;125;179;57;185;148;90
ENSG00000168496;18;25;20;15;27;16;30;23;54;22;39;17;26;30;7;26;29;26
ENSG00000134824;100;77;44;70;96;51;101;63;242;137;173;56;174;152;64;136;71;89
ENSG00000149485;252;209;131;156;180;182;271;175;380;254;409;117;491;364;197;389;272;271
ENSG00000221968;207;149;113;139;168;130;227;196;650;238;414;158;222;326;137;260;162;166
ENSG00000167995;601;468;305;359;508;414;677;586;1320;751;1004;365;643;961;394;845;525;633
ENSG00000167996;14234;15457;8726;10591;16305;11161;20651;14996;43527;28682;34398;11187;16780;27919;9943;30142;14056;17200
ENSG00000149503;156;170;126;109;144;126;193;142;335;180;296;96;182;228;87;233;136;174
ENSG00000124942;16566;15002;12914;14803;16402;14760;20570;14142;34960;19606;30950;10375;24218;31237;11705;35002;19587;23478
ENSG00000149016;42;43;18;31;24;37;43;38;71;41;62;23;43;62;24;30;44;37
ENSG00000149480;517;497;404;345;491;491;514;445;918;484;706;271;589;748;323;812;493;554
ENSG00000149499;1469;1262;919;1083;1262;1029;1493;1364;3351;1638;2307;931;1628;1879;791;1753;1152;1270
ENSG00000149541;193;160;112;116;124;131;159;183;445;214;289;118;174;258;97;201;126;145
ENSG00000089597;1512;1479;1184;1244;1535;1330;1924;1429;3706;2200;3038;1090;1924;2788;1041;2745;1561;1855
ENSG00000185085;99;110;101;80;101;75;109;99;243;165;214;78;149;212;70;163;102;114
ENSG00000162194;116;88;65;74;74;82;82;68;183;57;103;45;67;125;47;132;70;97
ENSG00000214756;45;22;13;10;21;10;20;19;21;14;15;21;22;47;12;31;27;31
ENSG00000204922;16;11;6;10;10;14;14;6;33;20;14;9;19;19;7;14;14;20
ENSG00000162191;283;228;129;163;237;208;286;285;652;361;568;185;349;449;174;448;283;289
ENSG00000168000;106;65;48;42;52;59;80;64;182;93;97;49;72;121;39;121;71;78
ENSG00000214753;412;399;286;336;380;277;394;242;619;347;567;199;364;513;217;567;377;416
ENSG00000162222;126;91;79;89;97;121;106;105;183;122;154;60;114;155;66;155;106;119
ENSG00000185670;39;52;26;27;52;63;35;31;83;46;53;29;67;79;36;72;42;59
ENSG00000168002;202;136;119;132;143;94;166;119;317;203;316;108;209;281;93;306;155;182
ENSG00000162227;116;115;79;94;99;92;118;126;316;128;188;76;128;177;73;151;100;122
ENSG00000168569;17;5;12;13;8;9;9;13;13;16;6;5;9;16;2;23;11;13
ENSG00000185475;98;82;51;77;84;97;54;71;166;118;144;38;95;124;45;135;104;97
ENSG00000162231;4009;3207;2148;2555;2975;2435;3791;3042;6971;3851;5249;2206;4386;5486;2172;5220;3170;3799
ENSG00000162236;424;323;261;297;343;275;435;325;807;441;667;219;453;671;287;666;434;469
ENSG00000133316;483;283;247;220;230;258;454;298;507;327;449;279;590;911;287;826;444;637
ENSG00000168003;884;891;601;685;1078;736;1393;1161;2938;1765;2235;843;1002;1364;539;1397;737;929
ENSG00000133321;47;17;36;31;32;43;16;10;19;16;27;3;24;27;16;33;34;36
ENSG00000184743;345;379;264;330;384;350;342;194;453;291;503;159;423;482;183;684;395;461
ENSG00000133318;876;906;690;752;934;712;839;509;1295;861;1306;421;1082;1315;527;1570;967;1099
ENSG00000188070;71;64;49;55;74;70;43;40;130;61;99;38;55;82;22;94;43;75
ENSG00000168005;42;27;16;22;20;32;32;30;77;33;47;19;25;24;13;21;19;21
ENSG00000072518;1086;833;598;650;787;689;984;771;2237;1093;1357;521;918;1299;532;1349;871;836
ENSG00000110583;187;143;110;119;134;130;137;96;245;117;192;83;138;161;85;170;152;143
ENSG00000176340;137;118;85;93;149;137;139;87;354;156;222;63;173;222;84;188;116;134
ENSG00000167770;376;307;215;192;283;231;284;245;719;408;481;172;332;466;173;467;276;300
ENSG00000168439;268;219;171;185;214;183;257;186;454;284;344;153;311;417;139;407;230;294
ENSG00000149781;1068;892;699;698;854;874;1122;1025;3088;1627;1978;708;1216;1824;648;1701;961;1145
ENSG00000149743;87;53;35;34;49;24;72;57;144;81;92;38;93;96;23;82;65;50
ENSG00000149761;88;83;59;63;92;69;91;112;223;120;152;51;122;151;52;134;78;94
ENSG00000110011;71;78;79;70;66;67;96;77;228;129;161;61;93;134;52;147;62;102
ENSG00000173511;281;231;167;142;210;176;305;237;682;421;521;188;331;460;168;390;198;221
ENSG00000173457;175;174;109;158;206;141;260;268;654;459;584;179;336;449;173;405;231;277
ENSG00000149782;615;538;413;389;545;413;759;655;1910;869;1177;417;851;1106;420;1005;654;745
ENSG00000002330;39;28;13;29;30;27;30;17;97;51;67;20;38;56;17;53;25;38
ENSG00000173264;157;125;80;98;126;112;146;144;401;231;266;121;154;194;73;186;107;100
ENSG00000173153;285;185;132;141;225;196;218;203;533;247;352;149;272;357;140;312;228;233
ENSG00000173113;104;105;69;101;145;98;136;128;252;156;240;74;163;220;80;217;127;103
ENSG00000126432;61;46;47;53;75;66;96;89;177;138;173;51;116;142;51;115;66;69
ENSG00000168071;236;123;167;157;200;259;172;160;343;163;295;101;419;517;207;492;364;328
ENSG00000162302;154;113;128;98;124;152;100;68;205;116;136;57;108;117;59;152;77;92
ENSG00000110076;26;9;17;4;14;20;46;46;118;51;56;25;45;40;20;34;33;37
ENSG00000068831;498;282;346;365;329;405;174;141;302;135;232;78;254;256;96;321;276;241
ENSG00000068976;66;67;40;45;67;53;70;78;151;75;112;66;105;138;45;138;91;91
ENSG00000168066;1963;1632;1207;1395;1567;1442;1742;1384;3472;1820;2545;976;2027;2572;1080;2783;1879;2019
ENSG00000168067;246;143;158;130;163;162;145;128;262;181;206;69;133;167;65;170;143;163
ENSG00000133895;131;103;73;102;129;113;84;82;263;140;166;60;121;143;62;151;83;102
ENSG00000171219;39;23;21;27;22;25;32;44;101;46;53;27;32;49;18;32;27;43
ENSG00000110047;2273;2067;1347;1441;1986;1554;2647;2381;7471;3852;4589;1783;1708;3277;1099;2846;1668;1961
ENSG00000110046;760;578;442;430;612;530;620;566;1712;857;1118;496;463;745;293;613;468;470
ENSG00000068971;157;135;112;108;154;136;193;179;457;247;387;120;142;150;65;178;87;97
ENSG00000213465;13;8;6;7;34;24;12;8;21;14;25;5;13;22;14;18;12;12
ENSG00000168061;9;4;13;5;7;11;7;8;27;8;16;3;12;21;2;23;13;14
ENSG00000168060;9;14;12;13;10;7;8;13;31;18;16;8;29;11;10;32;10;4
ENSG00000162300;138;103;84;64;117;105;133;106;282;138;198;100;114;198;70;145;136;107
ENSG00000149823;210;137;107;126;187;145;129;172;423;196;226;107;185;255;111;251;163;149
ENSG00000149809;38;26;18;18;24;35;28;26;68;33;33;11;32;49;10;41;18;29
ENSG00000174276;13;23;13;4;12;9;9;7;38;15;20;7;16;22;12;28;21;11
ENSG00000149806;344;257;228;282;286;226;324;271;652;446;555;198;447;583;226;579;306;362
ENSG00000162298;362;362;231;234;303;282;434;415;924;569;684;214;465;651;287;600;347;378
ENSG00000149792;95;97;54;60;85;94;88;92;210;104;162;53;109;147;70;155;94;103
ENSG00000014216;531;421;281;352;442;389;380;360;1028;459;665;243;494;654;267;618;386;384
ENSG00000014138;26;18;13;18;27;13;15;17;24;19;31;8;18;21;14;31;28;23
ENSG00000149798;9;6;6;3;8;3;7;15;23;15;16;3;13;11;8;20;16;20
ENSG00000133884;345;333;252;306;277;275;339;267;736;353;512;198;430;532;232;519;334;355
ENSG00000162241;92;71;62;66;71;75;72;51;123;77;94;38;73;89;33;98;51;65
ENSG00000126391;434;371;287;267;360;360;408;382;1050;520;681;313;493;703;238;546;415;359
ENSG00000142186;311;268;200;213;296;221;296;273;714;412;511;183;328;447;190;411;255;268
ENSG00000168056;163;112;115;73;84;152;69;67;160;79;82;36;89;86;60;89;86;82
ENSG00000173465;34;15;21;12;25;13;22;13;30;16;34;15;31;31;10;37;29;28
ENSG00000176973;90;109;71;54;66;92;64;52;148;116;122;45;80;133;43;116;88;61
ENSG00000173442;3418;2755;2081;2092;2660;2234;3111;2964;7369;4077;5371;2012;3117;4528;1607;3942;2534;2991
ENSG00000173338;15;35;10;7;21;17;16;13;54;26;19;8;20;45;19;25;19;13
ENSG00000173327;959;762;597;629;772;692;899;1028;2639;1340;1690;646;1075;1545;567;1324;841;818
ENSG00000197136;773;604;425;419;582;498;669;618;1650;828;998;421;756;875;338;877;572;564
ENSG00000213445;655;542;497;427;523;528;514;456;1313;619;750;286;611;769;315;812;569;522
ENSG00000173039;772;618;469;448;606;517;863;758;1901;1068;1302;496;907;1269;450;1184;770;824
ENSG00000172977;303;273;174;213;255;213;375;284;789;392;463;186;340;429;189;515;294;375
ENSG00000172922;321;224;204;220;210;230;277;210;564;274;420;129;334;391;180;442;243;273
ENSG00000254470;1343;1126;705;876;1243;862;1093;951;2769;1479;1956;770;1185;1655;631;1578;985;1100
ENSG00000172757;886;773;671;610;822;829;804;649;1705;1072;1240;548;1153;1469;532;1516;915;1010
ENSG00000172732;359;276;205;193;239;218;251;276;701;373;476;189;382;439;172;481;279;243
ENSG00000172638;150;117;92;91;116;89;139;117;381;203;240;77;120;157;48;147;75;101
ENSG00000172543;186;89;142;162;138;193;34;40;51;43;63;28;75;48;41;132;94;91
ENSG00000172500;135;98;75;101;117;98;104;92;260;154;230;79;126;177;65;177;88;102
ENSG00000175602;17;8;12;13;16;18;6;5;8;7;6;3;8;6;9;13;9;9
ENSG00000175592;25;28;21;17;15;16;55;28;88;54;53;23;49;83;23;65;51;48
ENSG00000175573;118;92;76;91;105;92;93;86;285;174;202;66;145;187;80;191;89;102
ENSG00000175550;128;125;63;90;106;88;111;125;338;216;285;90;156;233;98;219;113;132
ENSG00000175467;339;231;234;193;253;219;342;341;859;441;610;239;369;525;182;481;310;305
ENSG00000175376;268;208;178;189;232;210;308;226;525;319;406;148;291;388;155;423;266;293
ENSG00000175334;108;98;60;77;80;76;124;95;286;187;207;81;206;247;98;284;117;148
ENSG00000175294;35;26;23;21;32;23;42;45;116;69;62;33;62;67;27;65;43;41
ENSG00000087365;833;696;535;521;742;620;778;662;1688;916;1368;496;877;1091;455;1102;717;796
ENSG00000175115;574;372;365;368;390;379;351;267;847;423;560;213;460;584;229;631;377;409
ENSG00000174996;78;57;58;78;73;71;96;68;175;98;110;55;95;90;39;103;70;64
ENSG00000174903;520;431;320;322;467;374;524;357;1258;629;840;252;587;777;324;787;473;447
ENSG00000174871;19;27;12;16;21;9;22;10;43;23;21;7;17;38;9;22;11;17
ENSG00000174851;55;45;56;32;49;49;68;52;147;74;103;42;92;98;32;133;64;49
ENSG00000174791;170;133;96;81;135;127;124;146;347;178;238;80;160;254;99;238;143;147
ENSG00000174744;146;78;113;93;121;111;137;114;353;144;193;81;169;221;93;209;146;171
ENSG00000174669;18;34;5;20;12;17;13;11;29;10;12;2;19;21;5;23;17;17
ENSG00000174547;27;19;16;12;22;15;29;19;52;36;47;12;47;42;21;71;26;39
ENSG00000174516;324;304;181;222;259;241;253;219;742;335;494;200;368;431;202;366;256;292
ENSG00000254986;149;143;124;121;169;111;160;123;348;166;238;83;161;225;93;178;135;139
ENSG00000174165;114;103;89;84;115;94;109;76;227;97;138;57;93;158;63;159;116;78
ENSG00000174080;25;22;13;13;31;32;12;12;24;9;28;9;40;31;18;27;21;22
ENSG00000173992;237;188;135;165;195;114;200;204;502;243;342;131;253;321;145;295;165;227
ENSG00000239306;1853;1515;1205;1133;1494;1248;1618;1384;3119;1543;2171;1012;1965;2286;976;2483;1672;1726
ENSG00000173933;773;647;506;503;620;482;640;517;1120;571;879;373;774;953;409;1142;767;826
ENSG00000173914;166;158;110;109;162;139;131;96;220;135;202;58;131;195;86;188;113;124
ENSG00000173715;52;39;36;27;34;34;36;22;57;40;58;18;44;61;18;96;70;52
ENSG00000173653;151;161;133;132;156;148;177;188;495;232;325;152;205;289;112;268;188;211
ENSG00000173599;434;395;295;249;423;240;361;312;935;357;601;262;561;864;318;644;452;508
ENSG00000173621;15;19;8;13;14;13;22;19;54;20;26;12;31;27;23;28;26;23
ENSG00000173120;3216;2667;2042;2088;2510;2246;2972;2320;5851;3049;4540;1671;3254;4210;1617;4593;2850;3042
ENSG00000173020;1814;1279;1096;1122;1441;1412;1215;1154;3179;1638;2032;803;1715;2254;873;2183;1435;1492
ENSG00000172932;649;516;384;380;483;436;417;406;1160;565;748;256;665;953;359;792;563;573
ENSG00000172830;183;131;108;87;115;105;102;124;314;156;195;93;164;218;97;187;115;144
ENSG00000172613;93;71;61;56;83;77;75;74;164;87;172;49;78;94;36;114;68;76
ENSG00000175482;183;154;76;72;91;91;126;105;382;191;257;85;133;163;73;168;132;110
ENSG00000175505;203;171;114;111;148;123;176;146;432;218;254;128;143;218;101;224;124;170
ENSG00000172531;313;288;248;247;327;248;288;231;643;407;476;179;403;530;188;500;259;314
ENSG00000175463;257;175;235;184;215;275;169;133;321;165;221;86;170;233;102;252;171;207
ENSG00000172508;46;13;35;23;30;29;8;7;12;9;16;4;12;9;10;33;14;18
ENSG00000175634;248;196;168;154;232;191;210;202;541;283;403;138;321;412;173;337;237;291
ENSG00000172725;248;210;142;140;196;162;188;220;571;330;373;156;357;448;155;376;218;230
ENSG00000172663;79;74;46;46;54;48;66;65;157;87;125;42;104;116;50;121;64;63
ENSG00000110711;140;123;105;113;162;143;155;157;428;223;327;106;224;234;96;242;128;134
ENSG00000110697;743;645;461;462;636;531;594;589;1703;893;1136;394;835;1203;462;913;635;662
ENSG00000167797;66;59;34;39;38;59;62;51;133;75;113;37;67;72;25;57;61;45
ENSG00000084207;214;151;126;144;166;146;182;144;407;232;253;118;206;249;93;282;170;189
ENSG00000167792;297;274;200;212;314;268;323;280;641;309;499;224;410;430;215;423;285;337
ENSG00000110057;551;449;317;286;432;400;403;365;1192;568;731;251;558;744;283;684;457;437
ENSG00000006534;524;447;277;413;458;383;469;426;1207;651;834;319;565;812;316;695;405;490
ENSG00000110717;37;25;29;23;27;27;22;38;68;56;43;17;37;53;9;57;32;46
ENSG00000110719;6496;5191;3537;3680;5457;4149;6354;5820;16882;8000;10014;4005;6615;9321;3863;7325;4793;5195
ENSG00000110721;136;96;88;105;89;101;107;88;212;91;132;65;176;203;77;244;145;125
ENSG00000110066;520;431;401;439;460;429;470;292;664;350;641;221;493;623;272;808;564;622
ENSG00000171067;38;32;24;14;39;38;36;30;62;34;57;13;39;46;13;51;27;34
ENSG00000162337;79;69;37;43;52;37;52;50;151;52;76;27;45;54;23;45;28;37
ENSG00000110075;1318;1221;958;1020;1197;1009;1146;854;1682;939;1526;576;1262;1500;611;2045;1338;1477
ENSG00000132749;23;32;25;12;18;22;22;15;33;30;41;18;27;41;12;41;40;25
ENSG00000110090;290;230;211;214;253;257;222;148;380;206;290;102;300;337;131;425;244;259
ENSG00000197345;49;41;13;27;42;31;39;26;88;35;62;19;52;68;19;66;41;43
ENSG00000132740;221;182;153;123;177;113;235;188;483;289;329;154;259;323;134;346;192;223
ENSG00000162341;799;560;450;453;617;524;675;540;1363;604;944;455;750;914;367;874;549;571
ENSG00000149716;195;199;144;142;191;161;208;161;363;182;275;118;193;287;115;270;173;203
ENSG00000168040;40;82;48;68;59;62;94;49;172;97;123;54;68;119;49;98;67;68
ENSG00000131626;783;692;554;521;698;577;817;642;1521;843;1199;484;979;1129;438;1382;874;959
ENSG00000085733;22;19;27;28;22;22;16;12;31;23;27;4;16;12;6;29;22;19
ENSG00000172893;22;13;15;21;22;17;27;22;53;28;31;17;45;18;9;37;21;23
ENSG00000172890;721;603;464;506;640;540;778;651;1560;803;1169;429;813;1011;479;1014;588;739
ENSG00000254469;77;58;48;57;59;60;42;34;80;35;46;20;47;65;22;98;50;61
ENSG00000137522;334;301;212;207;295;239;401;306;708;420;559;204;406;560;207;541;332;330
ENSG00000137496;1205;990;713;786;917;813;2092;1861;4196;2321;3071;1043;1728;2411;929;2370;1333;1498
ENSG00000137497;1713;1501;1134;1174;1411;1298;1646;1375;3683;2005;2658;1030;1904;2481;973;2381;1366;1735
ENSG00000149357;269;215;167;161;195;207;196;120;360;201;282;90;247;319;125;364;203;230
ENSG00000110200;46;39;26;35;31;32;53;23;79;47;70;17;52;65;36;77;55;47
ENSG00000165458;1355;1165;761;814;1033;955;1190;1007;2612;1297;1752;726;1453;1818;731;1638;1120;1155
ENSG00000162129;228;166;159;150;207;185;226;166;410;227;353;122;350;389;178;400;318;276
ENSG00000186642;536;478;373;358;456;327;748;736;1465;837;1151;337;717;785;354;840;528;526
ENSG00000186635;8553;6659;5117;5316;6708;5662;8046;7840;20367;9566;12672;5339;8044;10833;4414;9322;5961;6619
ENSG00000214530;90;87;66;73;62;48;114;117;315;176;228;82;83;132;43;114;69;69
ENSG00000168010;2419;1857;1426;1497;1889;1567;2055;1909;4508;2182;3351;1369;2485;3048;1234;2813;1740;1892
ENSG00000137478;363;254;242;234;330;306;362;283;701;355;509;210;628;710;291;959;591;658
ENSG00000175591;75;48;57;63;59;74;51;44;102;76;107;35;72;59;34;96;54;63
ENSG00000171631;393;300;244;225;256;225;224;188;568;348;382;203;200;331;111;381;206;258
ENSG00000110237;106;59;54;68;89;95;69;51;179;72;107;58;51;116;38;73;53;71
ENSG00000054967;2992;2441;1715;1751;2168;1929;2595;2524;6356;2888;4231;1976;3020;3902;1651;3643;2417;2730
ENSG00000054965;1043;1044;676;756;875;695;1127;821;2197;1282;1726;587;888;1203;487;1324;784;876
ENSG00000175582;626;647;455;558;702;529;552;350;942;564;837;285;556;697;274;954;621;674
ENSG00000181924;94;68;63;81;76;72;63;44;145;85;100;45;87;108;38;132;106;94
ENSG00000175575;80;82;77;80;65;73;87;56;186;65;126;35;96;129;49;150;88;91
ENSG00000175567;726;493;465;552;529;567;360;274;574;313;393;176;513;571;289;784;508;529
ENSG00000175564;34;23;23;16;33;23;34;22;75;18;42;13;45;42;20;54;27;31
ENSG00000168014;528;505;339;337;429;344;443;343;839;434;637;260;559;630;331;803;542;617
ENSG00000214517;181;159;138;162;147;148;189;163;378;194;300;118;153;247;94;259;182;210
ENSG00000149380;26;37;14;31;34;19;60;44;116;64;77;32;39;65;19;69;34;29
ENSG00000165434;115;94;101;118;104;110;113;54;150;55;126;52;125;134;61;191;125;125
ENSG00000175538;221;237;143;222;282;219;210;152;363;259;368;111;272;346;134;466;235;266
ENSG00000077514;343;303;263;275;290;281;316;203;435;258;466;148;382;480;175;582;382;469
ENSG00000166439;912;917;619;712;808;696;988;594;1270;799;1112;391;1012;1124;485;1669;993;1085
ENSG00000166435;395;375;241;190;290;271;423;263;612;317;396;180;351;473;209;508;320;370
ENSG00000118363;293;278;172;186;270;227;291;195;458;234;414;122;272;355;143;501;348;322
ENSG00000162139;335;337;237;260;267;257;464;321;663;420;582;206;610;714;315;896;526;601
ENSG00000137486;2385;2005;1584;1668;1890;1756;2552;2072;5544;2550;3611;1474;2899;3719;1525;3568;2215;2598
ENSG00000149273;903;735;685;789;969;874;880;626;1554;911;1328;504;1204;1376;569;1520;910;1023
ENSG00000158555;345;259;219;170;238;221;286;259;702;294;385;162;253;396;135;329;252;244
ENSG00000149257;55;35;24;18;44;23;37;30;87;52;72;27;42;52;17;36;47;34
ENSG00000062282;276;273;168;198;273;151;195;235;579;285;430;124;124;243;105;211;117;207
ENSG00000198382;385;305;268;328;342;326;420;280;631;302;533;209;358;415;173;542;374;410
ENSG00000137492;177;165;151;132;158;133;166;101;244;158;243;76;187;201;91;344;182;219
ENSG00000179240;17;18;16;11;8;13;6;7;17;12;8;7;11;12;10;21;19;28
ENSG00000158636;581;538;375;386;490;450;533;354;852;494;656;252;557;639;268;758;501;617
ENSG00000078124;263;282;153;176;265;200;270;147;304;192;298;99;230;307;114;408;292;311
ENSG00000137474;20;25;13;23;14;15;17;24;32;32;22;6;111;78;45;90;57;77
ENSG00000149269;337;289;223;272;329;293;274;180;381;278;366;106;493;561;241;718;400;474
ENSG00000074201;202;183;149;178;185;155;181;128;255;155;224;84;204;291;89;361;218;251
ENSG00000048649;767;666;503;546;640;579;669;454;1011;582;870;373;753;839;343;1108;784;836
ENSG00000087884;24;15;20;11;14;18;12;11;32;18;32;6;23;23;11;47;13;22
ENSG00000149262;443;410;302;307;357;346;366;234;586;310;515;184;418;516;220;598;399;479
ENSG00000151366;25;20;15;17;22;15;29;13;23;15;19;11;25;28;11;40;17;19
ENSG00000159063;123;75;78;68;54;55;75;53;103;62;95;28;110;151;47;191;131;149
ENSG00000188997;66;40;35;40;45;40;54;34;86;50;72;22;69;84;35;79;59;72
ENSG00000118369;129;95;66;52;81;65;94;81;197;91;124;62;168;152;61;163;76;124
ENSG00000033327;1653;1439;997;1138;1526;1202;1373;1383;3393;1840;2509;1020;1392;1726;712;1934;1207;1306
ENSG00000137513;64;33;28;36;43;32;47;19;59;32;50;26;48;71;39;63;49;56
ENSG00000137509;195;153;121;151;181;159;162;114;286;164;297;106;273;358;148;500;278;335
ENSG00000137502;70;42;42;36;39;46;31;18;38;21;30;21;40;40;27;81;44;58
ENSG00000165494;1217;1093;806;834;992;934;1181;818;1791;1072;1556;634;1311;1591;672;2022;1254;1362
ENSG00000137494;306;279;181;209;285;197;208;157;416;224;398;127;259;375;147;483;312;297
ENSG00000137500;95;77;73;77;88;67;73;54;100;77;115;41;94;100;45;175;83;105
ENSG00000150672;6;7;10;11;14;10;6;9;17;9;20;4;11;7;4;11;10;19
ENSG00000171204;41;39;25;19;29;38;30;19;53;28;50;17;39;48;27;76;43;52
ENSG00000171202;20;20;12;10;14;16;18;12;23;13;26;9;27;32;12;40;19;31
ENSG00000137504;974;855;622;697;805;811;706;534;1129;619;1044;423;886;881;435;1221;865;963
ENSG00000137501;94;71;77;68;53;84;49;31;62;35;38;25;68;54;28;81;70;62
ENSG00000073921;2951;2786;1876;2133;2486;2263;2361;1462;3013;1974;3193;1098;3047;3618;1542;5180;3580;3711
ENSG00000074266;242;242;171;153;200;197;226;117;241;148;267;99;246;274;121;377;292;326
ENSG00000149196;50;35;20;35;47;37;35;25;46;25;38;18;34;46;20;62;34;32
ENSG00000166575;172;163;118;116;128;140;107;70;121;78;139;50;110;89;50;161;108;145
ENSG00000109861;237;141;178;169;173;217;124;70;114;94;128;52;284;291;124;438;322;333
ENSG00000110172;393;370;273;307;352;337;295;199;382;226;384;166;369;432;192;671;420;498
ENSG00000180773;791;677;486;621;667;594;603;403;765;484;859;291;497;664;267;1073;716;773
ENSG00000166002;70;65;35;62;65;43;83;38;129;77;95;24;104;128;61;116;72;84
ENSG00000166004;170;154;128;116;144;142;169;73;191;100;197;79;190;219;86;322;217;236
ENSG00000166012;190;138;104;135;132;108;110;83;165;115;171;68;139;180;54;282;147;217
ENSG00000182919;78;76;80;60;82;62;66;39;111;67;94;34;101;97;36;174;88;98
ENSG00000042429;56;53;42;34;51;32;53;48;105;66;90;37;46;81;26;72;55;46
ENSG00000110218;233;243;164;218;222;217;276;156;433;255;383;147;110;153;61;179;95;107
ENSG00000020922;735;684;497;541;599;570;591;360;841;459;791;280;618;711;275;1046;645;800
ENSG00000168876;119;114;104;103;111;93;109;57;137;100;140;42;101;121;56;195;144;166
ENSG00000134627;53;56;43;46;44;45;72;53;103;57;82;46;75;67;38;104;58;74
ENSG00000196371;199;221;146;157;197;172;296;196;513;284;404;154;254;330;131;383;246;262
ENSG00000166025;17;12;7;9;17;11;17;5;33;19;26;7;19;20;2;17;10;19
ENSG00000150316;82;93;61;96;82;67;96;72;125;77;115;38;75;118;44;153;107;97
ENSG00000263465;55;27;71;36;47;54;30;21;29;22;36;18;57;49;22;53;56;55
ENSG00000149218;27;19;27;36;18;29;11;9;23;14;18;9;25;25;7;38;30;16
ENSG00000149212;451;289;265;343;355;333;252;157;364;206;332;117;369;344;175;457;394;374
ENSG00000077458;263;294;198;222;204;185;231;126;283;152;313;102;267;273;125;451;346;299
ENSG00000166037;221;244;186;203;219;183;176;107;249;172;274;100;189;266;101;339;237;271
ENSG00000087053;86;86;55;70;76;66;72;38;107;52;107;35;75;81;47;135;73;78
ENSG00000184384;567;531;398;466;447;425;783;454;1168;705;877;303;1008;1194;501;1602;910;1115
ENSG00000149231;636;546;396;448;532;496;518;336;703;394;667;269;507;596;257;866;642;712
ENSG00000183340;122;125;67;100;108;112;86;74;149;107;156;63;86;118;64;174;76;107
ENSG00000023445;660;456;407;451;553;490;1273;770;1636;1017;1679;724;854;970;375;1336;1057;984
ENSG00000110330;679;559;449;481;596;476;642;407;796;501;850;345;570;676;289;1048;637;754
ENSG00000152558;521;514;361;409;525;446;578;356;781;549;799;282;619;832;294;1122;706;763
ENSG00000137692;151;105;86;103;80;97;104;81;162;107;166;55;124;150;53;195;141;176
ENSG00000187240;129;107;125;121;115;111;103;57;116;71;115;35;144;156;76;264;181;153
ENSG00000196954;367;284;233;290;333;299;346;222;528;324;548;166;548;682;275;838;483;530
ENSG00000137757;12;8;13;12;10;11;19;3;13;16;9;5;34;36;19;57;35;32
ENSG00000137752;331;219;236;282;266;236;280;187;358;294;415;120;688;750;293;991;656;663
ENSG00000204397;88;93;76;86;89;72;101;85;132;87;151;37;262;310;136;385;228;283
ENSG00000170903;71;55;48;37;55;56;39;36;83;43;70;19;60;82;23;99;82;71
ENSG00000149313;65;61;47;65;83;79;68;27;85;68;90;34;65;87;36;116;74;79
ENSG00000152404;271;258;181;181;172;188;199;142;258;143;248;95;226;239;112;330;235;252
ENSG00000137760;28;20;38;26;32;28;27;23;33;19;25;14;43;46;20;51;35;47
ENSG00000110660;7;14;5;9;9;7;13;10;29;17;23;8;10;8;5;14;22;10
ENSG00000179331;14;21;14;16;18;16;43;24;47;38;48;12;33;56;22;66;33;41
ENSG00000166266;413;363;308;350;352;310;296;198;415;233;405;149;339;419;165;628;419;452
ENSG00000075239;20;13;25;15;15;28;11;10;37;21;19;10;29;24;12;40;31;40
ENSG00000149308;365;306;248;260;307;270;251;191;322;187;339;117;274;318;138;551;360;427
ENSG00000149311;2814;2261;1955;2004;2260;2115;1819;1153;2498;1438;2540;845;2690;2788;1308;4326;2868;2920
ENSG00000178105;130;55;50;70;85;78;85;63;88;56;77;32;115;126;51;191;108;118
ENSG00000137710;333;334;253;251;293;259;378;179;468;319;416;150;347;376;165;598;407;386
ENSG00000149289;59;49;22;38;44;36;125;56;96;72;130;32;66;112;39;143;73;100
ENSG00000137714;73;65;40;49;54;38;40;50;96;75;89;35;65;81;37;129;91;82
ENSG00000137727;29;41;23;15;19;22;42;25;81;41;46;24;12;29;12;30;24;20
ENSG00000110777;44;36;31;23;33;44;21;15;31;10;19;7;29;24;19;46;21;30
ENSG00000170145;651;582;373;467;597;497;587;388;1022;602;905;315;525;683;290;877;547;617
ENSG00000137713;446;338;247;324;337;309;297;214;463;250;454;152;336;431;161;580;336;368
ENSG00000086848;35;57;35;29;41;40;59;37;71;38;67;22;33;41;26;61;32;64
ENSG00000150764;404;412;271;340;431;357;363;314;847;369;611;262;95;203;48;250;144;197
ENSG00000150768;170;157;85;117;139;112;149;107;207;149;196;73;80;159;55;169;121;130
ENSG00000150776;137;160;112;142;171;150;171;78;260;149;219;92;175;222;92;358;195;213
ENSG00000150779;27;21;13;11;23;13;33;14;47;24;37;12;31;36;14;40;21;21
ENSG00000204370;95;106;82;87;129;91;94;63;144;81;147;43;99;145;45;137;111;91
ENSG00000197580;40;18;14;20;15;20;20;22;22;12;39;9;30;25;17;38;29;34
ENSG00000150787;102;94;74;69;95;90;88;52;150;71;133;46;112;103;50;190;157;127
ENSG00000149294;46;20;32;23;28;40;11;10;12;8;14;5;21;18;7;42;13;24
ENSG00000149292;118;105;70;84;90;78;95;50;153;68;121;40;102;120;60;122;93;89
ENSG00000166682;29;35;23;20;27;17;38;37;84;34;70;23;38;59;13;58;27;37
ENSG00000086827;126;101;85;99;116;96;119;66;139;101;125;37;108;142;70;197;129;150
ENSG00000048028;340;332;247;335;281;294;367;214;470;278;495;161;263;341;150;468;280;296
ENSG00000109906;133;102;108;111;122;169;52;45;77;57;67;19;87;70;28;96;81;83
ENSG00000180425;22;24;19;18;15;17;12;14;22;25;34;8;23;29;12;28;19;16
ENSG00000076053;150;173;132;117;186;160;167;85;220;154;173;84;149;174;75;212;183;198
ENSG00000076043;36;34;12;17;20;32;20;14;27;29;37;16;44;45;14;36;25;38
ENSG00000182985;7;7;7;6;8;8;6;3;7;4;7;4;28;18;7;26;19;16
ENSG00000137656;175;165;89;108;135;139;137;117;291;153;250;70;223;243;106;260;173;188
ENSG00000109917;362;328;237;242;241;282;380;285;667;346;482;155;416;554;238;595;359;455
ENSG00000160584;1993;1681;1240;1370;1592;1318;1680;1400;3329;1711;2667;1008;1512;2169;898;2398;1540;1778
ENSG00000168092;729;725;466;552;632;484;590;418;947;563;931;374;741;944;382;1271;787;881
ENSG00000149577;769;638;579;491;665;648;620;508;1306;636;910;313;796;984;428;1025;682;696
ENSG00000149591;140;90;109;85;129;102;96;96;181;85;142;57;132;164;76;193;120;102
ENSG00000160613;540;408;352;356;411;385;476;363;888;456;600;221;559;676;291;726;496;562
ENSG00000167257;193;201;134;139;168;159;146;123;307;196;260;81;175;235;85;268;193;188
ENSG00000186318;32;13;32;34;38;19;26;19;31;21;31;11;33;41;18;50;31;29
ENSG00000110274;327;269;221;198;240;216;284;247;576;291;411;144;360;451;175;444;289;320
ENSG00000177103;9;5;4;7;9;4;20;12;48;12;12;7;6;8;2;15;4;12
ENSG00000137747;19;15;7;32;16;9;32;25;46;22;36;24;26;32;6;23;25;17
ENSG00000110324;2358;1935;1568;1667;1896;1778;2505;1840;4581;2701;3569;1367;2466;3292;1281;3489;2023;2355
ENSG00000160593;453;287;332;341;345;375;339;238;404;260;412;143;1721;1740;750;2046;1295;1233
ENSG00000160588;60;50;48;50;66;35;48;35;56;41;61;27;111;123;47;167;99;98
ENSG00000198851;205;122;181;200;171;229;57;44;107;50;89;28;89;93;61;165;140;121
ENSG00000167286;91;46;96;88;86;89;42;19;32;25;47;24;48;36;16;72;51;37
ENSG00000160654;107;47;47;64;71;89;23;19;26;11;28;7;25;39;10;53;62;47
ENSG00000110344;1236;1128;777;948;1167;969;1040;756;1643;900;1504;523;1331;1713;702;2199;1339;1650
ENSG00000167283;59;64;48;51;66;50;57;45;85;70;72;30;86;87;35;124;87;105
ENSG00000118058;1668;1514;1151;1328;1504;1377;1540;1091;2578;1462;2230;807;1739;2058;916;2527;1721;1789
ENSG00000149582;22;10;21;15;16;22;12;12;30;14;17;12;17;23;6;24;27;4
ENSG00000118096;56;48;29;31;36;38;35;31;68;29;50;17;31;36;19;65;32;37
ENSG00000095139;403;469;321;366;471;376;545;366;885;545;762;248;542;718;247;920;489;542
ENSG00000019144;688;537;353;374;516;452;705;748;2125;895;1173;491;322;566;215;469;315;402
ENSG00000110367;1550;1485;1184;1178;1537;1315;1347;863;1803;1070;1962;662;1504;1933;740;2460;1505;1708
ENSG00000160683;52;29;44;19;18;39;24;16;96;41;53;22;14;25;3;31;22;19
ENSG00000186174;1612;1217;863;890;1083;1127;1275;1128;3432;1807;1989;834;1143;1637;630;1337;1027;995
ENSG00000186166;182;125;91;89;130;105;174;120;254;138;200;98;175;231;77;264;142;178
ENSG00000118181;213;203;163;190;235;198;225;135;339;226;295;94;235;282;120;398;239;260
ENSG00000196655;72;60;47;47;51;54;88;61;146;94;123;43;81;111;35;98;59;80
ENSG00000137700;71;36;30;27;41;50;68;39;109;33;82;30;60;64;28;50;48;59
ENSG00000149428;275;237;259;246;289;250;770;559;1260;845;1123;373;450;503;238;542;338;319
ENSG00000160695;443;318;190;259;302;220;373;284;729;378;566;195;431;547;226;550;371;429
ENSG00000256269;15;11;5;16;14;9;14;10;13;11;19;9;20;34;5;25;15;17
ENSG00000188486;76;54;25;16;59;37;45;53;109;56;63;47;77;91;36;69;40;63
ENSG00000172269;121;94;66;58;96;88;129;82;185;94;145;80;165;164;80;184;115;150
ENSG00000172375;120;89;85;61;109;80;77;87;152;86;136;44;154;193;71;158;134;139
ENSG00000172273;183;165;128;137;147;112;196;142;355;173;276;116;230;315;134;319;158;226
ENSG00000160703;91;64;35;48;91;44;67;44;154;78;84;41;79;121;42;103;75;74
ENSG00000248712;6;4;7;3;12;12;12;6;16;9;10;5;14;11;7;8;13;10
ENSG00000110395;2671;2709;1906;2085;2665;2191;2749;1834;4695;2730;4072;1478;3703;4480;1794;5622;3504;3705
ENSG00000173456;100;67;74;57;58;75;62;67;192;87;125;44;90;105;35;114;55;87
ENSG00000110400;87;67;64;49;76;43;63;56;199;129;140;53;71;113;40;124;63;69
ENSG00000184232;124;98;61;66;80;90;79;63;202;108;106;52;75;94;47;100;73;75
ENSG00000196914;226;196;116;159;220;160;184;120;297;159;268;88;191;238;87;263;154;200
ENSG00000154114;60;77;45;54;80;45;65;30;70;40;56;30;51;57;25;87;77;71
ENSG00000109929;120;105;82;104;109;95;96;59;165;88;179;57;151;150;60;207;126;137
ENSG00000137642;14686;13798;9281;11059;13620;10433;16923;12240;29613;16809;27568;9873;21961;28192;11455;32604;18937;22643
ENSG00000154127;159;128;83;89;84;108;78;65;135;65;111;50;124;123;55;201;119;145
ENSG00000109943;15;13;8;6;11;14;10;14;21;9;16;5;14;14;3;28;17;9
ENSG00000109944;19;14;8;13;12;11;18;8;17;4;8;6;14;13;11;22;19;8
ENSG00000109971;899;707;635;760;848;834;767;503;1069;831;1096;377;1066;1261;483;1587;917;1062
ENSG00000023171;86;61;52;55;71;57;44;54;132;72;86;32;50;49;21;69;41;62
ENSG00000166261;88;82;54;47;67;84;58;37;114;53;86;46;96;83;40;111;65;73
ENSG00000110002;44;22;22;30;20;29;18;16;39;16;35;14;70;59;24;60;53;51
ENSG00000154144;661;627;371;409;505;434;549;376;893;507;822;303;655;726;324;868;563;665
ENSG00000110013;17;19;15;19;18;16;22;5;28;6;26;7;23;20;14;32;14;23
ENSG00000154146;515;312;348;323;372;407;198;134;353;200;253;76;269;258;116;389;254;287
ENSG00000120458;169;125;113;88;121;127;107;73;185;97;160;70;135;156;78;192;154;167
ENSG00000154134;30;16;24;19;19;25;12;17;35;20;19;5;17;15;11;30;12;15
ENSG00000149548;13;36;13;26;12;17;15;12;26;12;16;11;16;32;12;29;17;14
ENSG00000134955;983;816;547;584;734;566;842;688;1845;1117;1440;490;1851;2206;901;2239;1376;1483
ENSG00000150433;75;81;61;58;67;53;90;39;109;54;94;36;118;93;43;152;86;108
ENSG00000149547;58;62;58;59;48;60;93;65;147;111;115;32;103;129;63;124;101;109
ENSG00000134910;424;442;285;400;486;364;606;378;995;596;838;290;603;740;311;810;469;551
ENSG00000149554;20;20;12;17;12;24;25;18;31;13;16;7;21;21;11;29;17;17
ENSG00000110060;11;17;8;8;9;5;14;17;18;13;23;6;20;15;9;29;15;10
ENSG00000165526;84;94;52;48;57;59;78;57;114;71;113;36;96;119;52;112;88;111
ENSG00000197798;31;22;27;17;29;33;29;15;35;20;24;14;29;48;16;53;39;30
ENSG00000182934;661;581;451;430;581;515;752;524;1301;753;992;359;721;976;400;1025;673;688
ENSG00000110074;97;73;78;96;95;81;117;89;207;108;140;52;136;141;71;127;107;117
ENSG00000150455;117;107;62;63;74;85;91;61;153;113;124;57;143;157;68;148;92;116
ENSG00000110063;108;51;62;70;79;65;84;58;132;95;102;40;84;101;52;106;88;83
ENSG00000110080;54;30;42;58;56;35;32;28;88;31;49;20;41;47;21;52;50;32
ENSG00000134954;901;556;671;699;745;874;529;327;744;440;752;252;406;452;216;691;589;586
ENSG00000151702;441;358;288;282;343;362;274;224;473;286;346;155;396;376;173;521;390;335
ENSG00000134909;841;836;531;632;749;650;668;465;1115;574;886;349;617;904;351;1070;706;763
ENSG00000151715;23;43;16;19;29;15;129;94;239;147;201;49;275;468;147;467;312;261
ENSG00000170322;503;459;354;396;444;381;489;386;933;422;729;282;482;585;257;644;403;486
ENSG00000170325;309;229;191;214;235;226;301;198;494;239;392;162;328;400;160;434;311;367
ENSG00000084234;3852;4327;2958;3463;5008;3785;5379;4296;11053;6810;10095;3243;5643;8345;3009;8745;4508;5727
ENSG00000149418;1215;1214;763;815;1243;915;1227;1126;3420;1648;2130;860;1207;1665;573;1354;762;1005
ENSG00000196323;658;621;395;474;512;521;511;289;645;405;704;229;700;723;343;1001;663;747
ENSG00000120451;775;667;503;533;640;545;708;514;1224;656;957;358;792;998;399;1174;854;825
ENSG00000080854;107;81;92;61;83;96;65;56;168;60;71;35;132;106;45;81;66;71
ENSG00000166086;10;26;21;12;26;32;16;16;35;20;18;7;25;20;15;32;14;39
ENSG00000151503;163;119;103;87;142;135;153;99;225;114;163;56;216;241;93;255;172;199
ENSG00000151502;226;210;137;156;209;171;194;140;402;212;271;121;221;266;121;299;196;214
ENSG00000151500;47;26;26;28;24;30;29;17;52;31;45;8;33;59;19;56;33;43
ENSG00000151498;110;98;88;82;127;108;106;82;205;98;174;50;130;153;64;186;121;131
ENSG00000109956;51;18;38;21;29;33;20;11;33;16;24;10;26;26;11;22;28;29
ENSG00000111181;15;13;10;14;11;20;24;29;89;25;35;29;68;84;24;52;45;39
ENSG00000073614;2024;1823;1405;1528;1789;1547;1788;1262;2744;1634;2644;961;1959;2353;1010;3105;1836;2117
ENSG00000120647;166;140;90;110;123;125;123;80;199;111;175;68;125;203;61;218;144;159
ENSG00000060237;2119;1946;1436;1595;1976;1813;1843;1365;3409;1961;2508;1003;2150;2630;1103;3033;2107;2240
ENSG00000002016;123;97;72;105;100;89;96;100;231;116;178;64;151;192;75;194;102;144
ENSG00000082805;1662;1416;1082;1181;1469;1238;1662;1270;3091;1724;2599;927;1824;2364;917;2545;1526;1705
ENSG00000171823;46;30;33;44;30;42;42;34;111;65;58;14;60;65;22;36;46;38
ENSG00000006831;612;621;411;481;651;480;613;343;901;539;843;303;682;771;308;984;591;678
ENSG00000151062;197;150;122;123;160;146;195;155;412;201;312;115;183;251;85;239;129;209
ENSG00000151065;58;65;43;61;70;61;60;32;99;59;80;26;70;87;32;84;65;65
ENSG00000004478;306;254;164;180;254;265;253;169;473;263;344;162;284;357;127;356;202;219
ENSG00000111203;257;163;182;166;213;184;204;171;428;223;282;111;282;351;123;328;212;257
ENSG00000171792;44;32;34;39;34;42;32;26;73;51;46;18;54;49;27;63;50;43
ENSG00000078246;129;96;78;81;88;72;134;73;204;118;198;52;121;166;73;169;97;129
ENSG00000011105;34;20;12;8;20;22;10;9;34;12;21;9;13;23;9;28;9;21
ENSG00000130038;87;53;56;69;66;49;47;47;92;46;63;33;75;80;32;102;67;65
ENSG00000111224;193;126;126;127;118;117;141;79;201;122;183;55;161;156;50;234;184;168
ENSG00000118971;318;156;201;177;219;257;108;78;152;100;165;46;159;141;63;239;219;198
ENSG00000078237;45;54;44;40;40;46;61;26;71;51;59;16;74;117;45;117;95;93
ENSG00000047621;86;59;56;65;84;85;66;45;96;52;91;34;100;118;49;139;82;107
ENSG00000139180;56;42;50;35;61;44;56;26;92;39;67;24;60;50;29;98;52;68
ENSG00000110799;36;33;33;24;41;34;28;29;85;38;41;17;82;111;50;105;50;73
ENSG00000010278;126;144;88;81;144;90;224;149;389;237;324;87;754;819;302;965;570;560
ENSG00000067182;944;857;569;646;869;819;853;678;1822;1020;1461;560;1322;1694;674;1750;1063;1220
ENSG00000111321;213;170;141;115;204;146;131;104;332;191;231;96;227;314;109;261;159;179
ENSG00000139193;29;19;28;33;33;29;11;6;9;6;16;2;12;14;6;14;11;17
ENSG00000139192;86;54;69;83;82;94;60;56;143;76;85;38;52;86;34;110;63;72
ENSG00000139190;593;492;372;380;472;406;521;490;1008;531;777;272;483;582;244;614;394;489
ENSG00000111639;78;51;49;34;80;47;87;71;161;117;130;55;88;158;47;150;62;98
ENSG00000010292;334;234;192;224;319;223;260;214;453;229;451;172;322;389;153;429;270;288
ENSG00000111640;5816;6702;3916;5490;7192;4748;7595;5656;17972;11187;14207;5152;7760;11288;3824;9995;5031;6383
ENSG00000010295;783;543;374;400;469;419;592;581;1476;748;935;363;786;971;416;1014;559;658
ENSG00000111641;24;9;12;11;12;8;35;17;63;31;32;16;12;43;18;49;19;20
ENSG00000111642;78;73;49;69;64;67;60;53;161;76;129;60;80;101;34;106;66;88
ENSG00000184574;48;32;30;39;27;24;13;5;13;11;12;6;23;10;6;33;15;22
ENSG00000111644;57;58;37;69;52;77;51;40;72;55;64;16;64;88;35;60;44;69
ENSG00000111653;207;206;143;144;210;137;157;149;361;207;302;124;221;310;92;273;235;215
ENSG00000126746;717;634;422;502;629;517;699;532;1352;732;1029;408;795;1009;393;1027;636;743
ENSG00000111652;221;201;155;120;176;156;232;147;456;248;284;120;268;346;154;323;206;243
ENSG00000089693;433;371;267;260;319;261;389;280;827;478;631;175;437;575;212;544;319;421
ENSG00000159335;97;81;63;61;93;79;115;112;504;202;264;60;126;228;77;194;92;80
ENSG00000010610;547;343;370;420;388;455;343;252;624;405;477;155;408;533;192;621;459;428
ENSG00000250510;348;284;195;168;219;206;455;459;934;574;679;266;740;956;338;740;517;553
ENSG00000110811;7;5;10;3;6;4;17;9;21;12;11;6;12;22;7;23;11;16
ENSG00000111667;246;162;135;135;200;203;209;182;432;225;319;118;260;354;126;339;198;238
ENSG00000111669;2375;2363;1584;1965;2565;1851;3001;2305;6487;3788;5661;1930;3027;4335;1597;3869;2094;2427
ENSG00000010626;65;75;50;47;50;59;83;60;116;79;110;43;89;98;55;105;69;86
ENSG00000111674;2528;2357;1725;2098;2280;1888;3666;3213;7290;3987;5956;1973;2927;3406;1451;3225;2083;2185
ENSG00000111676;595;521;312;335;527;410;455;451;1584;818;857;306;567;798;307;707;452;472
ENSG00000111678;298;265;167;177;182;187;354;287;567;313;441;227;218;409;131;393;220;293
ENSG00000111679;1157;861;726;689;934;991;795;714;1861;1038;1299;528;1293;1704;571;1545;966;963
ENSG00000215021;165;172;141;138;142;151;154;130;352;225;282;71;172;271;109;281;166;163
ENSG00000126749;125;103;98;73;93;94;107;73;178;97;123;61;161;159;76;204;120;145
ENSG00000111684;279;212;141;155;248;182;160;135;396;232;291;104;199;263;81;290;150;210
ENSG00000139178;205;176;120;139;167;134;170;112;321;184;229;106;207;211;99;254;170;152
ENSG00000139182;310;213;168;206;205;220;174;180;384;163;245;119;313;240;125;240;216;209
ENSG00000139197;162;139;118;146;183;139;162;147;343;170;326;110;232;306;134;250;178;196
ENSG00000177675;17;22;15;14;18;21;28;14;36;26;24;10;153;111;54;174;97;68
ENSG00000177575;750;731;632;623;832;674;915;705;1634;906;1493;440;3947;4233;1521;4994;2316;2773
ENSG00000198178;46;20;23;26;32;43;7;7;8;4;6;2;12;5;8;28;27;19
ENSG00000059804;9807;10445;7221;9708;11280;9088;15461;11577;27479;15828;26834;7587;10820;15157;6142;17191;9377;11156
ENSG00000065970;402;420;261;275;309;293;407;280;649;390;552;201;444;592;237;624;417;491
ENSG00000171860;61;29;27;37;45;72;18;19;30;29;31;6;31;45;19;68;48;37
ENSG00000089818;393;340;274;287;343;288;378;235;551;281;480;156;481;537;208;759;433;467
ENSG00000111729;10;10;12;6;12;11;14;6;20;8;21;8;10;28;8;43;25;25
ENSG00000205846;123;133;78;82;132;97;80;51;142;75;126;64;33;45;16;68;44;36
ENSG00000166527;982;1056;603;820;869;782;595;425;870;602;914;370;424;566;250;819;523;609
ENSG00000166523;582;562;361;449;572;415;606;390;980;632;968;310;322;552;230;822;467;457
ENSG00000166532;390;388;289;290;335;345;348;261;517;338;509;191;264;399;153;443;335;375
ENSG00000111752;83;53;39;66;51;93;69;37;95;63;75;26;61;56;32;88;43;52
ENSG00000003056;915;957;629;848;1068;845;1153;734;2017;1301;1825;621;1265;1865;667;2006;1104;1297
ENSG00000139187;46;38;27;43;36;32;12;9;24;18;20;8;38;22;8;31;29;26
ENSG00000175899;9;16;8;8;21;8;38;19;53;37;43;18;124;174;79;165;91;108
ENSG00000069493;411;223;259;278;295;254;221;131;262;141;206;96;289;175;115;376;271;289
ENSG00000110848;38;26;22;38;26;39;15;13;29;14;35;8;9;18;8;23;24;25
ENSG00000150045;30;25;44;17;30;32;7;6;7;5;9;2;15;20;12;20;24;22
ENSG00000110852;164;149;99;137;135;122;110;83;150;96;165;67;178;196;86;313;198;189
ENSG00000172322;167;75;96;106;103;157;35;24;18;16;41;9;42;38;17;95;112;92
ENSG00000165682;26;18;16;15;35;10;35;30;34;12;28;9;41;31;11;43;32;19
ENSG00000150048;34;45;16;23;17;20;30;16;35;18;40;14;71;90;35;113;78;97
ENSG00000172243;1052;846;616;688;893;865;808;515;1123;717;1168;332;2107;2295;1020;3391;2097;2172
ENSG00000173391;3980;4494;2606;3404;4548;3361;4610;3049;7537;4999;8379;2471;4029;6482;2404;8557;4706;5940
ENSG00000165685;36;55;30;26;46;44;71;44;131;84;97;36;84;107;52;142;90;90
ENSG00000139112;1703;1547;1144;1298;1524;1220;1550;1147;2510;1526;2428;883;1473;2088;797;2298;1414;1570
ENSG00000134539;277;153;246;197;208;253;92;60;105;65;102;35;142;110;45;236;184;201
ENSG00000213809;61;40;37;57;52;54;22;19;21;13;40;10;43;32;9;53;49;41
ENSG00000183542;75;43;34;34;34;49;11;11;42;20;29;10;47;30;16;43;39;42
ENSG00000111196;67;51;40;47;86;41;35;29;42;35;53;13;48;52;24;80;58;40
ENSG00000060138;321;253;185;252;274;217;234;183;428;288;392;125;351;453;190;592;307;329
ENSG00000212128;21;13;12;14;10;14;16;7;22;5;22;11;15;17;16;35;26;14
ENSG00000212127;35;36;29;26;58;29;18;17;29;16;22;13;35;35;13;54;42;40
ENSG00000212126;20;6;6;6;21;13;23;10;17;4;18;8;19;23;11;26;14;21
ENSG00000255837;55;38;36;32;38;31;30;22;46;24;52;23;53;59;31;74;41;65
ENSG00000212124;52;48;33;35;27;34;43;28;40;25;39;25;45;55;26;70;40;40
ENSG00000256436;44;29;27;30;21;24;26;22;61;36;37;16;39;38;21;50;42;48
ENSG00000226761;35;24;16;16;40;19;13;16;23;23;17;6;13;27;15;36;40;38
ENSG00000255374;17;8;9;13;15;15;15;6;25;10;16;6;13;18;9;15;9;14
ENSG00000256188;126;101;81;94;69;87;102;55;125;74;116;43;115;123;54;152;110;120
ENSG00000256537;85;76;55;75;55;66;59;50;117;66;103;38;74;65;32;110;69;77
ENSG00000139083;2675;2466;1488;1691;2269;1867;3158;2377;6269;3058;4421;1533;3282;4397;1775;4846;3011;3330
ENSG00000070018;17;9;11;14;6;8;8;4;20;6;20;3;20;20;6;16;14;18
ENSG00000165714;203;134;111;138;117;103;129;122;215;102;180;81;195;206;75;226;168;188
ENSG00000111266;108;89;66;57;77;77;85;54;155;94;119;33;91;92;36;112;72;56
ENSG00000111269;199;227;167;229;246;183;292;175;375;263;391;123;282;365;139;488;251;293
ENSG00000111276;358;240;249;229;299;272;224;141;427;242;352;164;287;334;138;439;273;277
ENSG00000213782;196;168;133;157;217;175;162;106;223;147;217;81;226;278;116;354;241;225
ENSG00000013583;54;34;35;45;52;30;48;18;92;49;81;22;49;76;23;88;43;47
ENSG00000084444;69;94;73;76;86;96;130;90;201;107;174;59;136;140;63;178;101;118
ENSG00000134531;99;105;74;72;82;84;166;100;213;164;209;62;445;559;204;793;391;526
ENSG00000171681;1208;977;699;865;969;842;832;527;1121;665;1053;431;981;1152;548;1628;1080;1144
ENSG00000121316;172;95;159;124;119;164;74;49;89;56;97;32;181;159;72;254;121;176
ENSG00000197837;66;46;36;38;61;55;67;67;155;98;111;41;106;127;60;124;66;72
ENSG00000246705;31;22;21;27;50;26;23;40;104;65;76;31;41;61;25;43;25;45
ENSG00000084463;442;399;326;364;456;333;456;330;806;488;664;253;478;604;268;758;475;594
ENSG00000139055;115;117;77;60;85;74;121;65;168;72;107;61;87;106;47;125;85;123
ENSG00000111348;1708;1459;1053;1220;1551;1332;1514;975;2978;1756;2365;755;1453;1908;728;2291;1264;1414
ENSG00000139053;47;31;22;33;22;21;46;38;67;48;81;19;28;38;20;55;39;49
ENSG00000151490;24;40;39;33;29;34;24;17;38;36;36;8;114;91;38;137;92;102
ENSG00000023734;132;126;94;103;134;111;116;96;212;130;189;69;169;251;66;260;160;206
ENSG00000023697;81;81;59;68;83;93;82;55;96;54;114;32;90;126;51;176;92;109
ENSG00000008394;58;86;53;71;76;53;79;56;96;79;133;22;90;85;28;133;57;116
ENSG00000052126;74;62;55;44;61;53;76;36;98;48;71;33;33;47;22;55;53;51
ENSG00000139154;369;333;255;267;286;257;329;229;463;293;435;144;341;399;173;549;405;430
ENSG00000121350;191;147;111;107;132;144;167;87;210;122;181;49;139;168;70;286;159;198
ENSG00000004700;318;342;255;231;317;270;329;209;475;290;442;142;389;458;215;619;415;441
ENSG00000111711;132;126;70;120;120;101;110;72;164;86;151;50;139;171;58;225;156;153
ENSG00000111716;53;24;34;53;32;43;9;14;24;9;32;8;41;22;17;31;35;35
ENSG00000111726;115;94;77;104;129;95;106;83;182;125;185;65;144;201;67;257;169;177
ENSG00000111728;21;16;15;8;14;23;17;7;29;12;32;9;33;7;16;14;25;17
ENSG00000111731;379;315;229;293;339;297;251;174;445;244;371;145;319;411;170;594;437;471
ENSG00000139163;850;712;479;594;680;706;498;318;785;409;797;273;669;800;335;1310;857;934
ENSG00000134532;519;418;325;350;334;368;230;214;436;199;311;155;48;141;51;97;74;74
ENSG00000060982;3878;4528;3036;4222;4650;3634;4429;2661;6044;4136;6819;2369;1486;2169;808;2995;1650;1945
ENSG00000118308;135;91;110;104;131;136;96;84;101;60;127;38;76;88;39;132;115;98
ENSG00000133703;479;441;285;329;484;375;352;226;500;297;551;172;392;448;198;810;466;543
ENSG00000123094;14;20;21;12;26;17;38;17;43;29;33;15;18;26;5;40;20;17
ENSG00000123095;517;594;336;408;552;453;923;547;1497;872;1108;468;511;986;304;1011;625;678
ENSG00000123096;15;21;11;9;23;16;33;22;41;21;26;11;27;33;12;39;26;25
ENSG00000123104;3168;2761;2103;2297;2827;2430;3474;2725;5678;3195;4673;1728;2828;3632;1472;4606;2957;3145
ENSG00000064102;108;107;96;81;111;71;104;64;124;69;135;53;85;106;55;142;103;115
ENSG00000111790;270;241;190;173;203;160;180;131;273;190;276;79;253;276;94;405;244;270
ENSG00000064115;96;90;89;62;75;64;78;49;124;65;94;32;118;132;66;210;129;137
ENSG00000152944;141;175;84;108;128;159;116;84;171;95;138;56;164;179;73;299;185;178
ENSG00000211455;1056;1058;734;840;968;896;1045;641;1262;842;1555;512;1609;1986;826;3112;1881;2220
ENSG00000029153;54;63;52;60;72;61;188;121;310;193;226;99;106;152;52;200;146;152
ENSG00000110841;134;72;54;71;70;70;52;32;107;55;91;40;83;77;29;129;98;94
ENSG00000061794;50;48;45;41;75;42;42;20;65;33;56;19;63;76;18;103;48;52
ENSG00000087448;67;58;74;50;46;85;48;22;70;47;62;17;53;59;22;74;61;73
ENSG00000123106;207;151;142;136;154;200;136;130;252;144;203;65;184;202;76;222;164;196
ENSG00000064763;96;73;54;61;90;80;191;100;257;162;222;94;176;310;112;388;229;213
ENSG00000087502;91;82;62;63;80;110;55;50;103;63;119;35;88;99;52;172;133;150
ENSG00000133687;27;33;15;15;46;27;43;17;62;32;40;22;39;49;14;72;51;32
ENSG00000133704;440;377;333;391;364;325;440;231;579;348;528;200;478;648;257;752;489;588
ENSG00000110888;153;153;116;99;144;121;119;78;216;118;144;66;132;160;61;208;154;172
ENSG00000013573;283;183;174;180;199;178;274;208;603;307;396;154;364;496;196;456;303;306
ENSG00000139146;224;200;163;172;223;178;208;139;291;210;311;116;202;217;100;328;228;225
ENSG00000170456;66;26;19;33;35;45;33;17;54;41;54;19;57;57;31;66;51;69
ENSG00000139160;16;17;8;17;22;14;19;12;21;10;29;10;16;11;8;41;11;16
ENSG00000151743;45;50;34;28;49;36;39;38;55;32;49;19;75;50;32;88;73;56
ENSG00000174718;1098;978;763;783;960;871;928;552;1125;738;1122;368;1442;1630;716;2462;1621;1743
ENSG00000151746;45;31;22;23;34;28;32;27;68;40;53;16;77;78;34;87;67;75
ENSG00000139132;294;204;176;162;233;256;142;88;204;124;253;84;330;409;162;616;478;435
ENSG00000087470;340;292;216;245;283;191;242;173;378;229;333;111;233;360;141;511;340;353
ENSG00000139131;60;61;21;30;34;40;31;28;71;38;58;21;55;50;27;82;46;57
ENSG00000139133;51;37;29;50;50;51;44;26;63;43;67;18;43;68;23;54;64;58
ENSG00000175548;44;67;40;50;40;56;64;31;59;41;51;25;46;74;22;71;54;91
ENSG00000139117;162;154;118;93;118;111;96;66;121;83;130;42;192;173;83;270;182;203
ENSG00000139116;31;23;17;24;22;17;5;6;15;4;10;7;20;19;4;28;31;21
ENSG00000173208;16;10;25;12;27;20;5;3;9;6;11;3;14;14;4;22;11;26
ENSG00000151229;220;267;180;229;275;223;280;147;418;222;405;132;262;300;126;426;253;320
ENSG00000188906;2847;2593;1891;2206;2479;2100;2161;1386;2814;1740;3175;1049;1586;2455;1055;3639;2359;2427
ENSG00000151233;248;242;186;232;225;208;197;157;275;182;295;122;212;230;96;439;316;316
ENSG00000015153;275;233;163;222;226;186;250;170;413;197;362;160;258;304;128;487;294;310
ENSG00000134283;264;236;159;233;199;207;232;131;294;178;288;107;271;305;135;370;310;327
ENSG00000139168;22;24;19;25;46;24;27;15;34;19;42;8;28;25;8;35;29;35
ENSG00000129317;221;197;131;182;180;167;164;77;174;126;224;72;181;196;82;337;203;259
ENSG00000198001;336;304;207;253;275;246;248;158;378;256;405;148;330;353;145;513;358;403
ENSG00000151239;98;104;66;89;98;79;76;44;99;69;112;23;80;87;42;170;117;126
ENSG00000184613;73;37;54;64;47;68;32;12;40;21;35;13;42;39;17;46;32;48
ENSG00000177119;1845;1994;1309;1764;2029;1581;2288;1638;3997;2319;3753;1261;1435;1962;681;2373;1516;1634
ENSG00000189079;1060;883;632;754;910;763;935;691;1420;841;1271;514;947;1190;518;1532;1027;1130
ENSG00000139218;2010;1846;1434;1615;1792;1554;1561;1005;2172;1357;2280;793;1816;2061;872;3214;2024;2232
ENSG00000111371;447;261;370;291;299;419;173;117;230;130;222;66;225;172;116;305;245;248
ENSG00000134294;2234;2133;1517;1781;2056;1818;1982;1192;2655;1621;3119;1126;3140;3533;1473;5274;3295;3508
ENSG00000139211;13;13;10;11;9;14;9;4;13;7;9;2;14;8;8;18;9;15
ENSG00000179715;55;40;62;50;74;54;30;9;26;22;32;7;27;20;17;45;45;55
ENSG00000005175;84;50;80;57;86;78;67;46;66;43;72;27;67;84;29;138;87;85
ENSG00000211584;25;14;18;11;27;14;12;7;20;12;10;6;41;27;10;23;26;28
ENSG00000061273;492;377;363;363;395;340;415;344;770;476;586;270;519;599;244;602;399;390
ENSG00000111424;721;602;370;470;631;527;674;638;1698;910;1156;447;961;1339;452;1154;686;708
ENSG00000134291;18;32;24;20;19;17;31;7;30;16;33;17;40;31;20;49;24;29
ENSG00000079387;161;134;127;114;147;127;172;100;237;133;205;83;151;161;83;285;195;202
ENSG00000152556;42;42;33;28;48;30;38;17;56;37;54;26;59;61;18;69;44;41
ENSG00000177981;182;134;99;123;158;108;144;90;216;120;198;77;205;245;96;285;167;170
ENSG00000167528;314;253;175;222;218;234;252;173;348;203;332;109;336;400;154;517;363;403
ENSG00000139620;325;279;239;222;315;226;292;201;488;289;453;172;348;388;191;461;289;337
ENSG00000129315;699;580;426;428;648;505;557;381;844;498;790;269;553;740;302;995;701;683
ENSG00000174233;31;12;9;17;25;25;27;19;49;19;33;13;20;24;11;23;14;21
ENSG00000167535;49;39;38;24;32;36;46;42;119;45;71;30;36;49;13;42;33;30
ENSG00000174243;595;460;404;444;518;449;530;442;1036;608;904;322;681;919;382;925;550;626
ENSG00000134285;267;198;172;151;206;179;219;190;497;243;352;124;296;341;136;423;252;255
ENSG00000134287;1378;1320;952;1045;1271;1012;1511;1022;2893;1532;2122;765;1732;2342;961;2440;1495;1724
ENSG00000167548;4618;3817;2807;2949;3853;3247;4188;3710;10075;5156;6665;2590;4830;6406;2469;6029;3801;4222
ENSG00000139636;516;407;317;302;389;335;431;380;890;398;642;289;519;600;270;608;399;406
ENSG00000123416;324;297;223;240;311;267;383;249;602;404;535;206;498;583;279;660;334;405
ENSG00000167552;176;110;111;98;136;155;133;81;193;126;179;91;265;276;115;330;168;197
ENSG00000167553;180;157;114;116;164;159;243;150;463;291;362;155;301;401;143;413;209;264
ENSG00000123352;111;117;69;92;78;74;73;62;125;72;123;43;76;109;42;108;105;98
ENSG00000187778;205;212;155;126;181;185;203;168;496;255;317;144;266;359;142;299;225;254
ENSG00000110844;21;26;14;26;24;26;17;9;41;17;25;9;21;15;10;23;14;11
ENSG00000161791;3154;2769;1859;2198;2623;2094;4294;3437;9619;4508;6229;2529;2753;4242;1596;4265;2658;3216
ENSG00000139644;2696;2803;1960;2448;3215;2389;3467;2252;6048;3577;5731;1844;4038;5606;2089;6250;3451;3926
ENSG00000167566;384;271;208;177;312;200;260;228;716;334;425;173;506;605;241;550;347;371
ENSG00000186666;30;22;20;16;28;23;21;9;53;20;33;20;22;54;22;44;29;27
ENSG00000161800;114;102;44;69;68;55;66;55;99;66;89;28;74;127;55;189;104;80
ENSG00000066117;262;231;180;191;250;191;261;175;474;265;328;139;297;369;159;333;257;271
ENSG00000178449;50;45;28;30;49;30;44;35;69;44;76;24;54;78;25;71;46;50
ENSG00000139624;485;449;365;382;480;420;465;368;887;485;717;261;538;676;304;844;460;542
ENSG00000161813;131;84;88;92;105;78;81;68;121;78;126;42;132;145;66;232;164;150
ENSG00000066084;657;571;466;515;557;562;680;467;1033;503;882;324;931;1062;446;1317;822;904
ENSG00000123268;99;102;52;91;98;83;72;55;124;66;101;30;89;110;48;183;90;118
ENSG00000185432;106;49;75;52;65;81;11;21;20;18;33;10;103;77;46;138;74;83
ENSG00000110911;1802;1501;1144;1192;1397;1193;1446;1038;2063;1153;1777;691;1365;1721;711;2051;1292;1402
ENSG00000050426;239;198;150;172;184;169;193;107;321;165;246;85;220;275;129;285;204;247
ENSG00000110925;228;217;156;180;233;190;214;186;388;274;365;146;214;303;118;281;203;213
ENSG00000135457;336;315;243;234;309;295;312;205;487;270;429;158;379;458;182;522;375;363
ENSG00000184271;87;69;69;62;59;45;56;51;133;80;117;28;82;94;39;87;87;58
ENSG00000183283;1463;1499;1011;1275;1503;1288;1478;876;2326;1645;2096;652;1546;2184;799;2504;1481;1650
ENSG00000110934;617;448;448;479;485;554;371;279;589;365;563;172;522;559;267;798;473;540
ENSG00000139629;444;406;302;336;444;355;396;331;872;510;657;253;334;503;172;498;297;356
ENSG00000050438;503;394;340;349;394;322;339;260;685;344;507;193;325;476;184;544;355;349
ENSG00000261308;32;19;10;7;16;18;18;16;20;25;16;7;13;19;3;17;6;7
ENSG00000139567;58;75;24;51;62;56;64;52;136;86;114;37;45;45;20;37;18;42
ENSG00000135503;525;493;368;418;547;436;581;501;1208;693;964;360;500;710;296;794;496;555
ENSG00000161835;240;165;122;152;180;165;210;163;437;203;344;141;108;157;66;190;123;110
ENSG00000123358;789;534;302;330;447;457;688;585;1230;730;1153;547;692;1289;454;1281;866;831
ENSG00000123395;86;78;82;66;78;41;93;100;236;147;210;70;133;196;68;156;68;105
ENSG00000063046;2501;2501;2025;2416;2830;2374;2821;1799;4287;2785;4358;1573;2985;3832;1568;4795;2727;3022
ENSG00000111077;46;37;14;20;34;18;38;30;84;39;57;33;36;51;24;49;33;43
ENSG00000167778;245;218;171;178;206;187;288;252;702;331;483;187;299;457;166;405;259;280
ENSG00000139631;406;282;227;247;238;215;315;255;681;326;517;194;334;438;182;426;256;294
ENSG00000139651;486;460;357;367;400;380;471;380;785;476;699;263;525;679;294;677;469;561
ENSG00000139626;245;188;254;230;276;235;125;109;285;139;221;90;223;204;117;275;195;232
ENSG00000172819;139;97;60;66;96;108;77;70;195;117;126;68;76;103;45;88;71;85
ENSG00000182544;81;79;47;57;85;60;88;43;177;100;156;55;99;120;42;117;53;78
ENSG00000135476;209;179;124;118;171;127;287;229;558;239;457;175;171;266;93;220;152;168
ENSG00000123349;65;30;27;28;40;37;19;34;80;46;67;15;34;52;20;64;34;32
ENSG00000094914;274;264;175;164;237;218;204;213;471;266;379;124;366;425;179;386;230;277
ENSG00000185591;2181;2225;1427;1729;2019;1634;2212;1398;3476;2153;3182;1104;2523;3209;1288;3939;2407;2747
ENSG00000205352;348;274;241;266;287;270;313;216;580;416;488;213;394;514;192;597;326;366
ENSG00000197111;683;653;456;537;626;577;623;391;1090;588;796;287;642;837;341;1002;617;751
ENSG00000139625;128;93;77;73;72;73;76;65;138;63;99;40;110;144;53;144;101;100
ENSG00000139546;76;63;27;35;38;59;38;31;103;72;77;25;89;63;40;82;40;71
ENSG00000139574;42;21;18;25;21;16;38;33;86;31;34;25;37;57;24;46;18;43
ENSG00000170653;537;497;297;403;404;410;488;282;740;393;562;197;524;663;273;814;532;626
ENSG00000135390;373;314;259;348;376;294;394;307;723;432;552;190;533;596;259;672;359;399
ENSG00000012822;2005;1675;1270;1293;1654;1386;1834;1608;3804;1874;2696;985;2279;2736;1240;2497;1762;1982
ENSG00000123415;197;155;107;120;132;107;181;137;308;193;218;112;183;222;95;250;168;169
ENSG00000094916;728;644;432;559;626;558;673;429;1022;601;939;335;899;1045;438;1478;932;946
ENSG00000135486;1768;1419;1128;1256;1332;1352;1588;1234;2329;1695;2183;888;1907;2416;950;2847;1707;1983
ENSG00000123405;105;45;59;40;46;76;25;15;30;14;36;10;57;33;15;71;46;38
ENSG00000111481;250;232;175;220;229;195;234;157;355;248;372;115;328;410;159;480;288;345
ENSG00000139572;267;260;172;180;266;216;407;306;781;470;662;233;235;436;131;459;210;306
ENSG00000161642;1390;1212;838;879;1186;901;1575;1342;3893;2266;2564;931;1982;2779;1100;2515;1402;1741
ENSG00000161638;4107;3684;2499;2670;3631;2849;4655;3859;10665;5650;7993;2843;4201;5995;2377;5928;3434;4100
ENSG00000123338;3161;2810;2021;2396;2690;2378;3393;2327;5204;2988;4376;1556;5471;6478;2792;7630;4793;5474
ENSG00000123360;222;198;139;143;174;137;232;224;460;253;362;125;384;514;193;500;318;361
ENSG00000135426;114;56;78;63;100;88;41;35;48;38;42;16;48;48;27;89;85;68
ENSG00000135424;16;21;11;9;21;9;20;14;37;21;32;12;47;34;23;36;22;33
ENSG00000135441;86;55;39;46;56;50;65;59;117;68;111;30;69;85;57;84;75;69
ENSG00000135437;21;14;10;9;27;14;21;22;47;28;25;9;31;23;17;20;18;22
ENSG00000135404;1416;1661;1099;1246;2054;1354;2598;2371;5982;4211;5088;1660;2589;4058;1365;3601;1845;2145
ENSG00000135414;30;21;14;16;22;14;12;8;21;12;10;6;16;12;14;20;12;20
ENSG00000205323;20;11;15;8;14;12;10;22;19;15;27;13;10;21;11;21;16;21
ENSG00000123353;91;101;55;69;78;77;106;66;187;104;187;43;119;162;64;153;100;148
ENSG00000135392;182;207;113;135;173;110;213;170;413;246;403;155;238;338;126;405;221;276
ENSG00000123342;5403;4837;3219;3532;4625;3983;6241;4895;12992;6079;9676;3227;6435;10714;4146;10747;5966;7849
ENSG00000170473;64;74;40;57;70;72;76;65;128;67;126;46;62;113;47;113;85;104
ENSG00000065357;1556;1204;940;1061;1154;1069;1258;1043;2309;1241;1928;665;1795;2071;845;2297;1431;1464
ENSG00000123374;232;229;149;195;249;199;219;198;381;231;414;103;296;317;125;382;216;217
ENSG00000111540;703;636;499;551;574;544;731;484;1185;774;1094;414;820;934;398;1015;668;747
ENSG00000139531;79;75;64;45;62;45;69;66;153;99;152;47;114;147;64;151;95;98
ENSG00000123411;123;124;70;79;100;93;117;87;258;127;166;60;130;168;92;199;116;120
ENSG00000197728;117;87;71;89;89;99;75;88;159;114;146;56;125;130;59;145;101;111
ENSG00000170515;145;159;143;124;155;171;156;123;302;191;253;73;224;271;106;343;180;226
ENSG00000229117;258;245;172;233;280;198;292;273;692;407;477;171;424;567;209;510;292;364
ENSG00000139641;775;627;522;593;644;643;667;552;1287;721;1114;398;833;980;451;1111;692;756
ENSG00000135482;194;173;116;138;171;148;188;125;298;154;236;95;247;321;126;346;199;217
ENSG00000196465;27;13;17;18;20;18;14;24;51;29;45;10;20;37;8;27;14;12
ENSG00000092841;1237;1173;826;969;1175;1007;1354;1169;2804;1655;2400;890;1618;2091;794;2096;1230;1393
ENSG00000139613;1183;1176;825;905;1111;960;1136;837;2417;1292;1711;620;1318;1688;710;1861;1166;1333
ENSG00000181852;318;330;244;279;351;311;392;285;699;364;544;189;499;632;257;645;423;429
ENSG00000139579;29;25;22;15;24;34;18;10;40;16;37;8;21;39;11;31;19;21
ENSG00000139645;752;696;453;433;627;538;709;600;1614;807;1079;452;726;960;385;919;586;606
ENSG00000135469;48;27;20;15;19;20;30;18;27;24;29;14;28;46;18;32;31;29
ENSG00000062485;451;398;260;347;350;331;459;307;751;428;647;201;477;698;246;808;545;563
ENSG00000257727;39;38;35;31;29;24;42;37;80;29;53;24;41;49;20;60;38;29
ENSG00000135473;476;360;319;312;426;372;452;396;795;432;689;242;536;622;285;638;424;425
ENSG00000170581;1845;1448;1065;1194;1509;1323;1503;1043;2619;1448;2157;717;1687;2032;837;2216;1368;1499
ENSG00000111602;86;54;52;39;70;56;62;36;94;48;75;26;94;97;48;138;89;82
ENSG00000176422;127;103;96;105;99;90;115;87;188;115;176;66;165;174;78;174;137;163
ENSG00000076067;231;196;146;135;206;146;172;113;277;179;223;89;229;302;125;401;216;228
ENSG00000076108;2445;2084;1632;1763;2043;1969;2364;1860;4398;2293;3386;1381;2634;3062;1231;3253;2149;2237
ENSG00000110955;645;538;466;531;695;552;613;479;1070;662;1003;392;713;924;336;1081;619;665
ENSG00000110958;514;524;419;429;563;421;464;260;682;386;741;239;544;731;280;989;564;654
ENSG00000196531;582;423;384;449;520;467;530;343;851;573;823;254;554;817;289;942;505;653
ENSG00000166860;93;109;66;96;93;73;86;70;195;84;144;60;78;115;21;120;90;116
ENSG00000166866;14;6;12;10;6;7;17;13;30;25;13;4;14;10;10;28;15;14
ENSG00000166881;224;190;168;201;193;189;233;121;302;165;308;95;272;308;135;474;295;309
ENSG00000166886;343;308;235;265;333;255;383;388;1046;544;769;278;487;848;296;717;400;525
ENSG00000166888;3601;2916;2245;2347;2819;2570;3245;2754;7087;3666;5103;1992;4022;5274;1958;4827;3150;3352
ENSG00000123384;18509;17539;11294;13046;17964;13587;20704;18467;53817;27783;37185;13775;28718;38153;14567;32317;18885;21990
ENSG00000182199;125;86;78;84;111;101;88;80;227;109;144;57;128;176;59;163;101;97
ENSG00000185482;53;48;26;19;41;40;64;32;117;49;73;35;40;75;22;67;66;46
ENSG00000179912;521;487;362;395;418;372;458;328;749;478;661;245;466;603;244;764;465;525
ENSG00000123329;495;357;282;317;371;356;263;261;603;307;489;159;693;777;291;849;559;517
ENSG00000166986;514;348;288;325;376;336;484;335;762;443;631;226;710;898;324;901;613;651
ENSG00000175197;132;105;81;94;78;88;211;150;366;164;279;88;201;217;102;238;128;151
ENSG00000166987;828;681;438;463;649;577;708;581;1687;973;1043;420;809;1117;385;974;708;722
ENSG00000175203;280;213;145;183;224;138;222;171;415;195;324;136;256;278;126;345;205;277
ENSG00000166908;113;103;80;99;131;99;122;80;167;88;139;59;128;148;53;158;86;123
ENSG00000178498;23;24;21;21;39;29;8;13;15;8;13;12;25;21;7;26;27;14
ENSG00000135506;2650;2477;1743;1853;2571;1943;3270;2832;7416;4290;5811;1977;3758;5149;1913;5039;2817;3243
ENSG00000135439;149;78;137;91;131;127;81;83;155;96;94;39;142;167;45;151;138;115
ENSG00000135452;65;65;51;59;77;75;80;58;107;54;86;36;80;103;44;124;84;93
ENSG00000135446;53;33;31;40;41;43;46;37;87;43;68;25;59;71;21;69;48;37
ENSG00000139266;40;51;46;37;50;36;56;27;86;43;46;11;53;73;38;81;62;52
ENSG00000111012;237;226;135;187;227;173;264;226;647;306;391;163;160;286;103;318;160;218
ENSG00000037897;49;57;44;62;56;24;67;55;147;48;106;37;71;149;34;109;61;72
ENSG00000123427;88;75;54;66;81;55;119;61;216;114;150;61;77;98;52;108;82;86
ENSG00000123297;8;4;13;17;11;14;14;10;27;19;29;5;16;20;8;20;7;14
ENSG00000135407;312;212;183;152;228;205;228;144;446;192;302;129;290;374;157;370;226;277
ENSG00000175215;3120;2769;1948;2384;2760;2349;3016;2174;5922;3119;4544;1710;3787;5063;1870;5020;2913;3305
ENSG00000118596;327;387;270;310;359;318;171;90;196;150;277;99;206;268;128;426;262;352
ENSG00000135655;1452;1283;987;1062;1152;1222;1136;766;1329;881;1566;481;1584;1782;880;2917;1902;2105
ENSG00000061987;1869;1636;1230;1405;1553;1373;1506;1100;2197;1311;2139;788;1709;2168;856;2788;1804;1915
ENSG00000111110;23;29;32;35;23;11;85;29;117;52;74;34;92;119;38;114;79;77
ENSG00000118600;20;12;14;18;22;17;28;10;31;22;23;12;21;23;10;33;20;27
ENSG00000196935;447;454;360;389;417;388;447;358;844;486;775;291;139;258;89;296;223;242
ENSG00000174206;26;29;25;15;31;34;21;14;38;13;13;11;29;30;18;44;29;27
ENSG00000184575;209;204;171;192;236;158;200;109;276;166;271;99;226;245;120;382;220;239
ENSG00000183735;662;584;402;512;558;452;534;322;737;445;728;245;425;484;209;775;485;550
ENSG00000153179;650;635;527;514;654;574;499;350;923;575;807;260;711;898;377;1075;589;711
ENSG00000135677;2524;2760;1847;2363;3154;2292;3433;2314;5557;3850;5595;1897;4192;5713;2205;6731;3752;4225
ENSG00000111490;31;30;25;20;33;22;36;17;48;32;42;6;21;32;12;49;19;43
ENSG00000174106;468;487;331;361;443;341;389;279;678;409;650;219;457;669;261;737;555;558
ENSG00000139233;185;163;99;126;134;123;131;120;208;128;221;60;150;168;68;246;123;171
ENSG00000155957;279;229;177;212;224;199;235;196;340;185;337;106;250;321;148;467;290;296
ENSG00000090376;5342;5034;3607;4071;4362;4073;3351;2142;4286;2570;3992;1613;2657;3332;1437;4735;2778;3378
ENSG00000127311;277;299;253;250;249;239;259;189;385;190;301;122;303;361;141;526;281;347
ENSG00000111530;795;760;505;619;726;606;651;377;932;542;957;316;734;918;369;1312;862;934
ENSG00000127334;330;233;237;246;268;254;222;119;306;188;318;99;376;351;149;470;356;372
ENSG00000111554;64;68;51;60;50;54;56;23;61;35;42;23;44;47;18;66;55;73
ENSG00000127314;1250;1149;831;885;964;974;1117;750;1567;899;1345;560;1077;1091;499;1645;1076;1123
ENSG00000111581;217;181;169;191;188;168;162;132;236;138;264;84;222;245;97;353;219;238
ENSG00000175782;529;430;335;334;382;364;478;353;809;389;626;263;424;520;232;678;425;454
ENSG00000135679;1157;1115;799;976;1036;908;1113;679;1599;1001;1542;561;1166;1384;591;1900;1266;1296
ENSG00000135678;271;248;149;216;209;162;189;124;363;240;322;140;349;470;183;538;296;355
ENSG00000111605;835;685;500;587;684;646;645;398;991;559;823;264;713;791;316;1164;808;909
ENSG00000090382;7125;6533;4556;5684;8139;6017;6611;4230;10186;7406;10234;3166;17774;24676;9047;28323;16758;18460
ENSG00000127337;30;29;17;34;27;23;21;15;31;20;43;8;35;29;12;41;33;26
ENSG00000166225;226;241;163;197;203;192;209;112;276;179;269;70;225;266;116;370;232;249
ENSG00000166226;261;204;135;178;224;188;221;112;334;212;316;114;250;348;125;411;235;285
ENSG00000127328;82;42;41;47;47;51;46;44;77;48;70;22;64;74;30;99;76;64
ENSG00000111596;627;495;408;470;480;484;446;329;615;352;591;222;503;602;260;899;583;649
ENSG00000133858;2290;2015;1492;1656;1821;1708;1822;1435;3110;1696;2845;942;1871;2311;976;3225;2107;2348
ENSG00000173451;44;38;41;38;41;29;47;33;89;45;76;35;54;63;25;71;46;42
ENSG00000139291;44;14;27;17;13;36;18;12;25;16;19;11;32;33;11;34;46;38
ENSG00000080371;931;887;594;676;939;733;804;546;1191;768;1241;435;888;1006;430;1490;893;987
ENSG00000121749;356;259;226;275;266;249;252;126;314;195;323;115;362;354;152;517;350;347
ENSG00000253719;439;411;280;333;375;357;399;263;691;384;531;202;461;548;210;682;410;422
ENSG00000139278;524;462;351;395;471;428;464;232;584;363;519;173;792;946;362;1337;805;907
ENSG00000111615;321;263;216;260;310;250;242;152;309;177;305;116;268;283;161;424;260;316
ENSG00000139289;3278;2718;1795;1991;2554;2228;2688;1870;5440;3173;4306;1551;4384;6971;2779;8258;4731;6568
ENSG00000187109;1179;1083;852;989;1029;1019;1002;689;1376;882;1553;491;1045;1203;478;1816;1101;1208
ENSG00000179941;18;32;23;21;32;21;24;14;34;13;30;6;36;27;20;35;17;31
ENSG00000091039;1263;1337;1054;1118;1353;1112;1114;660;1660;987;1551;499;1125;1427;584;2230;1338;1491
ENSG00000186908;592;486;453;428;527;446;499;282;613;386;588;220;501;565;268;866;610;609
ENSG00000058272;1259;1098;848;912;1090;1037;1043;703;1687;975;1466;549;1173;1485;605;2081;1367;1396
ENSG00000111052;60;52;23;41;42;29;38;24;37;30;37;16;66;63;29;84;67;65
ENSG00000133773;111;131;77;86;154;121;146;97;196;134;125;63;94;127;50;193;118;113
ENSG00000127720;76;76;49;73;86;63;76;58;98;83;124;40;82;110;41;121;110;97
ENSG00000179104;139;85;87;123;99;126;146;117;213;131;164;83;162;151;87;206;119;172
ENSG00000198707;100;109;86;95;85;112;84;52;112;57;107;39;94;109;42;181;129;117
ENSG00000139324;76;84;62;69;56;69;61;39;87;70;92;36;76;87;31;127;68;70
ENSG00000139318;1210;955;706;750;1063;857;900;596;1440;920;1193;527;1788;2566;1029;3250;1706;1967
ENSG00000139323;121;104;78;97;101;85;83;49;96;77;126;51;138;153;75;228;169;160
ENSG00000257594;28;23;15;13;30;21;28;25;53;43;63;15;43;56;31;57;22;37
ENSG00000070961;3317;2942;2197;2693;3223;2585;3213;2578;5786;3124;6486;1819;2211;3701;1562;4978;3269;3522
ENSG00000133639;8408;8264;5592;6811;7791;6498;7869;5423;11778;7084;12563;4086;9197;11665;4994;17177;10790;11433
ENSG00000102189;315;275;224;269;316;233;280;202;396;245;417;135;403;478;186;731;459;486
ENSG00000173598;403;317;225;300;312;320;324;268;585;298;493;169;411;481;207;642;397;444
ENSG00000177889;271;235;183;181;251;227;246;147;328;187;315;112;227;279;141;395;272;273
ENSG00000198015;205;176;130;142;171;158;144;88;196;130;160;57;211;175;66;321;205;215
ENSG00000120833;18;19;16;13;10;28;15;7;25;14;22;6;10;11;3;14;14;5
ENSG00000169372;55;51;26;17;54;28;37;26;77;30;46;16;44;46;23;84;31;52
ENSG00000136040;778;622;434;523;723;576;607;363;985;577;736;278;558;656;257;977;577;591
ENSG00000173588;54;45;41;46;60;62;47;36;80;51;61;20;59;65;23;84;62;51
ENSG00000057704;577;672;397;545;686;505;537;410;1073;567;890;370;270;415;152;523;350;353
ENSG00000184752;47;39;24;39;59;46;52;37;75;48;54;28;67;71;19;73;64;58
ENSG00000120798;135;89;63;91;105;103;86;46;110;75;81;36;67;80;40;100;81;89
ENSG00000180263;120;110;82;114;128;110;111;65;153;89;141;57;277;263;109;369;244;274
ENSG00000028203;204;203;151;189;164;176;178;120;324;153;294;111;296;344;137;391;284;326
ENSG00000111142;174;154;128;163;155;127;155;82;198;132;216;85;185;222;72;296;201;210
ENSG00000139343;19;11;7;13;11;16;16;8;16;12;12;7;16;20;8;19;28;28
ENSG00000084110;246;207;152;158;145;131;202;103;259;131;220;104;300;387;176;442;290;310
ENSG00000111144;1837;1878;1192;1453;1769;1513;1832;1150;2609;1741;2675;960;3375;4187;1590;5000;3267;3345
ENSG00000111145;313;305;225;266;294;262;325;212;542;387;476;158;265;364;145;502;303;347
ENSG00000059758;501;450;363;352;397;410;368;310;535;340;473;189;383;431;208;689;427;502
ENSG00000139350;116;113;65;98;107;100;90;47;114;55;115;37;109;106;49;170;97;113
ENSG00000120802;322;240;248;224;247;307;240;170;329;250;321;152;242;297;122;459;331;320
ENSG00000075415;723;683;516;622;659;596;682;450;1080;715;1067;376;855;1125;457;1412;803;840
ENSG00000166130;42;36;30;26;42;36;29;22;37;33;55;14;36;46;31;73;31;49
ENSG00000120868;774;726;616;713;773;708;620;414;939;579;898;333;824;901;348;1256;800;890
ENSG00000111647;787;750;548;668;713;619;737;444;976;591;921;378;659;919;348;1297;833;878
ENSG00000075089;91;100;66;78;57;90;90;48;93;45;102;37;64;74;30;169;70;64
ENSG00000136021;414;364;259;286;414;302;320;244;495;314;480;186;417;464;221;702;467;531
ENSG00000139354;52;58;33;37;32;62;59;38;55;48;70;20;192;164;79;244;177;220
ENSG00000120800;84;78;70;64;83;82;72;42;83;49;80;29;73;119;48;142;104;105
ENSG00000120805;102;112;70;86;113;109;125;82;192;116;178;63;124;178;75;204;151;143
ENSG00000111666;76;42;44;27;44;33;23;20;40;12;34;11;43;40;16;72;46;56
ENSG00000111670;324;207;218;246;227;220;232;117;358;174;271;119;234;300;97;356;273;291
ENSG00000136048;180;183;121;120;175;128;220;183;365;273;359;148;153;237;101;278;153;173
ENSG00000120860;94;63;56;81;57;71;83;62;88;68;89;33;87;97;48;113;59;104
ENSG00000075188;40;27;29;37;24;33;31;19;28;22;44;14;38;56;18;78;42;45
ENSG00000111696;40;22;22;18;13;31;13;12;19;8;16;6;32;30;14;29;33;38
ENSG00000166598;1129;1159;803;1049;1314;1052;2673;1667;3863;2529;4439;1150;1413;1622;701;2292;1227;1167
ENSG00000204954;9;20;15;12;14;14;15;4;12;12;19;8;14;16;5;11;11;16
ENSG00000139372;174;140;102;153;165;132;112;65;173;97;228;69;168;212;76;262;165;189
ENSG00000111727;68;88;56;45;81;66;65;42;112;55;67;32;111;125;58;135;123;117
ENSG00000120837;61;52;48;27;71;67;50;28;63;39;56;28;57;71;31;99;59;76
ENSG00000198431;454;355;317;300;358;292;626;424;959;600;832;281;636;843;319;980;675;712
ENSG00000255150;50;55;47;33;30;27;80;52;105;48;75;37;48;77;24;93;75;68
ENSG00000171310;896;902;532;651;823;716;1342;897;2724;1377;1751;689;1151;1992;748;2129;1209;1358
ENSG00000136052;493;444;398;477;492;404;737;476;996;582;871;321;264;465;161;654;394;492
ENSG00000151131;197;136;130;105;137;118;146;99;223;115;150;102;149;202;79;237;196;218
ENSG00000136051;1623;1523;1234;1243;1365;1235;1150;741;1443;798;1521;546;1381;1647;772;2526;1648;1804
ENSG00000136044;330;247;194;169;180;196;199;146;326;149;249;112;268;280;151;333;219;290
ENSG00000235162;25;17;25;7;24;16;9;8;14;6;9;2;20;12;6;19;20;15
ENSG00000136026;269;308;260;292;443;307;452;347;863;560;752;234;295;409;135;491;275;307
ENSG00000166046;415;318;288;287;401;297;376;284;598;328;538;194;504;593;277;678;470;503
ENSG00000013503;18;34;36;27;31;27;24;27;35;24;36;9;35;44;11;55;32;53
ENSG00000111785;107;116;59;80;102;92;102;75;161;71;126;42;95;135;41;174;127;100
ENSG00000151135;139;142;102;117;148;140;135;91;185;120;212;67;112;124;53;190;117;141
ENSG00000120832;25;18;18;23;17;21;14;11;25;17;24;10;15;17;7;31;23;14
ENSG00000008405;78;56;42;37;49;52;59;22;86;53;79;31;65;69;38;103;70;51
ENSG00000151136;993;901;723;798;920;864;1163;985;2626;1380;1878;701;479;817;314;887;534;582
ENSG00000136045;155;147;96;93;114;116;111;62;156;96;164;57;122;154;64;215;129;158
ENSG00000110851;314;288;246;273;300;266;303;192;507;280;409;133;327;464;181;537;313;380
ENSG00000174600;266;204;190;169;183;235;301;200;552;297;374;162;342;432;204;444;253;303
ENSG00000198855;15;15;13;7;14;18;32;20;39;25;36;8;21;24;11;23;20;24
ENSG00000075856;656;507;348;452;450;442;597;514;1129;560;829;324;652;760;310;920;592;670
ENSG00000136003;171;135;136;130;162;107;171;117;305;170;256;87;181;237;88;281;186;198
ENSG00000110876;322;196;266;273;239;360;165;128;231;142;216;66;226;258;104;326;241;243
ENSG00000110880;1569;1400;901;1141;1409;1209;1435;1046;2669;1509;2182;828;1589;1967;781;2379;1419;1568
ENSG00000084112;2326;2134;1444;1716;2084;1818;1778;1435;3755;1946;2703;1184;1325;1770;666;1990;1163;1394
ENSG00000135093;86;87;47;56;78;56;62;49;132;71;105;37;65;75;43;108;72;75
ENSG00000189046;14;4;7;11;9;7;13;10;11;5;12;4;8;14;5;16;11;9
ENSG00000076248;40;30;23;29;26;38;37;14;58;21;29;14;37;37;20;50;26;38
ENSG00000076555;149;91;76;102;120;106;94;70;188;107;122;50;156;197;75;165;163;122
ENSG00000110906;486;458;344;391;458;331;508;352;844;504;658;299;544;636;268;717;470;507
ENSG00000151148;660;567;431;482;476;455;626;432;1123;558;830;314;620;854;363;930;555;647
ENSG00000139428;16;21;14;13;11;8;19;16;43;9;17;8;47;35;23;39;26;30
ENSG00000110921;16;11;14;15;10;6;13;12;26;15;21;9;40;18;10;26;15;31
ENSG00000139433;212;187;125;152;216;168;206;145;405;208;330;83;206;272;95;280;192;197
ENSG00000139437;72;67;49;67;71;63;64;48;106;60;71;28;74;88;31;80;69;87
ENSG00000139436;1106;951;726;732;854;751;1030;739;1683;932;1269;539;1263;1513;610;1839;1192;1237
ENSG00000076513;512;453;342;386;448;419;460;306;756;384;621;219;566;639;261;905;567;625
ENSG00000174456;43;22;27;27;41;24;24;21;38;24;38;19;23;37;12;40;32;44
ENSG00000122970;88;84;57;59;64;65;63;36;93;67;81;36;76;94;43;85;50;73
ENSG00000174437;1413;1346;987;1107;1367;1184;1880;1336;3084;1797;2690;905;1864;2153;920;2716;1554;1865
ENSG00000196510;144;120;81;97;115;94;115;93;182;123;147;51;187;166;89;258;136;168
ENSG00000111229;287;270;192;178;329;229;252;181;443;299;438;126;293;433;154;522;343;343
ENSG00000111231;25;36;7;30;30;35;32;22;30;15;46;19;58;60;34;103;55;63
ENSG00000111237;239;267;185;199;267;183;256;150;355;187;379;153;342;391;171;531;348;382
ENSG00000196850;782;694;526;582;595;612;780;490;1100;628;1045;372;693;917;398;1226;867;892
ENSG00000204852;32;35;20;36;25;36;42;15;29;29;21;12;52;55;22;64;51;59
ENSG00000122986;97;70;73;70;100;82;52;57;112;49;78;25;109;114;46;146;106;94
ENSG00000186298;492;491;384;421;472;481;519;330;646;431;727;233;624;674;279;979;565;624
ENSG00000198324;105;79;73;49;75;90;93;93;185;100;163;56;113;127;54;130;97;69
ENSG00000111252;1254;1058;755;813;1069;988;838;676;1936;914;1279;455;725;1063;401;1084;813;786
ENSG00000204842;547;450;372;357;397;344;426;313;732;388;512;228;508;584;282;777;503;570
ENSG00000089234;209;224;166;169;204;192;234;178;367;200;286;120;284;308;120;360;241;290
ENSG00000111271;438;397;290;318;335;315;366;306;755;377;578;240;418;549;231;596;325;446
ENSG00000111275;788;626;473;523;703;500;628;550;1146;637;901;433;587;639;274;734;517;558
ENSG00000089022;410;329;294;289;310;327;363;248;535;295;381;181;360;397;183;573;329;383
ENSG00000198270;38;36;48;41;44;32;28;34;50;22;45;12;53;57;29;86;50;56
ENSG00000089248;130;100;124;92;130;125;67;84;151;87;130;40;112;141;65;175;152;132
ENSG00000111300;286;276;242;173;292;202;304;188;382;221;347;162;338;384;198;631;423;437
ENSG00000135148;345;259;245;271;305;266;371;285;668;366;558;225;428;495;223;570;371;398
ENSG00000173064;1420;1109;889;922;1107;903;1201;929;2255;1244;1634;657;1484;1766;750;1989;1313;1337
ENSG00000089009;510;388;353;405;506;483;465;297;685;529;645;217;548;687;272;806;493;588
ENSG00000179295;631;567;423;471;604;528;540;385;937;527;841;293;554;762;291;1007;590;658
ENSG00000089127;94;62;71;84;88;113;40;28;41;25;38;20;51;50;30;93;76;64
ENSG00000111331;140;80;88;112;105;120;40;31;76;34;79;17;58;71;39;146;104;96
ENSG00000111335;162;78;122;104;142;113;37;31;49;25;60;18;78;64;45;106;117;93
ENSG00000111344;590;495;268;232;395;293;1091;888;2360;981;1587;564;3911;5503;2134;4739;3135;3151
ENSG00000123064;178;195;148;183;240;219;249;207;589;291;413;175;317;421;150;367;261;264
ENSG00000139405;27;24;20;21;33;18;22;25;45;30;45;13;26;38;9;41;25;29
ENSG00000186815;588;446;362;362;493;473;524;434;946;526;680;278;797;965;401;975;632;623
ENSG00000089060;602;485;359;361;515;455;553;432;1172;591;797;355;895;1002;408;1038;588;612
ENSG00000151176;654;609;386;408;582;405;588;464;1584;797;891;390;738;993;357;947;484;620
ENSG00000139410;20;11;18;5;41;14;18;15;51;29;36;20;30;28;11;21;18;17
ENSG00000122965;386;353;258;250;276;274;465;387;848;419;586;228;483;648;285;614;437;494
ENSG00000123066;2212;2057;1466;1599;1947;1591;2172;1448;3544;1978;2944;1080;2650;3206;1307;3736;2546;2705
ENSG00000111412;187;181;153;148;188;191;233;137;370;250;330;100;275;357;131;341;235;248
ENSG00000174989;48;38;52;36;40;46;41;30;49;36;28;15;57;50;21;72;42;64
ENSG00000135108;201;157;123;149;153;144;191;130;296;185;264;100;210;235;116;271;184;210
ENSG00000111445;47;46;45;31;50;42;48;33;60;42;59;15;51;53;16;81;46;60
ENSG00000176871;234;256;214;228;261;228;325;235;578;327;472;183;313;444;173;513;256;294
ENSG00000176834;47;57;34;44;60;38;35;24;59;28;47;29;53;49;28;64;26;43
ENSG00000089220;74;46;47;45;55;62;33;27;58;45;53;19;59;50;30;77;55;69
ENSG00000135090;720;527;416;484;550;492;575;405;893;463;792;274;772;922;383;1127;754;888
ENSG00000111707;740;798;543;608;727;656;711;499;1131;711;1115;354;760;1006;440;1182;825;843
ENSG00000111725;143;100;65;66;108;80;114;76;208;126;152;61;119;172;54;171;85;112
ENSG00000135127;59;25;46;44;43;46;42;19;71;38;50;30;58;58;26;50;35;42
ENSG00000111737;337;321;223;237;350;286;362;280;752;423;527;181;371;481;181;482;317;346
ENSG00000089154;1262;961;723;896;964;773;1123;963;2472;1157;1777;774;1252;1574;676;1639;994;1151
ENSG00000089157;759;553;625;622;618;695;733;536;1112;681;1013;405;905;1123;492;1196;691;748
ENSG00000089159;1794;1439;1071;1154;1538;1333;1873;1517;4305;2062;2830;1083;2234;2919;1062;2975;1970;2050
ENSG00000111775;29;38;15;26;26;23;28;19;59;29;51;18;45;52;17;62;30;29
ENSG00000170855;7;9;17;15;10;17;8;18;21;8;39;7;18;22;16;37;18;18
ENSG00000257218;136;112;103;98;131;89;121;78;195;110;216;57;114;185;69;202;147;183
ENSG00000111786;726;703;418;508;644;493;829;586;1358;749;1254;442;825;1019;414;1065;644;715
ENSG00000088986;218;246;146;188;246;214;289;203;481;324;411;162;337;421;125;445;219;282
ENSG00000110871;49;52;38;31;42;46;43;35;87;48;70;32;62;72;32;84;47;55
ENSG00000022840;1217;1067;786;878;1080;907;1314;860;2265;1275;1823;699;1390;1903;735;2043;1220;1416
ENSG00000110917;640;589;433;534;637;611;761;588;1338;839;1209;417;725;823;366;1046;678;640
ENSG00000175970;317;302;235;268;317;245;353;276;696;352;555;195;394;478;206;590;391;393
ENSG00000122971;70;64;42;33;64;38;60;65;139;84;88;42;61;80;41;79;37;53
ENSG00000157837;315;265;205;255;300;221;362;275;604;312;432;185;372;476;217;546;342;355
ENSG00000157895;54;46;40;32;42;48;45;42;90;60;64;24;57;62;32;61;41;44
ENSG00000135114;61;76;51;51;73;53;38;33;132;60;101;35;56;43;27;64;41;42
ENSG00000089041;225;192;181;184;225;183;411;275;544;363;509;138;575;680;241;724;458;466
ENSG00000135124;434;402;269;311;399;336;633;467;1226;652;876;326;660;878;359;883;504;579
ENSG00000110931;477;324;344;269;331;355;783;520;1303;679;916;356;617;762;295;841;507;607
ENSG00000089053;597;409;321;329;441;360;510;317;742;400;593;255;608;605;304;778;575;549
ENSG00000170633;206;179;129;170;173;163;170;157;418;204;301;126;253;313;125;367;237;273
ENSG00000089094;610;472;348;388;429;384;611;482;1289;654;819;386;768;820;320;914;614;664
ENSG00000276045;51;44;34;50;47;64;35;31;96;53;68;35;47;62;22;56;47;43
ENSG00000139714;12;4;7;10;7;16;9;4;15;4;9;5;4;5;2;12;5;4
ENSG00000188735;82;51;44;57;70;69;76;67;127;62;108;40;109;96;34;107;60;69
ENSG00000139725;229;157;148;160;164;173;230;222;575;326;429;166;104;138;59;175;122;140
ENSG00000139718;967;864;580;592;876;656;800;751;2130;1058;1266;533;1011;1464;524;1309;784;868
ENSG00000110801;48;52;28;23;31;45;59;26;76;32;52;12;46;52;25;76;43;61
ENSG00000158023;79;101;73;75;60;58;85;58;139;72;145;42;88;87;50;88;64;78
ENSG00000110987;27;22;26;12;29;22;21;18;59;28;36;7;15;13;15;41;20;22
ENSG00000175727;3104;2570;1862;2162;2434;2092;3334;2904;7474;3721;5048;1999;3504;4577;1775;4266;2764;2926
ENSG00000139719;103;84;51;79;89;67;88;61;136;79;116;43;107;123;61;177;102;108
ENSG00000130779;802;715;543;630;713;579;825;558;1441;772;1162;437;826;1035;437;1280;802;982
ENSG00000033030;401;341;258;296;343;257;357;225;531;297;425;186;432;470;225;650;396;485
ENSG00000111011;550;469;378;345;459;380;523;356;714;424;713;236;507;658;255;869;585;656
ENSG00000184445;132;87;89;105;124;92;96;73;160;76;137;48;153;166;71;237;175;167
ENSG00000182782;116;82;88;98;98;100;273;252;519;303;631;186;272;420;147;391;202;252
ENSG00000255398;188;179;162;172;215;155;526;378;895;484;921;290;392;673;242;710;325;457
ENSG00000139726;209;191;168;164;199;173;157;136;294;175;299;93;201;265;100;315;221;228
ENSG00000130783;10;13;15;7;13;13;5;10;15;13;16;2;14;12;3;14;4;19
ENSG00000130787;67;51;60;60;58;54;46;26;76;32;42;25;56;31;26;51;71;40
ENSG00000139722;227;218;153;144;178;146;198;192;515;269;368;113;239;327;123;326;199;222
ENSG00000150967;16;13;14;17;10;11;12;21;26;15;15;9;17;21;7;15;8;8
ENSG00000111325;45;28;20;16;27;26;28;30;78;53;59;20;48;56;22;45;30;37
ENSG00000090975;107;122;116;82;128;124;82;71;241;123;158;71;61;74;38;68;66;67
ENSG00000051825;185;143;121;158;140;147;118;71;162;102;185;47;177;194;82;292;163;182
ENSG00000130921;98;69;47;59;76;66;94;60;150;73;100;38;93;108;53;145;77;88
ENSG00000111328;43;32;20;28;44;36;24;14;32;27;29;10;28;25;14;31;34;17
ENSG00000139697;1265;1258;917;985;1223;984;1296;808;1722;995;1792;585;1186;1457;611;2112;1448;1468
ENSG00000183955;85;79;42;47;95;59;75;56;121;69;124;44;88;120;40;123;75;84
ENSG00000150977;335;246;187;233;282;228;320;283;770;456;509;244;226;306;117;341;197;189
ENSG00000184209;112;98;57;83;107;87;103;84;186;104;169;62;105;125;52;169;83;118
ENSG00000188026;15;12;9;6;11;17;13;6;15;14;12;7;9;10;3;9;6;10
ENSG00000086598;296;323;221;271;352;221;323;195;465;340;525;165;347;509;196;631;369;406
ENSG00000111364;157;115;123;92;128;121;139;104;249;118;156;70;182;191;96;272;153;190
ENSG00000111361;348;263;220;238;271;213;301;205;483;249;410;171;319;377;150;501;285;354
ENSG00000111358;96;75;74;54;107;118;85;39;112;74;99;43;87;119;47;155;103;123
ENSG00000168778;26;40;21;39;32;30;38;25;63;36;68;15;58;74;32;67;26;61
ENSG00000185344;158;127;102;133;123;144;150;92;249;118;202;85;232;209;78;296;190;215
ENSG00000119242;204;160;113;103;123;110;168;112;351;202;221;97;188;230;94;204;129;162
ENSG00000179195;233;201;141;193;206;215;216;150;315;197;300;111;285;349;100;388;276;334
ENSG00000196498;3062;2541;1817;1871;2534;2031;2627;2546;7971;3770;4355;1807;1868;2683;1154;2499;1592;1615
ENSG00000073060;288;241;156;137;205;190;318;281;611;362;468;189;268;266;140;267;168;221
ENSG00000150991;1406;1287;946;1109;1440;1222;1688;1175;3444;2005;2841;1008;1578;2274;744;2179;1307;1428
ENSG00000150990;193;114;127;122;167;135;176;133;409;200;254;124;251;310;103;272;173;208
ENSG00000184992;150;150;120;122;139;143;91;65;218;111;154;66;165;147;67;242;145;146
ENSG00000081760;86;95;66;59;72;56;86;63;193;100;158;49;122;150;63;175;98;93
ENSG00000139370;296;266;178;223;253;222;330;194;490;276;388;155;283;362;132;464;217;306
ENSG00000151948;408;396;305;338;398;285;383;299;650;325;536;193;455;477;237;567;393;374
ENSG00000111450;135;88;85;89;84;101;110;59;140;90;126;37;133;144;60;189;92;109
ENSG00000132341;260;244;236;225;252;226;295;201;480;282;434;189;373;420;182;511;297;375
ENSG00000111452;19;10;26;15;15;19;9;11;33;17;17;8;42;31;16;24;34;36
ENSG00000061936;542;447;345;371;414;442;502;489;1081;544;784;313;579;717;307;762;565;546
ENSG00000198598;185;139;86;122;133;107;113;114;368;168;190;109;83;113;56;94;57;63
ENSG00000177169;1715;1357;992;1052;1229;1014;1543;1602;4144;1951;2467;1101;1009;1336;579;1214;802;886
ENSG00000177192;71;77;51;55;58;56;59;69;178;88;105;46;97;120;42;123;69;62
ENSG00000183495;2416;2077;1466;1609;1903;1704;2244;1789;4776;2298;3053;1265;2073;2735;1122;2707;1884;1977
ENSG00000185163;142;106;97;91;91;97;118;117;261;127;180;65;123;182;52;150;109;94
ENSG00000184967;101;95;54;65;91;69;95;81;228;121;143;73;120;175;60;125;74;99
ENSG00000112787;727;534;412;361;565;483;543;599;1923;785;1035;374;539;742;301;624;475;465
ENSG00000177084;406;343;308;299;343;288;426;321;820;385;548;238;613;722;293;719;477;515
ENSG00000247077;53;20;37;38;28;40;27;27;32;34;49;13;58;50;21;42;33;30
ENSG00000176915;1156;992;695;798;1006;803;1158;911;2232;1188;1780;662;1266;1456;629;1784;1130;1207
ENSG00000090615;740;566;444;487;575;497;639;516;1335;716;920;389;762;920;382;914;655;761
ENSG00000072609;727;577;393;445;581;471;634;611;1530;703;963;370;783;948;415;968;670;642
ENSG00000196458;93;90;94;72;64;88;78;55;96;56;98;37;83;95;41;126;106;87
ENSG00000198393;380;259;236;240;284;242;289;201;429;219;418;155;296;317;129;432;317;283
ENSG00000198040;279;256;197;223;244;213;207;144;319;186;331;110;264;243;105;370;231;283
ENSG00000196387;119;110;73;65;99;70;80;71;155;56;143;47;112;117;41;148;106;109
ENSG00000214029;113;111;99;107;102;82;85;50;130;55;129;49;91;91;39;169;89;96
ENSG00000256223;25;12;22;17;23;25;13;21;17;9;29;7;22;19;3;18;31;25
ENSG00000090612;107;91;58;88;98;81;92;58;120;80;104;56;111;131;59;162;81;102
ENSG00000196199;703;576;435;475;573;534;620;442;992;613;977;313;623;757;291;969;525;674
ENSG00000121390;458;391;293;316;359;307;346;319;628;343;516;189;383;505;176;590;363;403
ENSG00000132950;212;170;141;143;191;138;147;110;194;94;218;71;178;207;85;304;215;201
ENSG00000121741;1750;1600;1246;1330;1427;1317;1279;867;1769;1008;1809;627;1422;1669;780;2564;1718;1705
ENSG00000165474;20;17;8;17;40;9;26;25;31;28;43;12;6;9;2;15;10;14
ENSG00000165475;84;85;61;60;107;79;114;79;229;93;205;68;140;221;79;204;125;143
ENSG00000032742;225;209;167;172;217;173;184;128;244;155;286;70;254;247;119;424;265;282
ENSG00000132953;296;290;280;231;322;272;269;180;347;188;322;119;293;386;137;578;323;418
ENSG00000150457;384;372;282;276;377;325;397;288;773;429;623;208;544;647;253;795;443;505
ENSG00000150459;168;173;122;138;174;156;191;117;301;187;291;110;214;251;92;244;178;192
ENSG00000173141;35;25;14;15;26;31;30;26;52;36;39;9;37;43;12;54;25;24
ENSG00000180776;652;699;469;648;737;600;648;386;838;575;942;263;1073;1028;442;1676;999;1077
ENSG00000165487;189;215;123;147;204;171;152;81;225;139;206;88;193;240;105;323;238;214
ENSG00000151835;249;180;176;185;230;195;210;128;313;197;260;102;252;261;116;341;245;261
ENSG00000027001;55;40;36;22;37;34;35;26;47;37;36;16;39;58;22;75;52;51
ENSG00000182957;644;608;458;539;567;534;593;413;969;516;860;287;402;532;209;709;417;497
ENSG00000102699;1361;1051;907;1037;1091;1023;1201;705;1789;993;1559;571;1404;1699;681;2197;1369;1609
ENSG00000151849;73;44;42;48;72;45;69;43;78;53;89;27;72;68;27;116;63;84
ENSG00000139505;332;329;222;245;320;247;286;176;409;272;446;157;362;413;174;641;409;402
ENSG00000139496;874;866;673;700;796;628;781;512;1078;651;1162;373;810;997;449;1561;1085;1024
ENSG00000127870;177;176;119;138;173;156;187;131;289;158;253;68;205;255;101;314;210;208
ENSG00000132964;133;96;64;57;74;65;80;51;142;66;100;42;93;109;38;126;82;91
ENSG00000152484;762;765;508;615;767;588;757;480;1041;608;1080;407;620;787;339;1193;766;844
ENSG00000122026;284;206;188;215;270;221;215;119;299;215;303;88;238;281;105;414;256;307
ENSG00000122034;86;55;53;55;78;62;58;34;73;46;81;19;76;82;37;108;73;79
ENSG00000122033;62;68;43;54;59;78;69;47;97;54;82;40;85;102;42;155;110;86
ENSG00000139517;45;38;29;51;52;41;43;21;48;31;48;16;62;48;21;90;46;57
ENSG00000186184;233;202;169;205;221;205;217;112;273;205;288;111;249;279;120;352;214;216
ENSG00000122025;96;53;64;52;70;66;109;85;166;85;135;69;88;88;36;96;97;84
ENSG00000152520;1475;1379;1066;1168;1274;1104;1253;890;1738;990;1654;587;1490;1695;740;2300;1485;1624
ENSG00000102755;157;180;195;168;217;151;348;240;451;346;524;152;254;288;112;292;188;235
ENSG00000132963;142;136;80;100;148;86;120;67;202;102;152;62;144;160;72;254;151;159
ENSG00000139508;30;22;19;40;17;36;14;10;20;7;12;7;29;41;12;51;63;35
ENSG00000139514;267;287;172;159;262;191;386;287;747;414;535;200;460;634;249;655;410;488
ENSG00000122042;480;495;375;374;494;384;503;403;886;584;770;284;484;689;293;853;521;610
ENSG00000102781;66;54;44;55;43;44;45;24;61;36;60;21;55;61;32;102;52;65
ENSG00000189403;896;793;593;646;822;731;622;394;908;546;813;323;661;796;378;1192;798;895
ENSG00000132952;372;341;233;289;354;291;275;168;376;196;370;136;317;389;166;572;371;385
ENSG00000132965;126;137;73;95;131;92;158;92;303;199;262;119;117;164;62;181;133;138
ENSG00000120694;150;110;99;78;95;132;130;85;180;100;158;58;195;204;94;275;155;239
ENSG00000187676;25;18;19;30;36;32;33;16;34;27;26;10;32;32;10;46;28;44
ENSG00000073910;466;350;297;318;383;354;609;444;788;503;740;254;1163;1024;413;1449;1046;1018
ENSG00000139618;92;83;46;83;69;78;66;39;94;60;95;30;103;116;62;175;122;122
ENSG00000139597;222;212;143;169;161;167;193;124;282;145;248;89;196;233;99;298;184;231
ENSG00000244754;2633;2277;1651;1849;1924;1885;1942;1310;2633;1513;2363;929;2190;2363;1073;3587;2490;2676
ENSG00000083642;550;590;383;455;511;529;490;296;591;342;629;213;510;587;267;886;628;593
ENSG00000133119;17;25;18;23;14;28;25;12;27;22;20;13;21;27;13;37;41;31
ENSG00000172915;36;42;25;24;33;22;22;18;31;24;34;9;44;53;31;57;53;57
ENSG00000133104;254;248;246;227;275;230;299;199;424;270;399;140;289;306;130;424;204;281
ENSG00000120697;79;80;52;66;71;61;86;55;105;55;120;30;80;86;37;122;81;84
ENSG00000120699;104;100;69;86;92;67;91;47;105;87;134;47;99;126;51;180;105;131
ENSG00000102710;351;260;258;237;286;269;294;181;399;234;348;144;295;380;149;483;328;404
ENSG00000120686;380;353;252;302;356;300;374;217;525;311;520;151;342;433;180;578;440;461
ENSG00000120685;326;259;219;205;256;226;264;176;444;256;344;146;290;348;135;385;254;361
ENSG00000188811;147;104;80;120;97;93;113;86;132;86;148;44;159;159;70;222;168;158
ENSG00000183722;57;62;36;53;60;48;116;59;220;110;139;51;35;36;27;51;35;41
ENSG00000133103;137;114;91;103;117;114;95;49;144;94;133;44;108;134;42;194;124;129
ENSG00000150907;259;270;195;176;215;204;193;110;300;174;229;91;288;310;132;441;312;314
ENSG00000102738;81;69;68;47;82;63;56;25;69;59;72;35;65;83;32;107;78;74
ENSG00000102743;19;22;11;24;15;20;16;12;16;9;19;12;9;27;5;27;10;13
ENSG00000120690;909;877;648;752;860;816;738;524;1130;742;1082;419;1044;1207;503;1657;1040;1183
ENSG00000120688;110;91;58;71;77;93;112;71;150;97;149;52;95;119;49;148;117;127
ENSG00000165572;18;12;8;13;19;13;14;11;24;16;29;10;18;10;15;20;20;17
ENSG00000120696;33;30;29;23;47;41;33;13;43;30;51;19;43;38;9;52;29;23
ENSG00000120662;131;117;62;106;119;103;106;71;149;85;136;55;120;140;54;187;124;134
ENSG00000172766;239;191;151;172;168;191;123;96;183;105;177;65;188;167;69;295;206;228
ENSG00000102760;688;464;366;399;480;452;407;343;1067;463;850;300;581;972;462;1174;655;1013
ENSG00000102763;104;48;48;71;49;48;48;25;43;35;52;10;72;55;26;114;91;74
ENSG00000102780;685;593;468;527;587;515;781;537;1068;621;1047;381;724;895;322;1311;784;956
ENSG00000023516;686;681;498;583;658;538;569;354;747;493;778;261;687;834;362;1194;808;876
ENSG00000133106;40;28;26;25;34;24;55;28;58;35;41;23;44;43;36;69;53;63
ENSG00000120675;120;97;66;78;93;69;78;47;80;64;100;57;93;113;41;163;108;132
ENSG00000179630;559;540;305;353;495;396;381;206;428;346;534;160;542;703;247;1069;572;715
ENSG00000102804;674;666;509;569;770;610;832;644;1442;862;1392;477;734;1037;381;1127;662;686
ENSG00000083635;32;27;13;19;30;28;17;15;36;20;33;10;28;39;13;41;35;39
ENSG00000133114;151;135;90;101;114;111;126;85;161;101;155;60;149;144;62;210;161;162
ENSG00000188342;113;135;107;103;110;72;117;93;180;105;165;56;149;148;74;230;148;183
ENSG00000133112;4200;4516;3163;3809;5655;3933;4301;2848;7881;5901;7896;2646;6062;7913;2757;9238;5267;5538
ENSG00000174032;155;139;92;116;133;126;146;78;175;106;145;91;132;198;58;213;137;152
ENSG00000136152;479;426;247;364;412;336;406;256;529;337;563;171;416;466;201;634;516;446
ENSG00000123200;609;563;454;487;550;510;599;391;967;558;825;275;516;718;275;952;578;645
ENSG00000136167;7657;7788;5293;6209;7923;6465;7969;5000;13128;8232;11874;4234;8977;12452;4587;14244;8215;9387
ENSG00000102445;2412;2040;1522;1690;1815;1722;1680;1363;3042;1586;2435;944;1260;2082;825;2214;1516;1660
ENSG00000136141;540;513;324;379;446;407;427;354;768;397;602;239;448;572;204;689;494;456
ENSG00000139684;72;99;82;69;85;76;91;47;95;71;105;36;104;119;40;181;107;131
ENSG00000136143;115;105;85;92;134;110;87;62;136;95;131;50;130;169;61;202;142;167
ENSG00000136159;28;22;6;26;23;34;16;12;45;18;44;15;35;51;24;55;28;19
ENSG00000136146;162;152;124;117;137;109;117;67;179;107;202;86;143;165;81;290;160;226
ENSG00000136156;671;696;516;554;778;680;462;279;696;492;740;244;732;842;308;1189;763;716
ENSG00000139687;335;336;224;253;284;277;286;192;382;225;364;119;450;473;191;720;475;470
ENSG00000139679;73;53;64;42;74;68;33;13;35;22;32;10;192;141;51;272;134;154
ENSG00000136161;256;238;159;161;228;210;149;101;227;133;173;56;722;639;279;899;575;590
ENSG00000152207;48;30;41;38;33;29;12;12;25;12;36;12;27;29;8;52;31;34
ENSG00000102531;2259;2172;1318;1815;1941;1670;1617;1067;2384;1393;2393;848;1672;2216;925;3172;1960;2041
ENSG00000102543;47;47;39;45;53;52;44;31;57;31;59;22;44;38;24;85;44;49
ENSG00000102547;55;65;49;56;39;42;42;42;86;51;72;29;72;81;32;76;76;80
ENSG00000136169;180;127;119;116;130;103;120;79;178;96;154;49;278;277;140;410;288;269
ENSG00000136147;170;148;104;111;146;157;153;82;204;117;143;59;141;163;76;201;162;166
ENSG00000136144;97;79;63;60;67;79;60;31;105;55;71;26;126;130;44;142;92;117
ENSG00000152213;136;85;58;61;101;83;111;73;207;106;124;59;162;186;71;243;117;174
ENSG00000102753;167;133;91;120;169;103;126;75;183;95;163;62;168;192;56;283;147;208
ENSG00000123178;35;26;25;23;38;35;35;24;58;41;39;11;22;36;12;46;18;45
ENSG00000204977;293;200;160;211;205;163;266;189;370;228;389;123;248;306;93;407;229;269
ENSG00000186047;33;51;30;47;50;26;47;25;69;52;64;34;24;48;12;74;43;42
ENSG00000136104;224;202;167;197;196;199;219;151;273;156;236;121;196;210;97;349;258;218
ENSG00000150510;49;48;24;61;47;35;69;48;123;71;92;34;14;16;8;9;9;21
ENSG00000102786;1328;1110;849;923;1022;999;983;677;1429;726;1354;533;1139;1269;587;1864;1266;1360
ENSG00000139668;1363;1082;875;874;1096;894;1084;835;1573;939;1469;505;978;1171;525;1544;1003;1100
ENSG00000102796;32;13;16;21;18;28;30;9;36;31;34;14;10;30;17;37;13;14
ENSG00000123191;37;21;4;25;19;14;24;11;39;22;20;16;27;32;13;35;14;17
ENSG00000253710;106;97;87;66;91;85;101;74;145;99;126;39;94;93;51;160;104;115
ENSG00000136098;39;14;29;15;24;23;20;18;28;20;23;8;25;41;10;42;30;38
ENSG00000136114;23;20;9;10;18;22;10;15;10;5;14;2;7;14;4;23;23;19
ENSG00000136100;524;417;295;322;373;355;372;248;505;304;494;173;422;484;203;710;464;507
ENSG00000136108;47;38;45;34;56;50;43;23;48;37;71;6;49;69;34;111;71;69
ENSG00000165416;722;651;489;530;631;518;580;331;716;389;675;248;596;676;345;1019;676;772
ENSG00000083544;102;81;68;106;95;113;88;67;134;95;113;49;89;115;52;163;92;117
ENSG00000184226;28;22;29;16;22;28;6;9;23;8;9;3;28;12;6;29;24;17
ENSG00000204899;30;31;30;24;34;21;26;13;29;14;46;11;32;47;8;54;32;37
ENSG00000136122;47;35;21;32;30;43;40;23;53;32;38;13;44;44;22;51;56;46
ENSG00000083520;429;387;294;380;394;341;384;263;585;300;535;204;423;532;241;735;441;528
ENSG00000083535;146;120;106;130;117;112;108;88;179;125;171;55;136;147;68;222;144;168
ENSG00000118922;178;119;131;128;147;155;70;48;113;62;69;40;94;81;46;134;129;106
ENSG00000136111;138;67;105;113;129;132;135;91;165;102;181;72;160;157;61;205;204;167
ENSG00000188243;30;24;21;25;25;30;15;16;39;26;30;9;38;23;12;42;22;42
ENSG00000136153;57;32;27;28;19;50;28;10;36;20;18;12;38;41;12;62;48;39
ENSG00000178695;1160;1227;918;969;1221;1016;943;549;1464;1008;1311;478;1418;1827;731;2486;1460;1731
ENSG00000102805;112;140;63;72;91;91;109;57;131;87;136;57;113;104;44;171;125;117
ENSG00000005812;443;395;270;348;328;308;337;189;429;323;489;204;399;435;201;646;405;410
ENSG00000005810;2425;1868;1613;1695;1952;1651;2070;1457;3196;1708;2677;1079;2431;2894;1167;3722;2489;2631
ENSG00000152193;88;75;64;89;91;67;65;49;81;64;95;41;82;98;46;138;95;98
ENSG00000139746;717;602;483;530;581;494;574;357;823;492;750;257;618;794;308;1025;736;737
ENSG00000136158;23;8;8;8;18;16;32;12;64;34;58;18;57;93;46;101;68;69
ENSG00000088451;48;42;31;31;41;31;47;17;46;30;46;21;34;39;19;75;37;65
ENSG00000152749;74;83;46;56;57;44;58;34;57;44;70;23;59;72;27;101;60;78
ENSG00000125257;156;98;113;99;73;81;95;63;204;75;116;62;162;133;59;186;146;139
ENSG00000102580;1141;1269;839;1015;1282;904;1982;1203;2670;1708;2733;951;925;1377;552;1965;1123;1256
ENSG00000102595;151;139;107;106;99;114;114;77;147;74;127;51;149;172;71;286;161;170
ENSG00000139793;296;268;243;220;247;215;241;153;302;203;257;135;337;349;136;463;345;304
ENSG00000125249;188;170;137;149;199;151;165;104;254;146;243;85;181;205;81;305;199;189
ENSG00000065150;197;143;135;123;178;129;166;98;216;139;217;77;169;226;100;291;177;206
ENSG00000152767;13;7;11;14;21;13;23;26;26;25;19;9;19;23;12;33;20;32
ENSG00000102572;4122;3774;2600;2867;3531;2903;3559;2923;7058;3638;5540;2234;2779;3987;1701;4832;3025;3487
ENSG00000088387;110;62;56;70;83;71;44;23;55;30;55;18;61;39;25;61;62;54
ENSG00000134882;606;556;377;497;473;456;581;452;1127;620;891;300;618;734;290;926;545;595
ENSG00000169508;396;467;301;403;644;383;560;301;790;519;789;261;752;1017;363;1366;780;831
ENSG00000125304;746;753;527;614;818;638;742;446;1074;640;1163;360;730;961;423;1363;814;912
ENSG00000175198;216;193;155;138;145;180;124;93;158;101;180;82;179;210;99;308;203;227
ENSG00000125247;96;48;47;64;52;61;63;28;84;47;69;34;81;116;40;147;64;106
ENSG00000134900;1182;991;793;919;922;876;869;566;1226;759;1208;427;1162;1308;568;1863;1186;1336
ENSG00000151287;34;23;10;16;22;28;15;8;21;16;22;8;23;32;15;45;34;34
ENSG00000134899;61;49;35;34;45;41;40;53;118;62;99;38;72;69;34;73;52;74
ENSG00000134884;465;380;309;365;392;368;390;303;694;401;698;177;469;596;233;774;473;570
ENSG00000174405;94;57;52;61;71;63;56;44;95;44;82;24;86;111;37;142;77;82
ENSG00000139826;209;160;147;99;143;164;123;99;156;118;196;77;166;181;96;267;203;232
ENSG00000102524;64;40;37;46;51;40;36;19;39;22;43;9;52;56;31;62;42;63
ENSG00000185950;468;352;279;282;363;308;295;268;809;477;548;190;290;442;156;503;299;354
ENSG00000139832;75;57;57;63;76;64;95;98;260;147;179;68;77;116;42;116;63;66
ENSG00000213995;343;276;206;217;326;199;377;271;650;320;514;164;396;456;179;464;329;337
ENSG00000134905;162;114;123;110;138;101;89;86;147;94;127;51;122;140;48;179;99;124
ENSG00000153487;166;129;114;104;128;130;138;112;279;162;185;98;150;230;82;219;130;129
ENSG00000088448;1191;1008;707;888;925;867;1177;871;1814;1055;1645;547;831;1157;417;1446;918;956
ENSG00000102606;945;735;617;716;851;712;855;693;1597;881;1293;455;967;1209;534;1416;872;1001
ENSG00000126216;773;572;477;483;539;506;708;473;1095;574;822;335;922;1057;482;1334;871;887
ENSG00000068650;1539;1322;912;1077;1230;1098;1438;1136;3132;1488;2193;797;1497;1949;766;2134;1371;1519
ENSG00000126226;273;222;145;172;188;163;203;146;355;194;297;107;271;324;136;358;278;287
ENSG00000139842;690;581;494;554;580;538;559;399;994;530;754;307;696;796;323;1007;678;741
ENSG00000185896;451;408;337;359;411;435;558;377;937;667;784;286;597;754;317;811;470;523
ENSG00000153531;46;41;30;30;43;27;46;43;133;51;93;23;21;34;16;35;13;27
ENSG00000150401;140;105;81;84;117;107;109;81;169;87;161;49;100;141;71;181;120;153
ENSG00000150403;509;556;389;413;528;524;550;329;949;543;791;278;531;749;279;881;522;543
ENSG00000198176;273;239;191;188;278;188;167;139;285;177;251;88;141;168;74;236;140;153
ENSG00000184497;146;128;85;66;111;82;113;121;280;139;190;79;106;122;52;103;74;103
ENSG00000183087;38;41;17;26;32;30;19;13;61;19;29;13;29;23;10;35;14;10
ENSG00000283199;327;273;198;227;256;236;304;274;866;325;452;197;271;362;123;335;212;201
ENSG00000185989;2665;2146;1785;1830;2344;1995;2714;2364;6281;2906;4093;1666;2252;2833;1193;2790;1887;2052
ENSG00000130177;285;258;205;254;225;242;246;171;351;206;318;101;275;332;109;444;278;300
ENSG00000169062;151;95;111;90;96;76;88;65;163;89;140;60;113;142;60;202;139;141
ENSG00000198824;154;121;121;108;153;93;104;60;150;103;144;52;136;164;77;257;164;197
ENSG00000136319;69;75;65;69;74;59;59;46;107;45;89;38;77;128;36;172;94;116
ENSG00000100814;41;17;19;25;28;38;21;19;32;25;37;14;28;41;18;52;46;37
ENSG00000129484;62;50;31;25;47;74;52;34;79;51;64;26;64;59;27;79;66;74
ENSG00000129566;1430;1297;982;998;1241;1059;1243;1032;2634;1339;1885;778;1753;2072;857;2258;1392;1532
ENSG00000092094;141;103;77;90;130;93;111;92;160;96;175;62;170;196;92;220;137;120
ENSG00000100823;145;76;85;126;103;149;94;67;172;81;108;44;146;142;77;194;143;134
ENSG00000165782;212;154;139;160;163;147;203;176;349;189;271;117;238;281;102;275;179;230
ENSG00000198805;556;527;308;348;492;319;659;475;1201;686;981;331;589;862;310;986;501;680
ENSG00000214274;50;58;22;49;69;24;65;49;124;77;117;34;84;96;41;84;63;57
ENSG00000169413;143;147;142;144;223;151;227;117;366;260;362;136;411;511;172;587;372;315
ENSG00000129538;496;556;261;307;584;339;1046;752;2202;1758;2099;585;2885;3750;1350;3558;1833;1928
ENSG00000165792;185;178;133;131;167;167;190;157;343;189;269;100;236;284;100;291;224;204
ENSG00000165795;30;24;23;10;11;23;18;19;41;15;30;10;24;7;7;22;16;13
ENSG00000165801;1082;1017;636;741;933;820;889;768;2341;1036;1436;611;854;1262;508;1201;704;777
ENSG00000165804;61;53;32;40;36;37;52;69;193;120;113;28;240;329;110;242;155;157
ENSG00000092199;2654;2283;1742;1973;2025;1857;2300;1659;3419;2015;3165;1064;2280;2798;1190;3828;2545;2645
ENSG00000092201;403;337;251;331;371;308;376;237;589;351;541;177;425;528;218;698;382;446
ENSG00000100888;1291;1240;855;1035;1180;980;1298;874;2112;1314;1881;645;1385;1910;754;2054;1482;1463
ENSG00000129472;141;133;99;77;142;104;125;84;211;152;171;69;136;175;82;243;132;126
ENSG00000092203;489;543;406;434;591;397;515;381;1053;547;866;274;606;820;307;908;649;674
ENSG00000165819;386;271;214;246;300;248;316;224;485;288;445;137;319;428;182;500;328;393
ENSG00000129562;182;179;117;167;190;128;263;158;419;262;339;95;309;367;153;456;254;229
ENSG00000100439;155;153;88;120;135;135;190;124;328;178;258;92;205;279;106;319;146;177
ENSG00000155463;419;443;311;388;443;392;482;374;822;452;752;255;699;900;346;940;678;681
ENSG00000155465;1835;1877;1290;1457;1811;1469;1750;1261;3219;1824;2406;922;623;924;374;986;660;786
ENSG00000172590;94;75;61;65;72;58;101;56;122;81;128;52;59;86;16;81;51;72
ENSG00000157227;10489;11228;6498;7726;11368;8164;12451;10933;33316;18641;22734;9016;4124;7680;2424;6893;3745;4530
ENSG00000197324;733;705;527;520;762;573;766;639;2007;1079;1303;458;795;1186;515;1073;658;773
ENSG00000139890;12;10;14;12;12;9;10;7;24;5;18;3;12;37;5;20;15;13
ENSG00000100461;977;878;632;702;830;750;983;678;1742;974;1455;500;1125;1463;557;1608;970;1007
ENSG00000100462;90;92;60;79;76;76;113;90;196;131;173;55;168;188;77;206;118;161
ENSG00000092036;52;34;43;36;48;53;39;40;59;36;56;23;68;79;38;91;57;63
ENSG00000100802;65;57;50;52;48;42;50;36;76;64;71;26;59;78;45;95;58;59
ENSG00000100804;55;51;27;39;55;43;63;39;104;68;98;26;83;95;43;107;50;85
ENSG00000100813;1873;1601;1113;1179;1508;1279;1696;1322;3487;1822;2465;824;1936;2674;933;2672;1751;1998
ENSG00000179933;70;74;67;64;83;78;71;51;153;94;110;39;105;119;50;160;56;74
ENSG00000290292;161;140;88;98;99;102;159;97;239;156;220;61;132;164;73;199;108;172
ENSG00000235194;203;181;140;153;151;123;189;127;289;146;215;92;194;179;87;242;148;168
ENSG00000129473;529;483;330;317;435;368;579;482;1114;682;972;341;533;684;276;617;428;445
ENSG00000258643;33;29;19;27;34;21;37;30;49;24;32;23;42;44;8;46;27;24
ENSG00000100836;650;487;361;433;487;379;543;465;1013;498;733;296;537;656;264;818;494;598
ENSG00000129460;183;166;114;154;136;131;180;122;296;151;251;92;214;235;85;297;214;246
ENSG00000136367;15;18;8;13;10;17;67;46;162;72;91;22;80;127;48;98;54;80
ENSG00000259431;71;48;40;41;49;51;88;76;196;106;170;58;148;168;89;192;119;127
ENSG00000213983;729;537;471;530;604;567;588;516;1226;675;977;371;695;765;354;787;481;528
ENSG00000157326;38;33;24;28;41;27;32;41;80;48;54;29;57;71;21;49;38;28
ENSG00000187630;21;20;23;25;34;31;27;12;29;30;36;12;22;38;13;58;39;21
ENSG00000129535;24;18;12;12;10;9;19;13;45;18;20;8;25;48;19;29;31;8
ENSG00000100889;121;85;72;71;104;88;100;93;221;132;142;53;143;201;64;170;114;159
ENSG00000100897;301;241;202;187;320;237;333;206;555;304;390;143;354;488;202;471;323;358
ENSG00000139914;11;14;11;11;8;12;9;11;32;5;9;9;11;21;13;10;10;12
ENSG00000092010;238;215;180;206;214;227;258;202;463;269;389;155;223;307;124;308;171;190
ENSG00000100908;41;18;19;13;28;17;33;20;56;32;36;14;24;32;18;29;24;15
ENSG00000100911;147;110;112;122;147;110;123;74;203;133;194;69;102;136;49;146;127;108
ENSG00000213928;162;103;96;91;121;106;120;74;237;120;140;53;130;206;73;234;146;152
ENSG00000100918;222;135;111;97;168;114;167;172;385;161;240;101;206;278;108;303;168;168
ENSG00000100926;17;22;8;6;17;9;7;7;36;16;28;6;19;24;8;15;15;16
ENSG00000129559;122;124;89;108;163;164;131;93;232;139;223;65;167;237;84;240;118;160
ENSG00000100938;194;227;156;165;207;154;238;183;447;235;376;146;312;394;130;411;239;284
ENSG00000092330;494;420;376;441;419;432;551;409;927;563;811;290;632;839;323;795;533;555
ENSG00000092295;30;13;31;11;19;16;30;22;46;36;26;11;22;44;25;29;23;27
ENSG00000100949;102;67;42;46;83;90;85;49;201;106;124;37;123;124;48;142;112;74
ENSG00000157379;70;68;38;58;66;55;62;49;131;79;83;34;73;96;36;85;70;70
ENSG00000196943;416;293;287;290;310;310;398;317;741;387;546;236;525;580;263;621;377;415
ENSG00000136305;71;48;69;52;40;56;30;19;29;27;34;8;28;29;13;53;31;26
ENSG00000213906;74;84;76;96;64;82;67;61;153;74;111;41;111;118;56;127;86;108
ENSG00000213903;196;125;127;135;157;160;134;89;201;97;136;73;121;150;61;216;155;134
ENSG00000129467;89;100;57;55;69;63;80;87;195;76;133;38;96;91;50;95;54;65
ENSG00000129465;215;161;139;149;214;142;206;165;459;201;296;124;235;301;111;276;206;237
ENSG00000139899;85;74;54;56;76;58;118;121;206;132;155;63;64;95;45;54;39;58
ENSG00000100441;1685;1423;1162;1187;1420;1207;1862;1475;3686;1986;2997;1114;2021;2642;1006;2812;1695;1891
ENSG00000100445;207;139;102;116;137;143;173;114;289;150;221;67;200;245;102;211;138;155
ENSG00000100450;88;53;66;45;57;80;33;16;42;24;30;7;42;29;15;48;39;34
ENSG00000100453;106;69;83;78;84;121;32;28;40;22;36;12;43;41;17;73;72;55
ENSG00000092140;291;252;209;239;238;222;222;166;288;152;280;109;221;284;116;471;309;333
ENSG00000092108;416;395;248;260;311;269;326;205;354;225;391;131;340;400;153;553;430;452
ENSG00000196792;466;378;285;289;329;328;371;252;537;342;492;186;340;395;162;592;383;369
ENSG00000100478;137;90;53;82;100;76;94;66;165;82;113;51;108;137;56;145;115;112
ENSG00000092148;2246;1975;1501;1631;2049;1718;2002;1312;3047;1717;2971;1061;2362;2771;1110;3666;2209;2469
ENSG00000129493;318;284;202;233;268;221;294;186;440;233;356;138;397;455;157;623;423;379
ENSG00000129480;25;13;9;14;18;14;16;9;12;13;16;5;14;23;6;34;27;43
ENSG00000151413;14;13;11;21;14;15;14;6;16;9;17;3;21;18;12;20;21;17
ENSG00000100852;512;419;340;380;466;385;356;236;467;310;484;209;352;483;194;679;470;469
ENSG00000129521;918;871;627;755;912;748;1214;920;1927;1215;2024;626;1589;1805;737;2010;1069;1325
ENSG00000165389;43;42;23;23;47;26;42;26;40;38;54;14;49;61;10;60;23;31
ENSG00000129518;101;66;77;73;120;81;85;59;149;83;123;29;92;108;34;143;82;96
ENSG00000129515;276;260;222;253;302;233;239;144;309;210;399;124;303;378;151;480;336;336
ENSG00000165410;19;11;13;21;12;25;12;7;17;17;21;5;33;27;13;40;26;30
ENSG00000198604;1115;1113;798;933;1070;911;1148;800;1899;1126;1739;574;973;1430;551;1807;1186;1282
ENSG00000100883;384;360;269;313;332;376;392;251;553;313;470;170;414;519;191;623;366;437
ENSG00000151327;74;80;54;65;66;54;68;54;118;68;98;41;81;75;40;91;62;57
ENSG00000092020;157;143;122;141;169;143;121;85;182;108;178;73;171;208;89;348;174;185
ENSG00000100890;121;65;46;61;79;67;72;69;105;65;109;48;81;119;60;118;81;113
ENSG00000100902;249;227;124;147;219;127;252;172;505;269;341;152;299;411;163;433;256;302
ENSG00000100906;12666;10094;7365;7975;9765;8773;13261;10423;24029;12741;19395;7030;13726;22233;8909;24276;13061;16729
ENSG00000174373;443;381;309;284;368;283;325;278;479;316;454;153;363;453;167;668;412;482
ENSG00000100916;23;33;14;25;26;15;18;20;24;15;28;12;13;28;15;37;24;33
ENSG00000151332;25;27;15;33;25;26;22;9;30;19;31;8;23;28;8;45;35;38
ENSG00000100934;403;386;260;321;357;325;401;266;590;336;584;191;426;501;197;651;437;471
ENSG00000092208;21;23;10;13;12;10;25;6;21;8;23;3;22;14;7;33;14;23
ENSG00000182400;241;232;184;148;238;164;165;119;216;153;221;105;231;238;102;325;226;260
ENSG00000100941;658;544;422;482;534;480;599;456;931;546;880;285;672;726;337;979;648;744
ENSG00000150527;261;226;117;180;211;197;192;127;251;146;251;95;277;315;127;418;279;272
ENSG00000165355;155;132;103;123;139;143;115;90;194;110;185;63;114;140;61;221;143;156
ENSG00000179476;14;14;12;14;10;24;11;13;19;10;16;5;17;14;5;26;13;19
ENSG00000179454;248;255;184;233;224;211;267;149;329;193;370;145;289;328;131;508;285;322
ENSG00000198718;347;313;202;263;280;241;409;268;562;347;472;196;334;433;143;469;349;350
ENSG00000185246;299;237;155;202;247;169;213;141;296;167;321;101;244;286;128;414;292;286
ENSG00000100442;62;61;54;43;67;48;57;41;79;38;83;23;53;71;39;109;73;71
ENSG00000187790;96;84;57;68;67;54;66;38;72;51;92;29;67;113;41;130;92;103
ENSG00000129534;553;512;433;435;504;445;366;240;460;305;534;166;523;616;269;956;657;753
ENSG00000213741;199;124;106;147;144;170;134;90;172;110;191;61;179;163;83;202;160;167
ENSG00000165501;23;16;8;14;19;7;17;10;29;17;34;9;24;24;14;28;19;23
ENSG00000165502;108;80;69;72;127;111;141;89;201;171;224;76;116;153;64;176;100;106
ENSG00000168282;158;194;98;121;155;130;184;134;402;221;351;123;207;266;122;362;192;201
ENSG00000165506;18;19;8;13;14;13;15;10;26;14;23;5;21;16;5;27;17;9
ENSG00000197776;55;59;48;40;47;28;41;19;46;21;45;16;46;39;17;46;36;53
ENSG00000165516;126;104;97;69;98;94;60;52;130;67;124;46;98;129;47;145;83;144
ENSG00000165525;999;788;675;691;824;653;724;531;1054;598;1038;360;830;903;385;1307;906;1010
ENSG00000165527;702;676;470;589;712;561;590;429;1105;742;1028;379;665;904;339;1083;614;690
ENSG00000100483;125;115;78;71;103;100;79;84;142;107;109;45;131;135;69;156;124;137
ENSG00000100485;850;758;583;660;705;667;694;420;857;591;893;369;722;919;423;1318;787;841
ENSG00000087299;13;12;7;9;19;24;14;12;12;4;12;5;20;13;6;22;22;11
ENSG00000125375;133;126;84;100;116;81;105;94;214;89;147;74;158;184;61;212;141;131
ENSG00000012983;208;231;149;182;183;202;166;123;201;110;208;79;153;174;109;294;196;194
ENSG00000151748;41;38;29;23;47;25;36;31;54;35;73;12;85;79;42;103;72;85
ENSG00000100503;855;650;634;653;730;676;583;359;927;526;824;277;814;874;365;1194;802;897
ENSG00000100504;500;478;353;497;537;423;561;394;923;536;934;268;738;899;379;1158;673;735
ENSG00000139921;392;408;292;339;422;346;345;256;562;380;664;221;384;537;194;810;444;466
ENSG00000139926;13;30;15;15;8;9;24;13;29;19;32;9;23;30;13;43;31;36
ENSG00000186469;225;132;165;192;203;222;68;44;91;65;97;43;135;106;56;185;144;166
ENSG00000087302;103;93;78;78;96;59;87;50;104;73;119;42;100;125;50;159;128;137
ENSG00000087303;32;23;21;16;16;21;53;39;98;33;65;21;19;27;9;30;26;24
ENSG00000168229;43;30;44;25;56;54;17;9;10;7;16;8;21;13;7;39;30;22
ENSG00000125384;300;314;188;260;294;246;320;217;712;399;457;167;466;644;259;701;463;543
ENSG00000087301;34;32;41;29;32;27;35;21;54;20;46;14;68;66;37;101;64;51
ENSG00000197930;1778;2146;1572;1903;2321;1769;2631;1549;3508;2444;3992;1152;1978;2474;1031;3562;2050;2215
ENSG00000100519;218;200;169;156;196;134;166;129;210;149;241;92;229;254;113;346;186;274
ENSG00000198252;188;163;163;189;178;188;135;104;274;159;208;84;185;239;109;307;215;204
ENSG00000100522;31;32;27;24;28;27;23;16;32;26;32;18;22;30;11;54;27;31
ENSG00000100523;342;287;236;225;231;284;338;201;418;233;356;138;387;412;159;583;414;424
ENSG00000100528;169;204;112;155;183;160;169;91;229;185;252;86;143;215;84;287;204;180
ENSG00000197045;352;382;263;294;391;324;312;174;353;277;430;123;308;394;148;656;400;392
ENSG00000100532;28;45;24;27;40;29;41;16;52;23;46;20;30;48;13;79;54;37
ENSG00000131979;138;116;106;119;112;115;94;58;125;86;121;43;26;52;22;61;44;32
ENSG00000198554;22;21;10;18;18;28;21;22;39;14;27;9;33;41;19;49;28;30
ENSG00000180008;179;161;124;133;165;135;122;78;189;125;231;79;137;201;79;251;179;212
ENSG00000168175;581;586;398;461;554;466;563;320;843;505;737;253;570;734;295;1027;630;736
ENSG00000131981;765;764;499;578;670;579;696;460;1181;696;944;297;811;974;410;1290;717;861
ENSG00000178974;298;242;194;219;236;229;272;194;423;236;354;117;321;335;128;435;293;299
ENSG00000258469;38;28;25;47;45;22;47;41;116;63;77;18;49;72;21;55;37;32
ENSG00000126775;388;339;229;306;314;308;330;224;480;268;464;152;379;420;193;535;353;437
ENSG00000126777;618;563;441;538;561;527;559;383;771;466;776;239;623;704;284;1010;604;678
ENSG00000139946;293;234;204;191;275;259;252;191;352;183;316;123;400;386;196;623;349;416
ENSG00000070269;222;214;183;181;209;189;188;130;283;160;271;95;260;304;131;385;222;294
ENSG00000070367;393;370;278;336;362;337;382;199;453;299;504;172;382;444;199;753;451;473
ENSG00000053770;288;251;166;206;239;174;204;105;249;185;273;89;260;290;121;448;302;297
ENSG00000139977;299;274;165;213;211;217;173;138;270;176;298;107;262;302;114;466;305;339
ENSG00000131966;147;131;95;99;124;141;133;78;158;110;159;63;125;159;71;215;152;164
ENSG00000100567;121;132;73;92;94;112;117;60;152;83;140;47;116;129;51;196;116;122
ENSG00000032219;881;751;624;616;737;647;766;521;1050;592;1017;342;832;954;381;1363;855;950
ENSG00000100575;14;14;18;14;17;7;10;7;13;13;11;3;11;20;6;23;17;12
ENSG00000100578;220;211;136;154;212;157;138;108;225;148;242;87;208;229;108;359;227;243
ENSG00000100592;76;69;51;63;65;68;73;31;82;41;109;33;66;70;37;119;74;99
ENSG00000181619;30;24;12;14;19;22;11;13;39;13;21;16;18;28;7;25;13;19
ENSG00000126790;58;41;40;38;34;37;30;25;57;23;42;24;48;42;21;67;42;53
ENSG00000050130;147;185;116;110;189;107;153;80;261;122;191;76;179;208;95;294;166;225
ENSG00000139970;66;39;62;42;54;69;81;69;118;87;85;49;147;174;61;175;137;102
ENSG00000126773;1096;972;712;779;833;774;915;589;1245;708;1190;450;1105;1178;517;1815;1109;1157
ENSG00000100612;116;120;99;110;146;91;161;102;320;182;315;99;138;165;71;238;104;132
ENSG00000100614;739;849;643;645;798;658;674;509;991;621;1014;340;789;966;424;1272;873;873
ENSG00000020426;44;25;27;26;32;28;14;12;37;31;28;11;33;36;15;43;35;36
ENSG00000126814;32;31;12;19;32;19;27;29;38;16;44;14;32;39;28;57;39;42
ENSG00000139974;135;115;97;92;107;102;116;66;156;89;160;48;207;193;76;303;193;197
ENSG00000027075;434;329;374;342;397;369;242;191;467;223;401;171;252;273;112;390;306;287
ENSG00000100644;7011;6714;4320;4760;6195;4861;4421;3038;7170;4100;6630;2483;3652;4928;2001;7103;5179;5224
ENSG00000023608;251;209;145;193;173;175;201;141;301;175;313;92;184;186;93;288;203;200
ENSG00000154001;323;278;203;220;297;246;299;229;503;265;398;135;347;393;170;467;338;383
ENSG00000140006;87;80;45;62;84;69;92;56;130;82;101;35;79;75;35;157;94;101
ENSG00000126821;27;25;26;26;26;32;12;10;23;17;23;9;18;30;13;33;36;17
ENSG00000054654;868;501;634;558;605;743;376;241;533;242;430;159;544;398;238;664;577;522
ENSG00000100714;27;32;36;36;28;26;36;16;38;30;22;16;54;55;27;66;43;49
ENSG00000089775;527;455;348;382;451;409;516;310;648;417;605;245;425;411;177;622;399;431
ENSG00000126804;761;654;487;641;635;556;569;392;803;488;939;329;643;740;274;1035;638;744
ENSG00000126803;20;29;27;16;23;23;29;21;41;30;27;6;40;35;14;39;16;23
ENSG00000126822;545;445;334;367;474;370;852;705;1674;857;1120;499;629;816;317;896;529;554
ENSG00000258289;306;270;182;206;256;227;240;145;330;195;309;96;271;314;137;516;302;361
ENSG00000257365;30;15;13;20;20;9;18;20;48;26;37;10;20;30;15;46;20;15
ENSG00000125952;403;355;311;325;378;385;426;348;737;439;590;217;464;567;212;570;353;401
ENSG00000033170;125;101;62;66;98;97;79;69;132;63;107;36;73;100;33;130;80;74
ENSG00000171723;299;314;179;229;235;207;295;211;482;269;430;129;270;242;102;334;205;236
ENSG00000072415;220;188;112;153;235;147;189;130;286;183;273;107;179;245;110;325;227;222
ENSG00000100554;110;146;91;90;142;125;138;97;184;124;228;74;151;186;98;248;154;165
ENSG00000134001;161;133;120;104;127;141;116;75;197;140;174;66;178;206;93;284;159;217
ENSG00000100558;67;44;32;72;48;29;68;55;160;73;100;36;68;105;43;104;81;68
ENSG00000198133;48;28;39;50;58;60;23;18;18;15;35;6;32;32;15;35;43;36
ENSG00000100564;46;34;29;28;34;28;37;34;57;33;48;26;46;53;21;78;54;43
ENSG00000100568;347;280;215;231;328;264;273;186;420;241;326;109;355;421;174;576;332;375
ENSG00000072042;152;135;103;149;193;112;153;108;286;187;247;94;207;224;104;261;141;188
ENSG00000072121;839;710;495;537;655;566;827;676;1465;820;1038;404;1276;1491;565;1605;972;1034
ENSG00000182185;57;43;37;30;32;33;31;23;41;23;47;16;38;34;14;57;42;45
ENSG00000185650;6402;6285;3682;4247;5602;4865;6553;4914;12792;7903;9836;3301;10741;14020;5295;16263;9622;10898
ENSG00000072110;1115;1119;864;831;1195;955;1504;1298;3501;1746;2325;895;1751;2316;864;2341;1395;1466
ENSG00000139990;853;775;609;652;792;594;763;535;1343;774;1114;419;890;948;355;1192;721;749
ENSG00000081177;44;41;32;43;34;51;56;34;89;50;49;31;64;90;30;124;57;69
ENSG00000100632;63;61;73;65;81;86;76;52;107;71;96;26;100;109;37;143;82;109
ENSG00000029364;514;494;335;399;490;369;497;344;864;521;895;295;558;783;354;1008;604;596
ENSG00000100647;2176;2011;1449;1599;1943;1639;2518;2014;5358;2899;3842;1502;1611;2397;889;2590;1517;1814
ENSG00000100650;3346;3120;2375;2749;3148;2904;3220;2502;5815;2993;5125;1805;3609;4726;1959;5829;3738;3922
ENSG00000133983;42;30;22;17;34;21;34;23;64;34;58;22;50;64;27;73;30;48
ENSG00000213463;121;118;77;81;93;89;115;59;130;86;103;47;97;88;51;159;101;115
ENSG00000134007;39;42;25;35;37;29;34;29;59;20;42;29;50;41;22;74;27;50
ENSG00000133997;199;199;154;150;164;140;144;102;230;124;211;71;183;220;112;310;226;203
ENSG00000006432;26;22;13;23;19;34;29;11;29;10;20;6;18;36;14;33;29;23
ENSG00000100731;3521;3419;2674;2802;3309;2744;4004;2931;6932;3669;6360;2105;4379;5987;2518;7701;5067;5504
ENSG00000197555;515;411;314;339;479;377;374;289;727;393;580;216;286;295;119;454;282;277
ENSG00000182732;23;16;21;16;17;11;22;14;35;12;29;6;9;10;10;10;7;12
ENSG00000119599;19;15;18;8;33;18;20;16;30;13;18;6;17;32;9;23;24;23
ENSG00000165861;579;454;276;309;396;348;519;393;971;527;696;322;565;746;345;810;462;497
ENSG00000119707;2121;1857;1435;1479;1585;1516;1692;1178;2565;1474;2369;830;1676;2037;900;2893;1994;2237
ENSG00000080815;1434;1313;893;1111;1321;990;1576;1168;2567;1416;2385;804;1700;2283;852;2779;1653;1858
ENSG00000100767;2204;1601;1087;985;1471;1318;1323;1162;3088;1264;1757;892;915;1107;494;1071;764;813
ENSG00000133961;2888;2583;1771;2132;2458;2087;2974;2179;5422;2845;4218;1472;2911;4140;1682;5237;3089;3574
ENSG00000170468;32;32;31;30;57;49;46;37;92;61;82;31;48;59;27;79;50;42
ENSG00000119673;19;18;9;14;17;21;7;12;42;21;41;17;13;26;9;14;13;31
ENSG00000119661;125;105;63;86;109;55;75;47;112;83;112;32;81;117;53;151;90;122
ENSG00000176903;391;502;281;345;441;343;464;344;939;568;772;263;555;792;307;782;404;501
ENSG00000156030;1645;1408;1023;1113;1286;1248;1518;1163;3187;1866;2120;892;2215;2837;1082;2772;1736;1790
ENSG00000140043;23;21;15;17;14;17;17;16;30;17;20;11;23;28;12;44;15;31
ENSG00000119725;39;56;33;32;43;40;39;30;60;25;48;19;39;60;31;65;59;64
ENSG00000156050;66;47;39;61;50;56;48;36;115;64;97;28;79;74;34;106;46;60
ENSG00000119723;93;91;57;77;70;62;68;69;128;67;105;30;78;120;37;113;77;87
ENSG00000187097;86;48;41;46;57;63;66;46;90;48;72;34;54;82;31;96;72;65
ENSG00000119711;41;42;24;43;48;34;46;20;62;29;57;22;49;62;24;73;50;72
ENSG00000205659;20;18;13;17;18;26;21;11;24;17;25;11;41;32;14;37;31;34
ENSG00000119688;367;303;227;271;330;288;342;284;668;329;510;218;430;489;189;486;310;400
ENSG00000119655;404;387;287;302;420;287;467;345;830;633;744;268;814;1068;387;1241;598;707
ENSG00000165898;36;32;29;32;38;38;34;31;74;46;61;28;28;63;25;89;59;44
ENSG00000119681;158;161;83;98;143;109;214;134;556;239;288;114;217;347;96;303;208;181
ENSG00000119682;744;670;403;493;655;531;721;508;1202;618;977;350;774;947;422;1066;768;823
ENSG00000119616;194;188;149;166;183;128;171;125;293;191;292;100;223;296;119;352;206;277
ENSG00000119596;998;884;676;748;813;818;854;629;1564;929;1304;483;990;1232;454;1476;887;1020
ENSG00000119689;544;478;339;352;465;378;522;420;990;521;799;269;588;762;302;842;554;586
ENSG00000119718;141;79;73;73;88;75;111;73;170;103;131;45;144;166;73;167;138;142
ENSG00000119684;368;329;253;309;276;316;347;196;450;277;418;154;342;372;125;464;309;349
ENSG00000119640;30;19;27;20;19;30;22;9;41;30;31;18;32;32;10;33;37;35
ENSG00000119638;670;637;420;492;685;480;677;464;1072;587;913;337;876;1017;395;1219;688;836
ENSG00000170348;556;760;482;605;733;529;830;493;1337;864;1371;368;893;1102;457;1393;844;941
ENSG00000170345;10091;6747;4271;5431;6623;6955;7350;4760;14220;6671;12020;5478;13245;21499;8518;23157;11218;14517
ENSG00000140044;49;44;42;18;40;51;30;29;50;33;56;9;68;54;20;62;52;54
ENSG00000156127;11;14;16;7;6;15;4;7;14;7;9;6;26;16;11;21;18;10
ENSG00000119686;1639;1460;972;1010;1245;1035;1600;1142;3057;1548;2001;854;1955;2389;984;2761;1703;2015
ENSG00000119685;602;502;390;469;435;429;566;334;837;418;601;254;613;682;302;927;574;619
ENSG00000119650;45;56;37;20;40;33;43;22;72;47;62;30;53;51;26;56;37;52
ENSG00000119699;13;21;13;16;20;25;10;15;28;22;12;11;20;24;8;16;12;16
ENSG00000089916;1982;1840;1380;1578;1685;1594;2188;1589;3491;1984;3091;1076;2301;2669;1162;3375;2349;2410
ENSG00000071246;1603;1377;1005;1018;1311;1038;1823;1627;4488;2164;3068;1188;1565;2264;846;2197;1367;1444
ENSG00000013523;311;276;208;210;275;265;289;195;526;261;370;161;273;442;144;412;241;272
ENSG00000119669;172;188;137;131;137;133;183;183;483;306;363;132;296;366;129;368;205;233
ENSG00000198894;73;82;80;49;72;74;88;58;146;88;128;28;105;129;78;164;90;109
ENSG00000165548;11;10;27;9;9;20;11;3;11;5;8;6;13;15;9;14;14;14
ENSG00000009830;185;149;82;92;141;119;172;128;325;149;203;86;250;300;126;316;179;179
ENSG00000100577;59;55;31;45;49;42;70;68;148;63;94;35;72;113;49;134;64;89
ENSG00000100580;400;361;262;314;352;368;384;252;537;377;554;219;672;744;283;976;567;646
ENSG00000165555;31;30;29;29;44;26;20;24;58;30;34;12;57;46;18;76;50;61
ENSG00000151445;234;271;155;170;226;217;199;153;403;203;313;136;287;350;136;413;273;281
ENSG00000100591;155;113;111;72;98;115;139;88;213;158;228;65;160;192;80;212;121;130
ENSG00000100596;455;386;358;352;422;427;387;261;516;389;561;191;478;517;204;807;442;529
ENSG00000100601;64;78;56;63;75;64;52;33;95;50;70;32;84;89;41;117;68;99
ENSG00000119705;12;14;14;11;14;13;16;12;21;18;16;11;13;30;6;23;13;18
ENSG00000100603;249;233;173;206;265;198;270;210;377;274;364;134;291;337;141;435;273;300
ENSG00000063761;10;6;8;10;15;9;12;6;13;5;9;3;20;15;8;20;21;19
ENSG00000100629;94;87;57;70;59;84;97;79;139;78;127;45;144;154;59;194;132;147
ENSG00000165417;364;394;267;262;351;320;320;188;410;271;423;151;299;418;148;583;379;401
ENSG00000140022;51;34;44;42;36;60;18;13;29;14;22;6;26;26;7;32;19;19
ENSG00000071537;1095;1230;871;1022;1247;903;1176;751;1688;1069;1871;589;1080;1509;644;1952;1239;1358
ENSG00000185070;565;496;300;386;536;372;302;182;528;296;384;150;616;891;349;1253;638;668
ENSG00000054983;336;324;245;254;348;310;253;176;408;295;402;166;341;357;149;486;292;333
ENSG00000140030;61;55;75;48;75;87;17;23;35;27;55;17;41;57;21;81;52;37
ENSG00000100722;342;297;275;249;313;246;258;183;371;217;354;152;298;388;154;493;327;366
ENSG00000165521;30;16;22;18;20;22;30;13;41;22;33;19;16;15;6;25;16;27
ENSG00000165533;27;44;28;18;21;26;30;19;41;21;30;14;15;24;8;14;13;24
ENSG00000053254;1074;1013;771;925;1084;942;998;746;1873;1050;1480;570;1137;1341;553;1870;1013;1142
ENSG00000140025;17;15;8;11;19;11;17;7;18;9;20;8;20;14;9;18;10;26
ENSG00000042088;280;229;145;211;218;178;200;162;362;211;321;110;234;314;118;384;281;283
ENSG00000152315;13;18;15;6;9;4;6;9;11;9;10;5;16;12;7;19;16;11
ENSG00000100764;309;261;196;207;246;219;285;224;513;322;442;152;381;426;190;592;395;411
ENSG00000119720;599;521;322;412;500;380;483;332;907;450;669;258;556;731;297;899;567;612
ENSG00000198668;1593;1439;1111;1261;1439;1313;1314;958;2252;1276;1984;769;1459;2214;809;2791;1736;1769
ENSG00000165914;68;67;40;59;41;33;68;57;137;74;96;40;70;99;29;118;66;86
ENSG00000100784;558;426;346;365;378;375;327;263;491;281;463;181;499;554;260;848;540;602
ENSG00000133943;269;145;133;136;159;175;121;94;187;115;154;60;151;136;68;161;123;129
ENSG00000119714;677;662;381;452;670;404;1066;956;2903;1597;1919;706;842;1374;428;1252;742;760
ENSG00000015133;454;220;337;321;320;375;194;132;339;134;218;93;306;296;144;376;297;252
ENSG00000100796;952;764;641;698;771;634;753;479;1184;628;964;362;845;1100;410;1474;962;1072
ENSG00000165929;177;89;128;109;117;142;69;22;90;36;63;25;111;76;33;126;115;113
ENSG00000100815;500;461;323;350;429;407;421;308;684;366;578;180;453;548;220;731;457;546
ENSG00000066427;620;549;393;438;526;527;409;314;628;351;609;208;621;612;297;1016;660;718
ENSG00000183648;61;59;30;51;51;49;56;53;104;66;77;36;73;117;44;126;85;77
ENSG00000165934;396;342;269;252;344;278;346;212;507;288;443;171;399;472;218;656;459;456
ENSG00000140090;525;482;439;496;472;407;409;333;793;373;695;245;130;242;86;330;187;207
ENSG00000100599;1866;1539;1187;1272;1460;1255;1746;1501;4466;2220;2891;1220;1078;1739;608;1512;999;1038
ENSG00000100600;218;187;124;168;260;185;162;134;359;214;284;98;242;294;128;401;176;245
ENSG00000066455;152;191;106;139;196;164;196;122;292;151;248;90;175;240;107;294;219;254
ENSG00000100605;350;225;187;199;252;237;200;168;490;232;312;144;404;478;195;501;320;326
ENSG00000165943;119;78;94;78;102;108;121;90;179;102;163;61;124;150;65;158;82;117
ENSG00000153485;20;23;16;13;21;17;25;15;41;26;36;14;26;33;12;48;27;32
ENSG00000012963;86;63;66;54;65;68;67;40;99;58;76;38;111;134;58;121;89;115
ENSG00000011114;408;415;312;310;392;326;386;275;636;391;548;215;444;564;244;732;485;511
ENSG00000089737;917;777;552;680;830;631;982;777;1794;1082;1466;538;855;1263;467;1348;814;901
ENSG00000119632;18;22;12;10;11;19;13;9;41;35;21;11;26;35;14;36;14;8
ENSG00000197249;2271;2413;1676;2316;2800;2129;3883;3013;8694;5190;7306;2474;1597;3317;1089;3061;1655;2072
ENSG00000100697;1769;1677;1309;1407;1770;1461;1656;1043;2161;1247;2106;736;2171;2415;1018;3510;2082;2464
ENSG00000165959;3886;3621;2465;3083;3340;2905;3652;2664;5959;3397;5175;2007;4028;4844;2139;5869;3700;4317
ENSG00000176438;458;361;349;379;463;413;499;380;880;482;684;233;777;821;358;876;584;644
ENSG00000182512;6;10;6;12;24;19;7;9;20;17;16;6;19;24;11;38;17;34
ENSG00000100721;17;10;5;19;10;25;4;4;9;9;13;2;14;7;4;21;15;17
ENSG00000066739;545;465;331;421;465;401;433;302;602;377;582;223;533;610;267;800;524;632
ENSG00000100744;41;33;39;28;42;27;33;24;56;23;50;12;34;34;18;65;33;23
ENSG00000090060;1914;1714;1319;1497;1719;1593;1537;955;2005;1291;2097;713;1725;2120;940;3175;2095;2265
ENSG00000100749;99;92;67;64;87;81;72;44;104;60;86;44;96;111;61;125;86;107
ENSG00000127152;371;227;245;249;205;309;119;75;181;71;169;57;174;181;78;214;204;222
ENSG00000183576;591;576;423;482;604;432;546;320;851;515;833;257;649;748;301;1010;660;699
ENSG00000090061;498;485;380;346;487;417;426;327;876;555;673;249;485;695;278;782;556;554
ENSG00000205476;22;20;10;6;19;13;12;13;9;5;8;3;13;11;12;17;6;7
ENSG00000196405;898;586;637;580;736;714;625;548;1405;567;891;299;1300;1703;771;1743;1172;1355
ENSG00000100811;869;727;607;661;718;620;743;508;1237;696;1033;395;789;1005;422;1347;856;915
ENSG00000197119;535;453;323;361;411;357;620;535;1376;719;971;378;631;862;392;838;525;612
ENSG00000140105;542;444;413;438;490;532;543;389;865;481;748;306;466;636;281;818;529;521
ENSG00000176473;47;42;29;36;50;48;60;49;122;59;73;30;64;77;29;70;62;66
ENSG00000078304;1113;867;789;771;983;836;845;546;1205;741;1118;412;976;1081;474;1497;932;1026
ENSG00000197102;3534;3160;2456;2734;3421;2757;3944;2942;7587;3900;5632;2101;3458;4535;1752;5042;3078;3642
ENSG00000080824;911;837;619;739;863;799;904;511;1345;932;1437;485;1057;1360;501;1927;1061;1268
ENSG00000140153;480;392;285;300;363;295;405;293;813;376;575;243;452;587;208;640;421;470
ENSG00000080823;20;10;12;7;19;13;13;12;21;24;25;8;33;36;16;45;32;30
ENSG00000022976;90;73;72;59;67;53;74;57;147;80;125;46;59;94;45;117;95;97
ENSG00000100865;57;58;47;54;51;46;76;57;176;75;108;51;89;107;57;147;67;70
ENSG00000196663;325;276;180;224;268;216;422;284;724;417;508;191;350;466;187;478;303;360
ENSG00000156381;28;20;27;32;22;23;24;28;66;33;58;21;39;37;14;41;30;40
ENSG00000089902;1610;1588;1073;1232;1493;1329;1397;1051;2410;1404;2141;752;1478;1957;791;2432;1513;1701
ENSG00000131323;1425;1245;923;890;1015;889;1777;1406;3676;1741;2510;1025;1440;1962;742;2063;1407;1426
ENSG00000198752;576;480;343;363;449;369;487;440;1135;612;798;309;572;754;324;746;507;556
ENSG00000185215;2238;1728;1348;1371;1783;1575;3778;3474;7960;4541;5669;2217;2451;3557;1237;3033;1866;2283
ENSG00000100664;2118;1948;1530;1594;1802;1601;2120;1406;3078;1830;3005;1093;2237;2967;1151;3884;2455;2768
ENSG00000075413;1209;1015;769;759;964;824;1065;808;1699;930;1388;550;1088;1438;533;1696;1150;1281
ENSG00000166166;75;60;35;42;43;35;60;54;174;80;116;47;89;145;50;83;73;80
ENSG00000166170;270;231;194;206;249;232;234;131;332;207;368;114;271;356;147;397;299;300
ENSG00000126214;1048;792;586;689;730;651;909;847;1995;817;1280;544;924;1105;495;1325;845;903
ENSG00000256053;49;46;41;26;45;39;48;23;84;53;52;29;55;51;33;82;36;52
ENSG00000126215;26;16;11;14;24;34;17;19;49;25;29;11;14;30;7;34;24;20
ENSG00000100711;44;42;29;36;32;35;39;16;70;28;45;21;38;69;33;66;47;38
ENSG00000088808;46;43;29;29;25;39;26;22;61;31;51;22;35;45;12;57;29;39
ENSG00000156411;96;64;41;45;66;62;66;45;113;45;91;44;73;89;28;111;72;88
ENSG00000156414;43;42;54;37;53;49;50;33;60;30;49;18;28;28;11;54;27;35
ENSG00000203485;973;827;602;683;807;642;1303;1351;3488;1756;2251;851;879;1179;467;944;562;700
ENSG00000185100;248;239;150;208;200;193;252;284;618;336;491;189;246;284;140;270;188;196
ENSG00000184990;182;180;157;148;184;144;257;195;536;322;390;173;239;386;140;317;221;230
ENSG00000142208;1394;1168;956;1052;1221;1074;1288;1186;3155;1563;2167;818;1661;1886;784;1889;1096;1298
ENSG00000179627;27;27;28;23;38;19;31;31;70;38;48;15;37;56;19;39;27;32
ENSG00000099814;132;93;66;76;102;60;173;132;400;189;220;79;172;252;91;165;135;137
ENSG00000166428;36;24;39;37;30;42;10;3;16;4;13;7;14;19;5;19;19;18
ENSG00000140104;18;12;13;17;25;19;20;23;39;30;45;12;30;41;16;45;20;33
ENSG00000170779;54;49;38;36;42;40;59;65;178;83;119;42;68;80;36;77;59;58
ENSG00000183484;501;447;314;310;372;352;652;561;1779;823;1002;468;446;658;237;594;455;414
ENSG00000184916;13;11;18;5;13;17;14;39;46;23;36;18;39;47;18;29;32;20
ENSG00000183828;36;18;21;10;16;18;35;32;75;38;51;17;36;63;21;56;30;34
ENSG00000185024;283;247;193;194;305;215;273;260;686;304;450;163;331;370;169;368;261;249
ENSG00000184887;75;80;66;74;81;66;80;64;193;124;138;56;108;140;64;158;80;85
ENSG00000179364;177;146;110;98;109;146;146;131;294;145;165;88;198;234;84;186;130;152
ENSG00000226174;41;34;22;20;28;14;18;26;76;27;40;27;32;42;11;31;16;17
ENSG00000182979;498;344;283;276;354;290;332;366;977;434;573;243;422;544;188;539;358;390
ENSG00000213145;84;46;51;42;71;93;50;24;98;45;78;32;48;65;37;103;40;47
ENSG00000185347;219;101;96;77;131;138;76;76;316;97;153;73;125;218;124;180;108;171
ENSG00000170113;94;63;66;52;74;82;112;62;133;94;116;53;106;91;46;134;86;115
ENSG00000140157;258;232;144;160;215;154;199;125;345;197;326;123;267;335;109;447;278;286
ENSG00000273749;1408;1344;874;991;1377;999;2033;1494;3837;1900;2701;998;2549;2990;1224;3269;1907;2190
ENSG00000275835;67;59;34;58;56;74;73;40;91;64;90;36;84;89;39;104;93;100
ENSG00000128739;120;71;75;89;77;99;87;43;119;54;117;45;81;74;37;141;100;78
ENSG00000114062;1219;1056;794;904;1020;885;942;568;1320;795;1215;491;1067;1253;539;1792;1274;1309
ENSG00000206190;177;146;127;120;124;114;126;122;310;127;192;77;102;100;54;122;109;98
ENSG00000128731;779;520;445;427;587;522;628;447;1167;618;780;355;777;935;350;931;657;721
ENSG00000034053;71;37;48;38;51;47;16;24;34;11;33;10;21;28;23;46;48;30
ENSG00000185115;51;27;30;35;42;29;32;18;56;29;48;31;25;48;17;71;33;40
ENSG00000166664;7;24;20;6;14;5;14;7;22;9;17;12;8;11;7;26;13;14
ENSG00000186399;18;12;15;13;37;31;27;13;41;15;28;14;24;37;8;25;18;30
ENSG00000261794;48;43;40;33;48;36;43;25;72;43;61;19;70;74;23;69;46;82
ENSG00000285077;16;8;13;14;8;19;7;8;7;7;11;4;7;10;3;24;14;14
ENSG00000198690;226;197;163;175;208;176;191;137;384;204;278;129;241;313;129;422;261;270
ENSG00000166912;503;438;376;398;415;391;437;281;642;351;490;187;532;609;282;873;623;618
ENSG00000169926;2599;2294;1789;1812;2177;1832;2599;2044;5269;3301;3969;1594;2934;3961;1475;4131;2330;2627
ENSG00000169918;41;20;28;22;18;29;26;28;52;22;38;21;14;30;5;29;25;33
ENSG00000175344;12;11;7;13;17;12;14;7;33;13;24;5;15;21;10;18;14;16
ENSG00000249931;22;23;23;12;27;8;22;10;48;20;28;12;31;28;14;45;20;19
ENSG00000232653;50;40;18;12;26;33;23;15;32;24;40;10;30;30;21;53;31;39
ENSG00000198826;7;27;14;12;8;10;6;5;8;7;14;3;17;17;5;24;26;20
ENSG00000248905;2587;2169;1541;1744;2045;1839;2518;1740;4188;2289;3068;1304;1406;2016;671;2462;1490;1665
ENSG00000169857;24;22;9;13;18;13;15;17;32;19;23;9;22;39;20;42;29;30
ENSG00000134153;109;111;77;117;118;132;156;91;219;153;259;76;151;188;68;236;126;160
ENSG00000182405;27;35;21;29;48;41;34;24;75;29;58;20;44;35;17;50;39;42
ENSG00000134152;153;120;124;105;115;135;85;59;112;66;133;52;135;127;68;228;140;159
ENSG00000128463;123;84;62;87;104;73;116;88;207;129;209;56;136;178;58;165;81;96
ENSG00000140199;2330;2336;1669;1820;2146;1882;2431;1745;4317;2359;3711;1247;2763;3643;1455;4326;2560;3011
ENSG00000182117;82;102;89;90;92;77;93;92;255;151;169;79;136;189;63;213;114;111
ENSG00000176454;152;122;74;85;86;91;94;66;199;87;132;40;110;116;41;108;88;67
ENSG00000175265;374;295;275;275;280;287;245;167;370;207;325;115;281;261;130;317;230;223
ENSG00000215252;120;66;70;77;80;93;60;44;88;42;83;22;96;67;24;91;89;91
ENSG00000021776;577;571;400;413;504;472;511;317;692;400;669;256;588;667;340;976;628;707
ENSG00000198146;261;216;198;219;232;230;197;105;265;151;281;78;211;231;133;393;274;280
ENSG00000134146;21;25;24;20;14;14;21;12;24;14;29;5;33;39;12;46;44;34
ENSG00000166068;135;149;115;119;122;137;146;95;196;129;176;57;308;322;132;500;299;338
ENSG00000171262;121;87;73;71;85;57;89;53;97;50;103;27;92;87;46;119;110;118
ENSG00000172575;184;113;146;157;135;194;84;64;122;66;107;48;111;90;54;177;139;129
ENSG00000137801;59636;68783;39290;51178;71585;48020;50461;43182;89866;59130;96099;30499;92860;131075;54687;136071;76417;81994
ENSG00000128829;186;179;137;124;180;149;164;113;254;139;229;87;284;274;125;368;250;283
ENSG00000140319;129;125;89;92;124;100;127;81;195;157;191;62;124;161;65;227;145;140
ENSG00000104081;548;385;353;366;353;364;525;374;885;488;707;248;1293;1177;527;1346;796;808
ENSG00000137841;564;280;424;445;474;579;220;175;316;210;291;87;522;531;244;743;489;532
ENSG00000259330;342;414;222;294;370;248;327;249;666;369;583;205;292;370;144;532;244;316
ENSG00000188549;36;33;29;31;41;32;37;30;72;58;79;22;44;42;15;30;30;20
ENSG00000128944;43;30;34;42;44;35;50;24;59;34;63;15;35;44;27;59;33;37
ENSG00000128928;157;121;106;107;131;128;128;100;225;117;196;74;208;219;72;253;142;145
ENSG00000140320;315;301;197;200;253;235;281;270;716;383;486;206;315;511;185;491;283;293
ENSG00000169105;62;43;37;59;37;46;31;31;102;40;61;38;43;59;22;49;40;49
ENSG00000128891;185;141;96;177;160;153;207;110;296;151;240;88;204;236;109;254;193;217
ENSG00000166133;15;8;7;16;10;4;8;8;14;9;8;2;12;13;3;11;6;15
ENSG00000137812;13;14;11;8;24;10;12;7;19;13;24;9;20;21;11;39;15;16
ENSG00000137824;155;130;92;110;128;116;156;110;275;159;230;87;188;226;101;259;160;181
ENSG00000104129;151;129;70;100;111;92;120;86;271;131;210;67;161;189;82;196;119;148
ENSG00000166140;159;128;90;91;104;106;129;118;291;155;182;80;162;225;75;235;115;118
ENSG00000166145;235;253;180;153;258;199;285;224;805;411;618;232;443;717;213;622;388;433
ENSG00000104142;158;146;103;105;159;166;186;124;433;221;305;112;201;275;102;243;157;164
ENSG00000128908;750;731;518;586;665;530;758;455;1124;653;957;347;828;1071;463;1361;825;862
ENSG00000187446;341;312;243;263;379;264;336;210;599;346;493;194;458;574;235;676;401;400
ENSG00000137806;70;58;32;27;57;27;41;31;58;34;78;20;55;63;25;80;40;38
ENSG00000137815;404;354;223;292;350;294;325;241;601;321;492;167;361;458;188;572;376;403
ENSG00000103932;222;161;125;126;169;154;177;133;430;193;286;91;184;272;113;277;193;172
ENSG00000174197;1189;932;795;765;951;840;1018;663;1488;821;1353;497;1209;1436;560;1833;1109;1293
ENSG00000137802;440;361;261;240;342;331;354;334;817;379;537;233;540;668;244;634;409;432
ENSG00000243789;119;101;97;89;99;51;120;112;270;126;172;53;129;151;58;146;122;120
ENSG00000243708;124;110;92;65;84;94;103;110;267;145;187;67;172;148;56;153;98;119
ENSG00000137877;222;189;111;131;190;134;293;316;941;436;554;268;238;375;141;353;191;248
ENSG00000103966;351;308;242;224;300;262;437;365;1050;551;785;286;416;607;188;618;349;385
ENSG00000166887;1219;1100;783;918;1041;843;1068;791;2034;1033;1534;583;1307;1583;665;1810;1181;1428
ENSG00000103978;668;531;436;442;550;517;522;367;778;431;839;347;690;822;318;1029;717;696
ENSG00000214013;368;307;208;226;253;280;253;171;432;187;352;123;295;324;155;463;281;333
ENSG00000092529;194;156;109;107;138;119;135;94;231;151;178;88;153;209;86;253;171;132
ENSG00000103994;1663;1507;1157;1377;1608;1397;1562;981;2561;1489;2289;826;1817;2165;905;2876;1628;1875
ENSG00000092531;348;312;227;240;345;312;311;215;461;280;420;164;374;533;204;669;457;473
ENSG00000180979;107;90;86;87;104;95;125;62;135;87;126;46;108;117;62;179;106;120
ENSG00000137814;81;55;55;54;58;63;79;51;103;67;109;26;77;97;29;125;72;84
ENSG00000159433;242;193;145;145;160;182;193;104;263;130;196;73;271;217;100;269;166;190
ENSG00000140326;359;271;213;236;325;247;293;246;659;348;414;158;347;418;195;384;255;302
ENSG00000128881;377;355;245;244;388;292;344;247;480;270;415;170;447;512;219;706;443;476
ENSG00000159459;473;432;289;369;428;348;340;226;515;332;473;162;418;464;185;704;467;473
ENSG00000137842;54;34;27;36;61;40;43;26;56;42;48;23;78;91;29;116;76;86
ENSG00000166946;437;387;272;306;415;320;426;300;656;410;631;220;455;551;265;661;407;442
ENSG00000104055;39;40;32;30;44;37;35;22;76;51;72;22;50;83;43;69;54;68
ENSG00000168806;26;31;20;33;37;27;26;42;95;51;51;22;43;62;28;90;43;62
ENSG00000168803;26;17;12;21;17;19;14;7;22;17;33;5;21;27;5;25;24;16
ENSG00000140265;268;215;148;183;231;202;221;167;391;260;358;129;300;327;114;362;218;274
ENSG00000137822;100;75;71;53;78;69;68;60;135;67;119;32;109;142;57;181;106;121
ENSG00000067369;822;757;579;642;746;655;751;590;1344;728;1248;416;776;1037;461;1181;793;954
ENSG00000168781;51;53;34;42;29;51;68;47;105;61;102;32;63;81;38;97;57;57
ENSG00000166762;91;63;80;43;62;59;115;67;161;61;106;38;102;108;70;148;121;101
ENSG00000167004;830;840;659;751;909;758;1426;932;2343;1506;2385;764;974;1406;588;1714;989;1037
ENSG00000140264;837;709;496;703;758;636;945;813;2181;1185;1408;460;1368;1643;713;1552;855;1024
ENSG00000242028;319;282;161;225;216;236;316;265;478;259;429;134;385;496;198;543;350;406
ENSG00000140259;75;76;45;74;85;75;87;64;180;99;170;55;130;161;49;157;90;93
ENSG00000092470;17;12;17;15;26;22;13;10;17;12;20;9;13;20;10;28;11;21
ENSG00000166734;276;292;211;237;362;283;322;215;523;353;452;132;446;510;198;596;381;366
ENSG00000137770;462;443;369;421;462;366;450;251;506;328;584;204;453;552;219;747;481;578
ENSG00000104131;135;152;110;108;140;125;150;90;225;152;217;70;200;266;108;378;205;237
ENSG00000104133;1971;1730;1290;1566;1717;1543;1786;1193;2687;1405;2437;967;1902;2094;993;2934;1940;2104
ENSG00000229474;152;110;96;97;127;103;103;63;152;70;108;47;97;135;61;162;120;114
ENSG00000166710;9597;10564;7942;9166;13321;9147;11480;7804;16340;12601;19459;5995;13377;15132;5985;18241;10667;11825
ENSG00000185880;56;50;23;71;45;56;62;42;100;65;83;47;51;84;23;69;46;55
ENSG00000140263;99;97;69;75;96;94;116;89;240;149;216;64;84;137;55;132;78;96
ENSG00000138606;6;11;3;6;5;7;10;9;19;8;15;3;16;16;9;13;8;9
ENSG00000171763;86;71;52;45;82;54;61;80;134;82;125;54;120;122;47;147;97;89
ENSG00000166920;370;367;254;307;431;272;419;284;767;513;680;199;245;384;124;489;298;328
ENSG00000104154;24;15;31;14;15;12;19;9;23;5;14;8;8;6;3;19;8;4
ENSG00000104164;453;419;266;391;416;358;421;289;564;372;608;191;610;665;261;950;628;687
ENSG00000137767;237;183;169;166;188;171;334;165;455;263;408;157;174;242;105;333;170;233
ENSG00000104177;28;14;18;23;14;13;12;10;24;8;22;3;22;28;14;30;26;17
ENSG00000128951;106;65;54;70;87;79;51;60;104;56;111;35;74;106;44;110;63;65
ENSG00000166147;294;155;143;168;166;137;305;195;517;268;420;237;149;169;86;183;197;137
ENSG00000103995;232;181;144;144;173;131;162;114;222;125;241;82;213;258;94;355;213;271
ENSG00000255302;122;112;94;106;148;106;109;66;150;91;137;41;112;142;62;228;123;178
ENSG00000138593;873;823;599;716;814;655;699;441;975;549;976;331;746;892;415;1234;835;944
ENSG00000166200;285;284;207;269;310;223;259;131;302;201;302;113;268;284;134;562;349;343
ENSG00000156958;164;109;90;87;98;82;108;72;180;72;161;50;149;156;61;197;141;136
ENSG00000104047;181;173;145;130;125;151;160;87;191;98;165;78;110;151;75;201;134;128
ENSG00000104043;223;176;142;152;147;100;109;64;151;87;148;60;143;153;66;203;144;174
ENSG00000140287;15;6;14;19;9;16;21;12;21;12;18;6;20;13;4;9;5;7
ENSG00000104064;163;209;161;150;170;141;179;154;301;164;254;92;136;209;78;325;148;197
ENSG00000138592;859;807;667;692;797;726;779;518;1241;738;1098;394;823;1065;492;1579;948;990
ENSG00000092439;1189;1152;849;952;1011;898;1293;729;1557;928;1558;577;1126;1350;593;2083;1283;1543
ENSG00000138600;1116;1218;819;954;1191;863;1251;780;1808;1000;1795;684;1113;1551;578;2138;1248;1392
ENSG00000081014;312;299;207;209;344;256;260;159;317;182;318;130;336;405;181;585;340;409
ENSG00000104093;12803;11965;8435;9357;10982;9370;11584;7520;15532;8905;14610;5497;10082;14330;5543;19579;12098;12998
ENSG00000140280;49;12;18;20;22;37;30;17;51;16;35;17;29;32;12;54;33;35
ENSG00000128872;117;77;80;119;85;94;74;53;88;57;74;29;102;109;42;146;114;102
ENSG00000138594;909;913;676;735;834;764;831;574;1239;702;1132;407;827;1066;441;1561;984;1106
ENSG00000166477;70;75;46;76;50;56;68;51;101;69;88;32;77;119;29;118;75;91
ENSG00000069956;542;577;417;459;547;416;594;350;783;493;835;233;755;815;361;1203;653;801
ENSG00000069966;208;190;147;150;173;150;168;120;309;192;294;95;135;139;65;141;146;154
ENSG00000128833;62;67;43;53;56;52;86;59;159;59;122;44;11;24;8;17;18;21
ENSG00000197535;1162;985;726;786;976;860;1172;763;1689;996;1440;625;1100;1422;521;1789;1143;1280
ENSG00000128989;460;485;411;392;455;425;488;255;684;431;658;236;478;642;259;860;566;614
ENSG00000047346;356;284;219;201;279;238;219;165;308;170;262;127;324;383;168;481;376;390
ENSG00000137876;344;343;219;308;321;261;287;160;384;285;451;162;344;411;160;627;350;405
ENSG00000069974;471;438;299;361;406;405;384;236;501;330;503;183;412;474;208;607;382;421
ENSG00000225973;58;48;40;34;50;41;50;36;87;64;90;26;72;93;38;64;59;39
ENSG00000069943;33;39;32;24;39;71;26;25;44;22;35;8;34;53;14;56;40;43
ENSG00000260916;59;44;38;35;53;39;44;34;61;33;61;24;70;76;36;136;89;65
ENSG00000069869;86;56;68;51;65;58;53;27;79;45;64;31;56;64;36;71;82;73
ENSG00000181827;195;187;122;146;140;159;124;69;182;106;146;54;157;180;91;255;199;176
ENSG00000137871;133;102;83;66;85;88;69;41;115;72;116;36;114;154;58;193;142;146
ENSG00000140262;443;436;301;333;381;386;404;283;667;342;500;197;510;615;233;782;509;530
ENSG00000255529;91;80;62;83;84;73;60;46;89;61;117;29;67;88;46;117;96;92
ENSG00000128918;13;11;12;15;17;20;20;7;24;13;22;8;59;65;31;55;43;46
ENSG00000103569;2249;2687;1576;2141;2983;2013;3240;2179;5368;3191;5231;1643;3558;5119;2048;5682;3280;3873
ENSG00000137845;1977;2056;1436;1675;1972;1646;1874;1306;2741;1849;2784;930;2398;3033;1204;4158;2468;2762
ENSG00000128923;379;348;250;297;319;287;338;258;477;329;525;168;401;452;171;688;431;489
ENSG00000157450;810;649;508;542;675;554;713;478;1225;681;1004;399;805;1031;397;1311;791;891
ENSG00000137776;755;612;499;518;597;556;617;451;922;523;848;318;720;802;344;1178;663;838
ENSG00000157456;19;15;16;9;15;15;15;7;31;14;19;14;29;40;13;46;21;20
ENSG00000157483;364;286;210;240;274;259;480;320;734;381;518;239;545;591;245;738;447;462
ENSG00000140307;54;62;45;53;53;57;56;26;70;47;77;30;48;87;28;108;65;74
ENSG00000140299;588;611;450;474;514;532;489;283;640;424;724;229;604;698;274;985;688;690
ENSG00000182718;1294;1227;887;982;1315;1060;1794;1223;3104;1908;2774;969;2162;2855;1021;3206;1707;1967
ENSG00000128915;233;222;175;180;195;191;184;122;247;154;263;80;215;228;93;375;228;252
ENSG00000069667;320;216;248;213;203;248;151;100;202;113;187;84;232;157;72;255;220;199
ENSG00000129003;3068;2587;2153;2454;2587;2349;2474;1539;3298;1913;3229;1138;2909;3051;1418;4914;3148;3406
ENSG00000140416;74;71;43;55;51;53;64;44;92;44;58;28;51;54;33;91;45;53
ENSG00000103642;385;312;254;264;325;299;391;278;608;415;526;193;508;600;223;834;502;581
ENSG00000185088;203;182;146;156;174;164;168;120;264;131;223;74;189;251;92;249;157;182
ENSG00000166128;1260;1325;917;1166;1313;1059;1260;703;1616;1029;1816;602;1089;1293;545;1936;1246;1346
ENSG00000138613;295;278;162;235;242;190;193;125;336;184;273;98;196;246;112;358;201;215
ENSG00000074410;3286;3155;2397;2940;3428;2750;2759;1999;5359;2696;4056;1410;481;984;358;1017;572;716
ENSG00000140455;2805;2464;1780;1972;2266;1917;2264;1587;3285;1881;3016;1175;2374;2780;1341;3925;2573;2815
ENSG00000197361;33;17;12;11;7;18;32;35;62;32;51;13;31;47;19;30;25;29
ENSG00000103657;2637;2268;1780;1881;2196;2000;2681;1865;4210;2248;3543;1441;2615;2877;1175;3646;2417;2601
ENSG00000035664;26;19;24;19;22;14;19;10;32;19;18;11;21;28;10;32;22;28
ENSG00000166797;111;84;81;97;106;96;120;63;149;95;125;55;183;213;75;279;162;194
ENSG00000028528;1350;1133;868;923;1039;919;1213;994;2035;1114;1753;643;1638;1884;794;2275;1269;1689
ENSG00000157734;21;12;19;10;14;31;11;10;19;9;21;8;21;20;4;20;13;19
ENSG00000166794;271;249;175;277;320;254;392;313;854;559;793;237;406;630;215;589;336;363
ENSG00000169118;420;375;314;343;376;320;418;270;631;337;592;227;414;592;214;697;391;502
ENSG00000103671;201;147;111;133;134;122;146;110;251;136;242;80;173;209;86;290;184;203
ENSG00000180357;1494;1207;962;1068;1278;1140;1281;1153;2712;1418;1966;798;1655;2030;852;2277;1396;1591
ENSG00000180304;360;369;257;296;414;312;475;341;856;519;754;237;390;542;197;617;362;370
ENSG00000140451;6;12;14;15;5;6;14;18;29;18;22;4;13;9;6;9;4;11
ENSG00000241839;1603;1541;991;995;1591;1025;1638;1217;3470;2046;2704;1013;2207;2934;1104;2923;1637;1812
ENSG00000166839;117;88;49;84;86;62;90;80;202;101;156;51;129;164;55;184;142;127
ENSG00000090487;811;820;453;562;741;533;789;614;1189;742;1020;415;966;1068;477;1379;898;841
ENSG00000103707;48;38;27;41;24;9;33;17;41;37;32;15;35;36;17;72;27;31
ENSG00000246922;63;67;37;30;46;59;45;39;114;47;71;30;60;78;40;87;60;54
ENSG00000090470;134;112;113;109;98;105;95;72;196;118;191;70;138;167;61;182;94;131
ENSG00000166855;346;274;227;238;308;287;272;192;446;259;418;145;298;415;160;504;327;357
ENSG00000138617;30;40;48;54;34;36;45;29;66;43;45;22;49;50;20;89;29;43
ENSG00000074603;620;516;452;441;542;420;458;308;674;388;655;233;566;639;249;923;605;617
ENSG00000074696;32;24;26;31;29;25;24;14;30;16;16;18;36;32;10;38;19;28
ENSG00000138614;202;170;143;119;191;117;175;113;221;174;219;84;184;235;95;232;137;158
ENSG00000074621;71;55;42;51;65;48;61;46;110;55;75;32;50;90;29;113;37;47
ENSG00000174485;671;489;377;543;545;492;648;408;861;498;802;284;726;871;377;1233;890;921
ENSG00000103769;294;308;214;212;272;240;287;135;355;208;319;106;357;355;131;500;317;331
ENSG00000166938;60;39;46;43;54;38;48;26;64;41;42;19;97;88;35;76;60;65
ENSG00000169032;1041;1054;693;817;986;806;1434;1014;2562;1390;2154;770;927;1232;468;1345;837;837
ENSG00000174446;37;13;23;13;22;15;15;16;24;19;18;10;21;31;13;37;29;29
ENSG00000174444;771;630;617;611;803;828;634;383;778;584;867;316;911;1041;478;1263;833;893
ENSG00000174442;31;21;22;23;12;23;15;5;28;19;29;16;19;35;9;49;47;37
ENSG00000137834;84;62;51;61;72;46;68;86;231;104;148;68;60;82;36;86;41;55
ENSG00000166949;214;109;138;154;124;216;145;104;242;122;229;73;165;175;77;240;195;229
ENSG00000103591;56;65;43;50;62;47;75;39;96;49;86;39;88;103;55;140;92;98
ENSG00000137764;194;180;125;137;172;123;148;105;249;126;211;85;180;217;106;312;172;223
ENSG00000188779;23;23;9;13;27;9;18;12;46;17;22;6;15;25;15;27;27;13
ENSG00000033800;1183;1076;760;870;1082;904;1117;704;1661;937;1431;512;1167;1441;655;1952;1294;1301
ENSG00000129007;30;19;28;12;23;27;30;14;48;31;48;16;36;37;13;35;34;30
ENSG00000128973;76;48;43;49;60;46;55;39;98;46;60;18;87;109;46;67;63;66
ENSG00000169018;336;376;249;291;328;323;371;175;495;297;481;169;393;502;178;626;379;425
ENSG00000140350;444;356;293;325;396;387;433;310;700;412;582;219;497;564;238;708;454;522
ENSG00000138604;84;60;58;51;77;37;72;26;80;59;101;44;60;81;31;119;83;85
ENSG00000137819;30;30;30;24;32;27;42;37;103;36;78;30;179;179;105;239;177;183
ENSG00000137807;10;4;10;3;8;13;10;7;17;6;18;4;18;24;11;33;40;26
ENSG00000137818;586;359;406;430;488;497;275;202;384;334;440;147;332;398;171;533;343;345
ENSG00000140332;1309;1301;991;1040;1251;1174;976;991;2569;1344;1868;711;1219;1353;573;1470;837;1015
ENSG00000137831;36;39;32;34;22;25;47;34;63;34;56;22;50;64;27;84;38;43
ENSG00000066933;768;692;566;628;699;626;673;426;953;522;885;303;746;911;344;1233;771;819
ENSG00000067225;7390;7135;4660;5723;7407;5785;11135;8520;24367;14350;20109;7053;11660;17030;5924;14647;8350;9657
ENSG00000137817;741;553;403;501;599;486;866;700;1522;817;1173;467;856;1035;448;1118;748;882
ENSG00000213614;531;462;341;355;469;341;393;264;648;382;566;216;623;659;268;849;473;529
ENSG00000166233;1364;1230;921;1019;1178;975;1147;849;1764;965;1572;576;1226;1400;664;2075;1227;1446
ENSG00000140463;154;91;92;100;135;103;149;73;172;102;147;65;136;151;59;213;123;156
ENSG00000159322;1866;1797;1086;1395;1670;1365;1802;1304;3304;1731;2665;906;1867;2447;1028;2740;1717;1974
ENSG00000067141;22;16;17;11;16;11;7;6;13;8;11;3;11;9;5;19;16;8
ENSG00000156642;876;855;565;647;840;726;793;654;1641;938;1321;505;985;1333;516;1493;999;965
ENSG00000103855;26;25;19;14;27;24;28;20;96;41;55;18;37;54;16;53;36;38
ENSG00000067221;15;17;10;12;5;14;9;6;25;16;14;2;7;16;7;14;15;7
ENSG00000140464;307;232;185;196;259;224;221;187;567;288;343;141;268;305;117;308;228;216
ENSG00000138623;58;39;39;38;28;42;39;34;108;53;58;30;39;38;16;36;23;34
ENSG00000138629;49;63;41;44;57;49;36;49;103;52;60;23;74;82;49;97;55;84
ENSG00000179361;367;303;249;246;309;245;365;239;729;380;527;178;255;353;152;380;260;321
ENSG00000179335;715;595;438;565;568;587;696;664;1543;741;1131;444;765;923;355;879;525;673
ENSG00000179151;320;223;188;192;221;224;278;190;534;257;386;142;300;392;160;391;247;280
ENSG00000103653;657;474;394;402;492;545;405;389;1118;601;710;274;742;937;381;961;595;618
ENSG00000140474;181;116;97;105;121;122;122;108;224;129;139;53;210;208;79;202;167;147
ENSG00000140497;502;427;298;296;415;328;462;359;959;610;727;255;659;911;319;829;485;554
ENSG00000178802;194;169;150;155;175;181;234;184;401;237;345;105;217;275;112;262;175;206
ENSG00000178761;368;295;227;266;291;255;301;237;587;316;447;174;371;439;157;444;306;372
ENSG00000178741;87;53;54;55;80;71;56;45;82;69;105;32;94;130;46;185;95;117
ENSG00000138621;42;36;50;22;43;26;42;32;72;32;53;27;69;89;24;69;54;53
ENSG00000167173;597;477;386;408;522;518;395;359;802;515;640;228;814;976;386;861;620;574
ENSG00000140365;59;65;45;52;64;47;80;59;147;85;98;43;79;111;35;76;54;50
ENSG00000140398;30;19;9;16;17;27;18;10;25;17;22;11;8;20;6;25;26;16
ENSG00000140400;1438;1150;810;957;1117;974;1359;1384;3253;1638;2268;921;1670;2169;907;1829;1260;1397
ENSG00000169375;1006;958;676;768;881;826;1013;697;1704;892;1465;508;949;1290;535;1550;989;1062
ENSG00000169410;536;499;349;403;460;415;459;334;799;434;584;283;412;512;225;608;350;437
ENSG00000169371;99;71;45;56;71;59;82;65;157;96;116;45;77;141;38;142;94;90
ENSG00000177971;61;54;57;69;75;75;83;75;145;85;126;59;88;124;41;121;68;94
ENSG00000173548;827;695;484;561;643;503;816;727;1586;859;1204;554;674;748;323;703;450;511
ENSG00000140367;272;233;190;167;229;204;174;112;266;163;227;98;169;193;84;308;203;191
ENSG00000167196;188;156;102;112;163;125;171;92;202;135;202;71;136;165;74;239;159;190
ENSG00000140374;192;133;89;107;145;116;141;105;230;110;167;67;145;210;86;232;174;203
ENSG00000140386;278;183;186;185;255;211;236;151;299;171;279;87;259;252;123;396;237;259
ENSG00000117906;63;50;29;43;43;33;42;28;61;31;60;14;36;59;23;69;43;41
ENSG00000140368;773;582;453;434;566;461;686;531;1557;697;921;410;834;1048;419;967;673;665
ENSG00000140391;469;457;283;349;494;381;656;465;1229;722;1105;331;555;729;274;854;490;530
ENSG00000173517;705;671;494;509;627;548;749;488;1258;655;1054;388;684;888;360;1094;657;800
ENSG00000140382;271;284;167;176;234;184;241;168;357;194;314;124;259;325;135;418;268;284
ENSG00000167202;918;742;629;589;746;634;1089;736;1965;957;1403;538;1110;1418;592;1615;946;1026
ENSG00000166411;102;79;102;88;90;84;90;79;148;90;168;55;158;155;72;223;157;156
ENSG00000140403;119;79;76;60;70;98;85;75;121;71;107;43;110;125;39;178;87;112
ENSG00000140395;106;101;83;97;116;123;98;79;161;67;128;60;104;149;59;167;93;131
ENSG00000136381;748;696;537;579;717;573;648;410;845;568;934;305;690;888;374;1205;770;837
ENSG00000041357;262;228;168;205;249;199;229;170;359;217;334;115;233;341;117;397;217;277
ENSG00000136378;36;40;22;18;34;26;73;61;222;92;98;45;26;42;17;33;10;26
ENSG00000185787;1328;1323;957;1131;1284;998;1265;852;1932;1194;1825;630;1359;1711;733;2353;1524;1574
ENSG00000103811;1255;1168;754;981;1166;953;1572;1304;3366;1849;2639;842;771;1091;385;1123;568;801
ENSG00000166557;77;89;82;70;84;60;94;40;153;79;137;48;116;121;53;159;83;86
ENSG00000136371;55;58;33;27;46;47;34;31;75;35;56;19;26;35;18;31;29;33
ENSG00000259332;101;59;35;51;75;72;81;125;221;159;182;80;91;101;48;81;69;60
ENSG00000140379;365;357;243;330;378;315;381;261;481;355;625;201;217;350;131;471;319;296
ENSG00000086666;427;361;330;352;424;335;369;254;513;241;446;161;415;460;205;678;430;525
ENSG00000103876;113;125;95;69;103;97;139;90;270;111;200;67;163;140;71;149;112;119
ENSG00000172379;17;16;12;16;21;8;16;13;29;15;19;9;21;18;14;18;16;11
ENSG00000136379;69;100;57;59;84;71;30;26;107;41;67;41;14;19;10;22;25;22
ENSG00000103888;1047;907;657;840;1093;778;288;253;1022;352;578;289;41;99;37;100;59;91
ENSG00000117899;272;219;179;187;241;213;280;170;475;275;387;149;257;340;132;412;194;253
ENSG00000140406;162;134;70;97;144;117;158;136;329;231;246;88;139;174;73;223;145;117
ENSG00000172349;472;302;344;373;377;452;366;238;592;332;503;194;308;405;178;507;354;400
ENSG00000172345;275;307;182;242;230;229;399;341;789;364;618;236;269;426;135;463;286;325
ENSG00000183496;114;98;62;71;121;75;96;101;271;165;203;85;95;140;62;117;75;83
ENSG00000140598;364;385;261;319;371;291;436;256;605;352;625;203;393;506;210;750;441;501
ENSG00000182774;71;58;53;38;41;58;63;39;81;33;46;19;55;70;35;73;70;84
ENSG00000156232;279;171;157;170;177;199;224;144;390;218;263;113;210;267;100;318;210;238
ENSG00000169612;28;43;18;29;28;31;30;21;45;46;48;21;31;58;12;54;25;30
ENSG00000169609;126;85;51;91;95;93;79;75;146;81;108;51;129;121;51;162;108;103
ENSG00000064726;213;205;110;161;196;172;144;126;246;143;241;87;213;218;91;367;220;242
ENSG00000136404;112;80;96;85;116;92;122;75;159;100;176;73;199;227;98;284;166;203
ENSG00000166503;60;38;22;21;39;27;57;31;89;44;51;19;47;44;13;56;62;46
ENSG00000176371;58;48;32;55;57;48;54;39;120;65;97;34;48;57;21;55;32;58
ENSG00000177082;349;287;196;268;269;277;343;303;686;343;529;222;418;503;253;626;398;418
ENSG00000197696;14;19;13;4;15;19;13;11;17;11;13;5;13;18;7;14;13;17
ENSG00000140612;351;384;288;318;415;318;460;280;650;424;647;251;561;677;258;883;474;538
ENSG00000166716;1036;969;633;600;854;737;959;752;1842;1017;1403;526;1250;1471;670;1531;983;1160
ENSG00000136383;16;15;13;13;12;15;19;19;45;27;31;9;29;37;21;36;28;27
ENSG00000073417;537;475;338;348;432;365;442;285;587;325;577;234;375;424;193;542;382;459
ENSG00000170776;8562;7528;5603;6364;7674;6558;7250;5534;13385;7304;10970;4235;7439;9667;3962;10955;7037;8081
ENSG00000181991;70;60;44;58;57;51;58;42;93;53;74;27;82;95;36;80;64;75
ENSG00000181026;27;13;14;36;21;35;8;8;15;12;19;8;21;19;14;43;26;25
ENSG00000172183;45;38;54;32;45;48;27;28;53;41;36;20;50;32;19;43;32;37
ENSG00000140511;52;26;32;24;35;31;19;30;38;19;28;18;37;36;15;37;27;19
ENSG00000140545;158;99;86;75;125;83;72;70;203;94;168;44;88;124;48;136;72;98
ENSG00000140526;1619;1608;1103;1222;1626;1273;1826;1168;3442;1909;2726;919;2454;3503;1341;4345;2476;3024
ENSG00000140525;58;98;64;51;73;64;67;37;82;52;82;30;120;97;35;129;87;91
ENSG00000140521;791;614;454;467;639;579;788;667;1629;827;1123;423;977;1214;492;1264;694;804
ENSG00000166821;11;20;8;7;6;9;12;10;20;12;26;7;12;21;5;12;17;11
ENSG00000166825;20731;20785;12037;13510;20458;14884;24344;22761;65850;34651;41540;15656;25014;40326;14401;33530;19942;23323
ENSG00000157823;143;91;101;102;98;112;129;98;200;102;139;66;151;146;57;180;74;147
ENSG00000242498;79;91;86;67;94;93;84;51;117;86;81;34;141;151;77;193;105;105
ENSG00000140548;814;708;488;502;646;492;832;699;2041;1086;1292;509;1112;1565;530;1534;903;920
ENSG00000182054;251;189;143;138;209;142;181;189;447;231;342;117;318;400;134;389;229;229
ENSG00000185033;938;838;631;630;809;662;1228;1041;2804;1530;1861;719;1131;1626;624;1401;872;885
ENSG00000185043;257;218;141;211;207;151;267;220;524;293;390;124;311;373;167;375;193;240
ENSG00000140575;4025;3822;2831;3273;3833;3343;4144;2786;6454;3657;6077;2024;5094;6631;2538;8171;4981;5550
ENSG00000140577;846;751;536;502;664;670;851;603;1536;792;1085;419;884;1123;430;1144;732;849
ENSG00000197299;25;21;17;11;21;27;14;11;20;12;22;11;17;27;9;48;41;29
ENSG00000140564;1227;1224;769;863;1292;880;1224;1173;3684;1950;2359;873;1530;2159;797;2013;1172;1294
ENSG00000182511;233;187;174;155;198;192;142;136;315;127;215;65;281;286;122;286;176;215
ENSG00000196547;763;657;541;487;696;584;657;637;1511;708;1073;411;1182;1313;620;1350;879;952
ENSG00000184508;17;12;8;16;12;9;17;10;32;17;24;7;26;24;7;26;16;12
ENSG00000140553;397;387;243;263;401;318;428;360;997;481;730;257;466;578;205;526;350;362
ENSG00000166965;68;59;41;31;34;41;34;37;100;32;58;26;46;70;20;70;48;50
ENSG00000184056;25;22;20;23;28;39;20;29;50;34;42;18;37;61;23;60;23;42
ENSG00000176463;729;639;464;469;722;481;968;807;1973;1044;1373;533;833;1171;409;1209;786;806
ENSG00000173575;6050;5164;4049;4263;4749;4517;5224;3913;8488;4499;7193;2936;6035;7166;3006;9174;6188;6480
ENSG00000140563;185;147;143;113;119;134;82;47;92;59;77;35;155;147;70;177;148;169
ENSG00000140450;749;794;576;500;678;571;712;522;1170;722;1100;381;692;976;386;1370;747;964
ENSG00000140443;924;940;662;859;994;877;919;716;1851;1006;1380;551;883;1099;446;1184;727;831
ENSG00000182253;23;15;19;33;19;18;19;8;40;17;15;7;21;14;7;16;18;17
ENSG00000103852;9;14;5;6;7;8;14;12;14;5;14;4;11;7;7;12;13;11
ENSG00000168904;103;78;81;74;89;68;84;47;111;75;99;43;104;110;54;182;113;124
ENSG00000068305;551;452;393;390;457;420;502;293;646;420;618;197;627;700;319;1038;578;719
ENSG00000183060;100;82;55;84;73;74;89;72;160;99;135;55;99;107;52;112;77;92
ENSG00000140471;131;107;70;63;87;108;88;49;111;55;114;41;125;112;42;159;116;121
ENSG00000183475;173;135;106;140;118;115;147;87;231;145;215;74;170;196;80;258;186;179
ENSG00000154237;363;329;240;267;327;277;434;335;875;416;494;208;519;582;242;590;371;411
ENSG00000131873;461;520;375;458;460;430;556;379;991;513;874;287;948;1162;454;1510;790;914
ENSG00000131871;102;104;73;73;91;83;152;86;178;131;183;54;98;111;61;181;93;122
ENSG00000131876;180;191;142;145;162;136;150;111;235;114;214;89;156;200;104;288;189;217
ENSG00000184277;151;124;86;107;129;98;100;56;148;93;139;47;117;167;64;206;147;144
ENSG00000185418;123;144;94;115;141;151;133;92;190;107;175;61;126;141;68;212;158;137
ENSG00000161980;24;20;17;17;24;21;21;22;42;27;43;9;35;28;14;47;26;32
ENSG00000161981;19;15;14;5;18;20;15;9;29;21;19;10;32;40;12;28;27;14
ENSG00000103152;80;47;32;36;64;49;62;45;133;75;94;34;66;75;21;62;50;52
ENSG00000103148;147;128;83;66;114;90;90;83;260;133;128;51;103;154;67;136;104;105
ENSG00000007392;684;553;449;447;590;516;642;494;1146;613;902;320;697;863;371;1042;677;683
ENSG00000167930;190;181;126;116;176;180;226;193;491;290;324;143;293;347;143;328;190;199
ENSG00000103126;369;349;254;278;373;330;383;335;981;500;709;258;413;515;221;500;347;339
ENSG00000086504;128;91;71;85;114;81;126;124;276;182;203;88;169;170;88;178;98;125
ENSG00000129925;446;331;256;228;347;266;300;342;1093;517;600;226;394;595;219;509;331;323
ENSG00000103202;45;34;28;41;45;41;32;32;87;45;68;14;49;41;20;50;27;35
ENSG00000242612;13;11;10;15;6;11;10;6;23;10;10;9;24;22;2;28;14;12
ENSG00000090565;217;140;145;147;182;142;162;175;501;204;266;144;201;211;84;225;148;180
ENSG00000103326;535;430;360;297;412;359;420;472;1405;609;801;327;538;801;303;611;393;455
ENSG00000007541;180;128;86;86;121;114;127;121;454;191;208;105;144;225;79;214;143;106
ENSG00000197562;156;90;73;83;88;77;163;114;316;172;205;82;158;179;71;161;112;124
ENSG00000130731;55;42;19;17;48;23;34;33;93;48;68;24;30;69;26;43;25;26
ENSG00000172366;80;68;59;55;60;53;65;71;177;89;122;65;105;131;46;114;56;53
ENSG00000161996;436;310;217;188;312;270;340;371;1040;456;656;248;519;661;299;527;338;376
ENSG00000140983;948;741;546;508;802;562;836;855;2311;1176;1455;579;949;1205;517;1018;665;707
ENSG00000103269;37;16;17;15;17;19;18;34;63;26;29;24;24;38;13;33;15;21
ENSG00000103266;112;108;66;78;125;68;93;76;235;136;175;63;117;167;55;155;101;113
ENSG00000161999;114;53;59;52;58;81;62;65;156;103;118;34;104;111;53;127;72;85
ENSG00000127580;79;78;32;47;68;48;74;60;145;93;108;49;81;94;27;109;53;59
ENSG00000103254;21;12;12;10;19;25;16;14;49;26;26;8;18;26;10;30;17;17
ENSG00000103245;159;125;88;84;153;94;128;120;349;148;214;93;194;218;74;200;153;134
ENSG00000007376;84;105;64;55;102;72;129;86;339;158;191;63;146;196;74;145;88;99
ENSG00000127586;104;53;68;48;68;53;81;81;188;87;130;53;104;108;48;92;68;52
ENSG00000103227;115;121;64;75;106;88;90;95;279;121;144;53;109;131;56;121;74;104
ENSG00000103275;947;825;605;670;816;642;881;769;1977;996;1355;573;879;1141;504;1216;846;862
ENSG00000007516;37;24;17;35;18;24;12;19;34;12;19;4;20;16;10;19;16;24
ENSG00000007520;53;57;37;32;54;35;58;34;114;61;85;40;58;83;35;76;52;61
ENSG00000090581;327;259;227;218;306;248;325;301;809;393;567;172;409;515;199;483;309;374
ENSG00000059145;618;507;384;376;472;393;458;471;1250;551;824;316;577;755;292;727;436;449
ENSG00000174109;21;15;12;19;22;14;16;15;48;27;33;8;24;30;16;32;10;19
ENSG00000197599;219;141;114;85;143;152;217;299;687;312;365;170;166;294;91;206;181;159
ENSG00000103249;3420;2583;1762;1610;2526;2015;3797;3734;10874;4808;5827;2636;3366;5074;1911;4015;2782;2997
ENSG00000100726;567;488;336;365;513;410;575;697;1847;816;1109;419;512;834;303;618;444;522
ENSG00000187535;189;171;143;153;170;142;202;187;422;216;298;128;235;292;109;285;178;164
ENSG00000007545;367;326;191;209;289;240;360;327;834;378;523;209;272;384;151;395;242;286
ENSG00000206053;130;123;83;112;138;121;191;146;289;158;228;109;186;216;81;233;155;157
ENSG00000138834;1656;1310;1022;1020;1262;1102;1537;1602;4311;2065;2591;961;1884;2565;996;2039;1370;1448
ENSG00000103024;59;39;24;49;37;40;47;42;98;61;63;32;36;74;30;63;42;33
ENSG00000074071;57;37;28;36;38;61;44;38;101;65;77;32;52;98;25;65;47;49
ENSG00000197774;698;572;394;380;628;425;681;635;1696;854;1054;454;687;1001;387;841;608;676
ENSG00000162032;192;146;93;113;167;109;109;155;350;155;248;83;201;210;87;202;156;121
ENSG00000095906;71;50;36;35;62;52;59;42;141;78;67;38;70;74;31;73;40;57
ENSG00000063854;147;111;98;79;123;114;200;177;445;201;300;106;194;340;115;288;190;184
ENSG00000180185;27;17;13;21;24;17;26;18;54;31;47;13;33;36;21;38;37;29
ENSG00000198736;86;55;49;62;85;79;76;35;114;68;62;24;65;80;38;130;70;65
ENSG00000140990;56;48;45;37;51;42;55;46;110;59;96;33;54;91;30;71;54;79
ENSG00000140988;952;638;646;700;767;850;548;469;1032;707;945;344;828;1036;411;1141;688;722
ENSG00000183751;166;116;95;85;134;97;121;119;324;156;208;65;145;176;78;178;118;117
ENSG00000127554;63;51;33;35;37;48;58;54;151;57;96;42;64;72;33;70;44;35
ENSG00000167962;164;119;100;111;156;124;149;160;425;183;230;86;158;222;87;198;119;110
ENSG00000065054;10;8;10;8;8;7;10;11;22;8;28;11;15;17;8;15;5;11
ENSG00000103197;867;676;502;479;642;537;709;671;1783;830;1129;463;789;1046;391;886;574;675
ENSG00000008710;1554;1322;1051;895;1322;1029;1356;1414;4132;1954;2417;932;1389;2064;707;1549;1036;1100
ENSG00000131653;260;223;169;176;267;222;247;281;744;384;443;169;344;435;179;350;274;268
ENSG00000167965;55;63;38;36;56;38;65;62;123;70;92;32;88;79;36;83;56;64
ENSG00000182685;19;9;9;5;20;7;18;23;24;13;20;4;23;19;10;10;14;11
ENSG00000184207;54;31;36;38;55;40;41;42;82;73;68;28;76;63;25;55;33;52
ENSG00000167967;208;148;127;117;137;130;164;179;444;219;265;117;196;238;96;211;139;139
ENSG00000167969;50;61;57;50;59;57;60;48;143;67;95;48;71;99;41;89;70;55
ENSG00000205937;450;385;291;290;362;330;435;344;912;456;620;267;484;619;228;643;434;410
ENSG00000167972;40;14;23;21;18;25;27;26;57;34;27;26;34;43;18;29;18;33
ENSG00000162063;47;51;35;27;56;42;53;55;88;56;68;26;33;54;23;45;28;30
ENSG00000162065;81;89;71;54;76;63;72;55;142;84;103;37;104;124;54;150;91;83
ENSG00000185883;123;116;63;75;91;85;138;126;372;142;195;102;146;163;65;137;110;131
ENSG00000162066;408;321;237;254;277;245;373;357;907;405;562;246;482;635;244;524;356;417
ENSG00000140992;959;863;613;656;841;687;979;766;1794;953;1347;548;1010;1295;534;1362;911;877
ENSG00000167977;160;99;117;106;119;119;145;131;349;170;221;82;188;245;99;241;206;184
ENSG00000167978;16460;13249;9443;10468;13428;11240;16596;14159;35362;17766;23795;9603;17801;22736;8879;22023;14667;15442
ENSG00000103363;124;140;131;94;131;104;156;149;321;200;253;83;175;215;82;223;122;147
ENSG00000162076;36;20;14;20;19;19;11;22;43;32;46;17;23;34;7;27;23;20
ENSG00000059122;238;197;157;156;170;130;194;182;504;277;329;115;193;222;88;245;130;137
ENSG00000162073;34;35;38;26;36;39;42;24;117;46;72;27;39;80;22;65;47;26
ENSG00000006327;85;54;42;45;64;37;103;111;321;158;157;88;111;165;54;142;77;83
ENSG00000103145;83;45;31;20;49;41;55;48;142;70;110;34;51;90;47;89;48;36
ENSG00000131652;220;160;140;142;142;169;196;196;460;275;388;135;300;357;134;360;210;194
ENSG00000008516;46;10;20;36;19;22;30;19;53;32;25;9;17;22;12;41;32;14
ENSG00000008517;135;85;107;97;116;141;63;33;89;38;94;27;79;49;28;97;66;60
ENSG00000122386;19;16;15;11;12;22;20;15;57;45;41;14;21;24;7;31;14;22
ENSG00000085644;39;42;36;36;49;42;36;31;98;55;74;21;31;70;18;69;38;41
ENSG00000010539;89;99;49;64;102;50;80;61;139;70;102;39;78;131;50;155;101;114
ENSG00000103313;489;379;296;342;401;475;254;238;491;293;441;135;248;275;107;363;248;267
ENSG00000006194;235;195;187;158;214;165;269;157;396;226;361;136;282;332;123;360;216;291
ENSG00000140993;54;44;23;31;49;29;41;28;61;39;62;20;37;57;14;64;56;44
ENSG00000162086;185;137;102;116;141;142;156;75;210;95;170;73;185;168;75;246;150;160
ENSG00000140987;105;117;57;92;89;84;124;87;199;115;158;64;136;175;73;187;130;127
ENSG00000103343;22;18;20;16;21;15;22;6;28;10;23;9;17;21;5;32;23;23
ENSG00000167981;73;58;44;45;47;40;52;39;85;55;60;21;68;75;30;123;75;80
ENSG00000122390;186;182;124;113;165;129;194;135;428;216;218;115;200;249;108;265;168;156
ENSG00000103351;58;48;46;42;49;49;41;30;66;47;60;10;55;59;28;49;58;51
ENSG00000167984;290;154;219;208;191;254;113;109;254;126;165;61;211;162;71;257;204;174
ENSG00000188827;181;133;81;100;138;113;145;108;345;186;226;96;160;220;95;233;148;173
ENSG00000213918;249;162;140;168;159;147;149;135;324;181;227;94;225;261;88;270;178;229
ENSG00000126602;89;60;56;57;74;84;83;74;169;81;97;39;106;154;51;109;68;100
ENSG00000005339;2616;2111;1658;1665;2162;1758;2405;1843;4893;2532;3362;1245;2493;3370;1359;3757;2301;2524
ENSG00000162104;209;137;117;168;186;168;174;151;428;227;262;103;257;301;118;315;229;207
ENSG00000090447;28;11;16;22;16;24;9;7;28;20;26;5;14;18;9;21;28;14
ENSG00000126603;20;15;12;17;19;6;26;18;62;38;44;24;19;20;10;30;18;18
ENSG00000217930;68;53;42;26;40;47;74;48;109;48;57;39;64;85;30;66;56;53
ENSG00000262246;151;163;98;80;141;97;120;99;333;176;195;82;157;228;79;197;107;135
ENSG00000103423;127;75;74;82;92;66;106;67;166;75;122;52;85;158;60;146;123;130
ENSG00000153406;91;81;68;48;88;67;83;52;202;84;114;43;73;103;42;73;84;86
ENSG00000103415;69;58;63;66;76;61;64;58;154;70;91;28;77;97;47;127;67;64
ENSG00000089486;120;89;84;105;100;105;90;80;214;108;152;55;91;162;70;167;104;87
ENSG00000153443;172;110;88;55;98;72;113;100;285;137;139;73;149;226;67;163;132;130
ENSG00000102858;1526;1363;924;1028;1255;1015;1537;1466;4094;2091;2723;953;1668;2195;905;1984;1191;1323
ENSG00000168101;146;101;87;67;101;89;109;119;286;150;200;77;178;249;96;161;108;126
ENSG00000168096;80;73;52;26;86;48;82;61;180;73;112;40;97;110;46;106;62;66
ENSG00000103199;187;127;94;98;136;88;128;132;302;146;211;81;155;204;77;198;135;154
ENSG00000067836;26;22;21;18;20;32;18;18;53;25;39;4;28;16;12;30;33;22
ENSG00000140632;686;580;411;457;544;447;560;492;1279;719;955;341;722;983;341;1029;668;688
ENSG00000118900;662;554;426;413;559;496;655;494;1382;725;916;370;663;836;334;951;613;603
ENSG00000103174;135;93;65;62;114;82;85;78;235;128;140;61;150;169;76;140;115;99
ENSG00000033011;92;52;40;39;64;63;60;46;121;65;81;31;81;130;46;108;54;76
ENSG00000067365;512;366;247;307;372;312;440;313;906;406;570;270;444;602;219;532;388;417
ENSG00000183044;179;139;109;121;144;88;129;100;294;120;187;63;175;172;79;204;148;146
ENSG00000184857;26;19;20;15;34;10;26;18;41;31;49;9;27;49;17;38;22;23
ENSG00000140650;167;103;97;99;131;100;144;84;264;140;173;68;164;198;92;254;163;166
ENSG00000153048;140;117;100;109;92;98;120;88;278;128;194;92;160;194;71;194;107;126
ENSG00000187555;1481;1258;1004;1119;1275;1191;1411;977;2288;1290;2000;734;1565;1820;765;2283;1446;1579
ENSG00000182831;796;687;474;572;613;607;631;375;945;548;872;334;817;957;408;1248;784;940
ENSG00000166669;48;34;33;30;46;37;31;27;54;27;52;10;39;35;13;63;63;42
ENSG00000213853;43;20;38;30;55;32;61;30;133;51;97;32;6;18;4;13;19;20
ENSG00000103274;143;81;66;87;134;94;117;89;222;127;190;68;169;202;90;245;172;163
ENSG00000166676;24;14;17;13;13;10;36;35;84;52;57;19;35;26;14;38;33;32
ENSG00000179583;1186;660;751;690;766;824;980;835;2012;946;1277;549;1530;1440;595;1681;1196;1217
ENSG00000182108;60;46;40;32;46;32;59;48;106;66;71;30;64;75;24;60;48;63
ENSG00000038532;386;303;245;218;346;293;388;295;754;372;472;234;423;488;208;563;374;373
ENSG00000185338;96;48;36;23;46;32;43;41;135;57;61;30;30;52;13;46;47;39
ENSG00000189067;729;630;459;537;712;569;576;437;1047;647;829;315;792;986;369;1301;764;810
ENSG00000184602;268;206;256;162;254;241;220;129;353;228;284;117;218;281;113;356;211;217
ENSG00000153066;406;338;234;239;366;272;397;240;645;363;528;160;334;423;184;520;335;410
ENSG00000122299;797;701;543;620;739;630;667;431;962;550;913;336;726;882;375;1221;697;806
ENSG00000171490;327;281;210;258;320;255;297;189;442;345;467;150;351;452;176;592;357;386
ENSG00000103342;495;374;265;307;325;294;317;244;586;351;499;196;402;505;230;617;402;447
ENSG00000234719;59;50;47;41;33;26;72;40;97;32;53;33;57;54;24;66;47;45
ENSG00000048471;334;325;219;275;335;283;364;313;650;326;485;197;466;506;204;603;339;405
ENSG00000103381;644;562;428;510;561;507;685;466;1262;644;944;386;799;1021;392;1194;755;814
ENSG00000175595;85;82;69;74;75;85;74;46;105;75;109;41;118;129;47;191;102;147
ENSG00000186260;341;307;205;206;288;198;318;167;483;241;364;155;584;658;287;873;515;669
ENSG00000140694;337;311;219;213;264;261;284;156;467;232;319;133;291;331;141;447;312;338
ENSG00000103429;232;212;157;137;229;185;244;162;402;238;314;115;239;326;143;382;225;277
ENSG00000103512;128;145;67;106;116;89;134;87;289;145;170;61;149;207;69;222;124;159
ENSG00000183426;43;42;15;23;26;23;32;15;51;31;47;15;28;44;7;31;37;34
ENSG00000179889;667;566;430;487;552;500;688;452;1077;619;902;356;631;870;354;1022;639;770
ENSG00000157045;102;112;72;86;106;104;104;52;150;74;124;37;91;106;45;164;88;104
ENSG00000085721;290;248;207;177;252;219;275;170;355;207;342;132;268;328;107;415;273;292
ENSG00000183793;19;15;9;16;18;13;12;11;24;26;23;11;12;18;11;26;28;10
ENSG00000166783;1940;1642;1216;1423;1623;1397;1713;1220;2769;1491;2281;860;2194;2678;1067;3448;2135;2440
ENSG00000072864;257;197;130;159;206;189;270;203;563;292;392;168;337;434;186;483;283;306
ENSG00000133393;66;63;59;52;59;69;67;40;77;51;78;28;68;103;48;115;72;98
ENSG00000103222;961;749;571;615;788;663;961;747;2092;1071;1291;508;1233;1360;546;1310;956;953
ENSG00000091262;48;32;17;14;38;21;18;6;46;10;38;12;27;41;11;36;29;15
ENSG00000103226;70;51;43;39;33;47;58;27;92;49;66;23;76;78;37;99;67;63
ENSG00000103489;1931;1967;1256;1483;1750;1585;2297;1850;4712;2550;3423;1258;2913;3456;1380;3729;2115;2459
ENSG00000185164;78;65;51;51;74;54;97;80;189;86;137;39;100;129;38;130;73;93
ENSG00000134419;146;100;114;129;127;119;98;57;142;102;135;45;138;117;69;193;123;122
ENSG00000170540;476;519;326;442;541;387;468;298;735;473;833;284;508;627;268;866;546;552
ENSG00000157106;3949;3529;2876;3101;3493;3013;3996;2666;6134;3152;5500;2001;4073;5037;2109;6429;4059;4658
ENSG00000167186;47;47;37;32;43;39;52;34;87;45;68;19;53;63;32;80;37;51
ENSG00000205730;856;838;606;643;798;656;631;512;1417;819;1070;389;695;827;352;953;626;731
ENSG00000103528;51;45;39;52;45;33;23;30;41;27;35;16;17;21;7;24;23;19
ENSG00000006007;149;128;85;105;156;101;133;96;214;137;226;69;189;289;95;318;217;193
ENSG00000103540;157;155;112;119;120;140;128;86;161;106;215;74;171;206;83;260;160;226
ENSG00000103544;371;311;238;275;260;215;328;241;532;287;446;188;403;505;199;630;394;393
ENSG00000103550;39;37;23;35;28;50;45;19;57;37;46;26;53;44;29;70;34;50
ENSG00000066654;257;212;150;172;206;191;212;110;263;160;273;105;254;287;111;399;260;278
ENSG00000196678;46;54;32;43;46;60;40;23;57;36;73;19;56;80;31;136;71;86
ENSG00000005189;13;15;5;6;6;4;11;4;12;4;12;4;12;14;6;13;9;13
ENSG00000188215;280;281;158;259;274;258;337;259;561;302;490;166;273;305;128;440;224;330
ENSG00000102897;92;76;46;60;55;59;75;51;152;82;114;56;65;124;47;120;76;59
ENSG00000011638;46;46;35;39;52;39;54;30;89;68;85;25;64;73;33;97;45;47
ENSG00000169246;53;41;24;26;33;43;55;33;90;53;56;24;57;70;23;66;47;35
ENSG00000197006;1379;1527;1040;1198;1495;1257;1539;1018;2415;1661;2464;897;1408;2107;820;2344;1381;1675
ENSG00000140749;156;166;131;151;173;151;302;180;402;291;373;107;334;530;176;617;313;344
ENSG00000155719;27;20;7;10;11;30;16;16;37;28;22;10;18;31;13;27;23;18
ENSG00000185864;107;90;59;47;56;77;72;58;116;55;75;32;92;112;41;160;81;77
ENSG00000140740;288;343;234;275;332;234;332;236;519;344;516;184;356;443;182;535;318;429
ENSG00000185716;95;75;46;60;69;63;56;36;78;45;84;26;86;83;43;125;89;92
ENSG00000103319;131;91;98;104;97;132;123;84;229;109;148;71;193;222;88;234;158;193
ENSG00000058600;100;111;62;89;106;107;90;95;189;88;127;42;148;150;66;167;110;114
ENSG00000140743;26;20;22;19;34;29;16;18;44;11;15;9;22;15;12;36;18;31
ENSG00000243716;108;66;35;50;55;83;74;47;164;69;83;27;82;86;40;95;80;85
ENSG00000103404;100;78;71;43;68;69;87;58;136;70;127;47;137;157;55;163;109;123
ENSG00000168434;198;132;76;94;122;126;146;117;305;141;239;82;176;177;77;238;131;163
ENSG00000103365;2946;2498;1882;2036;2418;1945;2472;1931;4785;2466;3803;1358;3055;3400;1515;3819;2387;2748
ENSG00000103356;74;53;74;36;46;50;52;55;73;53;69;25;79;99;30;94;67;66
ENSG00000103353;218;183;124;152;179;164;218;130;336;177;280;105;199;298;125;250;178;213
ENSG00000004779;18;17;18;13;22;24;25;16;34;19;34;10;25;20;5;23;18;18
ENSG00000083093;100;82;50;53;68;66;60;34;90;53;97;25;88;92;40;146;97;100
ENSG00000166847;527;510;362;418;497;418;551;357;936;544;735;270;592;790;279;885;532;609
ENSG00000166851;35;34;17;19;27;18;31;26;70;28;31;24;36;42;15;49;23;34
ENSG00000166501;973;769;683;746;716;849;659;405;1004;627;973;343;789;846;377;1150;755;781
ENSG00000122257;875;757;648;607;721;610;754;557;1276;749;1151;389;757;994;410;1247;782;891
ENSG00000090905;911;797;652;696;664;737;838;642;1401;737;1137;430;958;1107;497;1427;926;984
ENSG00000140750;494;446;338;411;425;371;354;305;683;383;607;188;417;584;222;645;445;425
ENSG00000205629;113;116;71;81;101;69;99;70;212;104;159;62;116;137;49;179;101;133
ENSG00000155592;63;52;49;48;55;38;78;39;101;51;101;21;66;75;37;83;51;68
ENSG00000155666;48;22;28;12;36;17;28;32;67;38;34;15;53;47;18;60;39;42
ENSG00000169189;56;47;33;37;41;48;48;46;87;33;77;21;60;76;22;77;41;48
ENSG00000077238;1460;1234;858;973;1167;961;1323;1248;3341;1670;2451;953;1366;2056;746;1889;1304;1279
ENSG00000103522;107;55;71;70;85;96;46;42;116;44;69;21;73;75;31;81;79;64
ENSG00000077235;710;572;474;491;625;536;674;576;1379;724;1000;402;701;922;392;918;618;691
ENSG00000047578;456;428;287;322;427;284;527;370;1030;527;707;288;542;726;313;661;412;501
ENSG00000169180;1012;733;580;622;670;709;850;619;1609;816;1070;460;857;1060;448;1135;758;851
ENSG00000188322;58;19;43;41;50;53;6;14;31;28;34;3;36;14;15;25;40;33
ENSG00000233232;41;11;10;10;10;26;21;12;40;24;29;8;19;33;15;23;29;23
ENSG00000188603;588;578;375;399;464;421;603;498;1171;706;840;360;700;904;352;909;543;645
ENSG00000184730;813;783;528;514;787;683;946;895;2639;1552;1942;658;1087;1583;553;1364;713;818
ENSG00000176476;108;82;68;55;69;71;82;82;185;90;113;57;150;187;54;137;98;97
ENSG00000184110;15;14;3;5;11;8;11;5;26;14;16;6;10;13;8;15;12;9
ENSG00000168488;1980;1790;1351;1309;1715;1591;2162;1924;4920;2623;3247;1228;1999;2882;1137;2845;1924;2004
ENSG00000178952;316;336;226;226;345;236;381;284;897;443;668;223;492;645;253;613;383;377
ENSG00000178188;771;630;447;418;580;512;636;622;1647;785;1018;455;751;928;359;910;528;617
ENSG00000196296;26;20;6;15;17;5;20;20;28;16;24;18;16;23;13;20;13;19
ENSG00000177548;149;102;94;84;112;90;136;111;348;174;231;79;162;227;81;201;125;141
ENSG00000177455;30;20;16;17;26;35;5;12;22;11;19;4;20;15;10;28;18;12
ENSG00000176953;1116;862;622;760;918;756;927;828;1862;1092;1428;561;1030;1199;481;1461;821;1013
ENSG00000254206;92;77;64;55;78;46;85;70;127;58;122;50;75;85;41;126;88;81
ENSG00000169203;64;41;43;39;49;37;49;25;69;46;50;14;45;46;27;92;67;68
ENSG00000197471;692;456;607;562;600;726;234;175;367;210;368;105;324;304;166;542;420;412
ENSG00000185905;178;134;133;142;160;162;69;51;141;55;112;47;109;123;66;176;122;129
ENSG00000079616;97;76;49;59;75;64;55;52;117;66;78;30;102;137;40;115;91;82
ENSG00000103495;602;468;428;400;531;467;509;506;1402;755;937;336;660;905;356;812;491;543
ENSG00000280789;205;156;136;139;138;139;212;174;363;195;274;118;262;331;119;412;208;243
ENSG00000013364;629;523;368;426;530;448;720;625;1704;994;1275;490;898;1291;478;1126;694;773
ENSG00000103502;287;275;191;219;268;246;274;226;628;366;444;188;333;466;183;446;221;258
ENSG00000174943;305;264;150;174;258;208;248;210;561;276;377;148;290;319;131;355;196;299
ENSG00000149932;219;195;121;141;182;149;188;132;386;243;322;110;237;258;112;312;179;191
ENSG00000149930;622;540;330;454;561;437;542;543;1378;656;933;356;666;916;336;844;527;617
ENSG00000149929;7;6;4;5;9;6;7;5;10;13;12;4;10;13;2;10;7;6
ENSG00000169592;195;169;112;151;203;182;154;140;402;227;259;106;188;261;107;266;136;125
ENSG00000149925;649;742;515;575;928;638;1175;1037;3183;1647;2164;674;1179;1742;620;1405;733;839
ENSG00000149923;579;471;350;359;510;409;615;542;1580;784;1023;373;773;955;353;818;503;575
ENSG00000149922;28;24;14;7;21;12;41;34;92;34;60;16;29;47;18;33;19;22
ENSG00000090238;1044;908;605;640;831;694;799;759;2128;1181;1394;603;990;1355;529;1218;704;887
ENSG00000102886;157;113;66;86;115;89;134;133;309;164;189;75;200;220;93;191;133;129
ENSG00000102882;255;223;149;162;210;158;274;210;621;318;404;143;313;400;167;317;198;227
ENSG00000102879;1010;697;707;667;792;903;578;513;1202;670;864;342;917;1223;484;1093;823;815
ENSG00000198064;42;13;11;23;10;10;26;10;42;27;33;10;23;35;11;51;22;28
ENSG00000169217;669;542;430;456;577;490;662;587;1431;722;1013;406;822;928;393;965;660;654
ENSG00000169221;589;566;313;359;499;428;556;564;1489;817;1098;386;650;905;349;804;544;543
ENSG00000180035;9;22;8;15;16;10;9;6;28;10;16;4;15;15;9;17;12;14
ENSG00000180096;101;43;74;66;78;75;33;27;67;36;52;14;49;60;22;101;67;55
ENSG00000179958;9;10;5;11;17;12;5;7;27;14;20;3;10;14;5;15;13;14
ENSG00000179918;136;117;95;102;145;108;152;90;227;175;226;73;159;237;71;249;124;151
ENSG00000005844;2705;2243;1991;2048;2366;2443;2095;1579;4081;2176;3298;1083;3085;3404;1375;3521;2192;2611
ENSG00000169957;70;75;49;43;76;35;72;45;199;98;123;31;108;117;39;106;65;64
ENSG00000169955;55;42;34;18;38;33;36;21;72;54;60;33;42;51;36;62;46;51
ENSG00000169951;104;105;60;62;93;74;78;64;202;99;141;52;124;132;54;150;97;126
ENSG00000229809;80;70;41;42;37;52;57;47;123;78;76;45;65;78;29;91;70;82
ENSG00000197162;339;258;174;187;219;185;253;211;572;302;399;141;341;402;171;405;310;276
ENSG00000156853;33;19;30;38;36;21;37;22;58;33;49;12;42;53;30;35;37;43
ENSG00000156858;280;243;141;205;225;192;275;248;694;364;475;166;376;508;191;377;303;313
ENSG00000156860;1515;1270;906;912;1307;1042;1694;1462;4277;2271;2631;898;1549;2477;836;1970;1276;1462
ENSG00000080603;562;504;317;310;348;335;511;401;1220;547;668;282;463;599;254;661;453;464
ENSG00000156873;331;300;152;234;315;261;327;295;703;326;490;187;391;477;188;459;318;358
ENSG00000196118;101;110;82;69;89;73;129;125;293;147;212;56;189;220;87;184;130;151
ENSG00000103549;769;597;443;442;641;498;738;655;1708;862;1262;468;906;1181;464;1123;694;735
ENSG00000102870;230;241;164;162;226;165;247;201;543;296;397;147;265;360;141;376;180;225
ENSG00000099385;37;43;39;49;47;36;44;31;116;60;70;26;56;64;17;65;44;48
ENSG00000099364;371;326;224;222;355;281;335;341;1019;552;632;264;378;550;181;452;282;299
ENSG00000175938;193;181;117;155;194;157;233;175;438;250;355;137;206;264;123;268;157;189
ENSG00000099381;392;309;208;202;294;259;337;307;859;455;547;235;423;596;224;504;344;338
ENSG00000099377;95;59;47;46;77;50;98;71;253;143;168;49;172;193;70;158;86;108
ENSG00000099365;48;33;22;28;21;38;51;36;105;58;69;27;48;64;21;44;34;24
ENSG00000103496;735;605;420;494;696;551;883;837;2102;1159;1678;558;1047;1363;538;1266;749;929
ENSG00000167394;110;117;75;65;102;53;133;113;344;159;204;91;158;193;75;165;108;142
ENSG00000167395;859;758;486;547;699;559;845;772;2177;1047;1447;550;837;1254;435;1101;670;721
ENSG00000151006;209;148;145;129;109;92;188;225;500;225;325;119;134;180;56;183;128;102
ENSG00000167397;172;176;139;193;260;131;348;206;593;329;459;150;235;316;137;339;178;174
ENSG00000103507;643;558;323;413;535;388;707;633;1853;858;1221;475;726;977;325;779;457;560
ENSG00000103510;362;251;192;229;248;238;369;310;850;414;579;204;395;501;208;528;341;410
ENSG00000178226;58;39;29;27;35;29;49;38;159;71;132;33;44;64;27;47;32;42
ENSG00000089280;3274;2583;2058;2023;2339;2308;3060;2527;5059;2684;4124;1644;3377;4116;1780;4814;3146;3464
ENSG00000103490;31;29;30;25;28;47;18;30;75;42;41;10;23;42;16;37;27;24
ENSG00000169896;501;239;348;323;327;488;234;154;325;251;342;99;323;413;170;628;439;409
ENSG00000140678;4967;4793;3375;3568;4850;3839;5249;4733;12515;6496;8950;3237;5604;7350;2738;7251;4655;4838
ENSG00000140691;92;83;61;66;76;53;80;82;253;135;149;67;89;146;46;138;94;73
ENSG00000140682;9;9;19;9;5;19;10;6;14;14;11;6;8;12;4;6;4;6
ENSG00000140688;276;266;210;171;219;213;260;226;545;317;381;136;260;321;144;295;215;225
ENSG00000197302;158;137;105;119;133;119;146;100;165;82;192;56;127;153;68;248;186;172
ENSG00000185947;846;729;547;631;675;543;972;611;1214;789;1267;488;880;1149;439;1562;1015;1105
ENSG00000069329;659;625;526;509;699;568;589;390;852;512;817;310;627;798;349;1159;651;781
ENSG00000155330;131;112;52;72;101;94;73;55;126;63;120;43;91;114;42;150;91;102
ENSG00000166123;22;25;9;12;14;18;10;15;26;18;17;8;11;9;9;13;14;10
ENSG00000069345;233;247;167;174;265;204;220;143;355;238;383;106;210;322;122;432;244;296
ENSG00000171208;55;41;37;40;57;52;65;31;78;54;72;26;84;94;36;122;86;90
ENSG00000129636;227;188;110;118;188;149;139;96;253;142;239;76;217;249;94;311;216;236
ENSG00000102893;567;448;390;400;468;377;553;310;754;429;656;240;735;796;356;1164;755;811
ENSG00000102910;738;564;459;523;536;594;570;371;874;491;756;270;653;770;356;1060;612;752
ENSG00000196470;601;487;295;385;443;372;539;368;795;408;687;245;453;570;275;786;523;565
ENSG00000102921;1066;903;655;690;883;629;1086;699;1848;1043;1480;540;927;1240;568;1548;974;1139
ENSG00000205423;103;117;91;89;99;108;59;51;101;78;114;51;132;151;66;231;125;178
ENSG00000155393;164;129;131;115;149;97;135;100;178;97;163;71;244;224;92;298;191;216
ENSG00000121274;299;287;206;235;244;261;231;168;332;220;266;107;301;377;179;533;325;351
ENSG00000121281;2369;1872;1523;1480;1891;1666;1884;1597;4087;1932;2730;1033;3034;3450;1367;3371;2116;2438
ENSG00000166164;353;296;246;238;254;283;287;184;447;252;396;134;290;403;158;469;337;335
ENSG00000140807;53;46;27;36;38;52;28;18;62;38;47;24;32;31;11;32;33;12
ENSG00000167208;262;192;169;231;183;213;335;249;656;393;422;167;278;422;161;458;295;353
ENSG00000167207;1366;935;784;839;926;855;1161;921;2393;1318;1792;673;1167;1503;560;1602;1013;1089
ENSG00000083799;969;769;637;683;786;703;883;590;1183;702;1195;465;903;1032;406;1425;906;1114
ENSG00000177200;1040;922;724;754;878;775;769;486;1060;635;1062;370;1050;1160;489;1682;1079;1165
ENSG00000103479;1044;926;806;830;973;851;737;470;1110;656;1060;389;1001;1089;499;1569;1092;1143
ENSG00000166971;48;55;37;31;62;45;43;28;70;38;52;13;48;57;17;71;54;64
ENSG00000140718;303;232;205;220;254;296;289;164;424;227;331;133;303;303;140;424;304;257
ENSG00000087245;12;16;6;8;7;9;41;11;79;50;57;22;22;19;4;33;11;19
ENSG00000087253;222;231;145;163;209;175;235;136;348;215;357;130;409;575;229;747;505;496
ENSG00000256812;25;26;16;15;17;15;29;23;38;26;24;14;37;39;22;64;42;37
ENSG00000198848;247;271;174;186;262;180;237;204;427;260;390;116;124;130;53;126;75;93
ENSG00000087258;33;12;7;13;21;18;15;5;29;10;19;6;20;20;5;16;17;9
ENSG00000159461;549;531;433;437;562;440;529;417;1164;639;909;354;685;887;359;891;495;640
ENSG00000167005;76;55;41;59;47;65;69;42;94;62;75;39;58;105;33;131;76;95
ENSG00000087263;57;52;49;58;49;40;65;31;87;68;77;25;60;87;50;123;66;65
ENSG00000125124;100;85;86;99;85;77;92;60;123;60;103;52;123;129;48;134;97;131
ENSG00000125148;56;64;47;50;70;42;65;45;160;120;92;56;37;63;26;44;34;31
ENSG00000198417;44;85;25;42;65;49;39;28;102;52;73;36;15;23;15;24;19;9
ENSG00000187193;18;10;7;12;12;10;18;13;23;18;22;8;9;15;4;12;5;8
ENSG00000102900;180;115;95;97;127;136;148;124;225;133;222;74;201;225;105;268;161;179
ENSG00000051108;594;443;376;383;421;426;666;411;855;501;783;294;559;624;363;851;507;551
ENSG00000140853;1189;738;779;732;893;920;540;454;876;449;683;293;715;668;322;846;650;635
ENSG00000140848;264;226;209;171;233;171;283;243;673;323;433;163;418;493;170;422;325;361
ENSG00000172775;567;460;351;340;413;384;475;389;804;436;641;263;578;709;244;763;481;595
ENSG00000159579;384;309;213;273;317;317;289;263;481;263;436;162;332;428;221;503;335;384
ENSG00000102931;81;76;86;85;112;91;122;74;158;126;126;61;111;155;46;186;114;116
ENSG00000102962;107;100;39;42;76;46;184;127;479;282;283;170;122;165;52;125;81;113
ENSG00000005194;99;62;64;67;71;73;77;45;142;77;138;34;107;131;58;164;106;116
ENSG00000088682;61;52;44;55;84;46;59;52;122;67;97;47;92;99;43;126;73;87
ENSG00000102978;151;115;102;123;149;116;155;125;239;152;249;85;142;227;83;237;170;140
ENSG00000159618;54;44;47;53;45;71;29;22;56;20;44;13;38;38;22;77;38;46
ENSG00000205336;266;119;225;211;195;296;94;56;135;78;106;39;146;121;62;162;189;162
ENSG00000182885;54;60;55;47;85;59;19;15;80;26;40;26;13;20;11;26;9;11
ENSG00000140854;92;97;58;59;80;63;79;75;217;113;125;57;91;145;48;105;77;89
ENSG00000140859;3960;3292;2316;2315;3147;2308;4368;4052;10486;5049;6712;2716;3534;5510;2058;5150;3262;3580
ENSG00000166188;108;107;89;96;84;84;94;104;233;158;178;58;121;177;74;203;110;123
ENSG00000103005;419;318;229;259;338;264;336;299;866;431;620;193;503;752;281;747;404;534
ENSG00000070761;61;54;35;47;58;51;55;45;93;50;66;43;52;97;33;88;55;68
ENSG00000070770;227;243;155;203;271;206;248;141;359;197;344;131;231;298;146;397;246;290
ENSG00000103037;36;39;32;25;36;31;35;29;45;42;37;18;38;48;22;61;39;66
ENSG00000125107;3065;2941;2215;2396;2777;2452;3053;2030;4626;2611;4282;1583;3165;3884;1685;4959;3152;3490
ENSG00000103042;144;104;61;73;79;78;116;94;270;140;151;66;200;211;93;202;121;163
ENSG00000125166;60;32;42;36;62;42;28;21;60;24;45;21;58;56;22;58;33;34
ENSG00000166548;277;224;182;186;244;195;254;186;453;292;376;143;375;399;188;474;347;335
ENSG00000217555;45;51;22;33;32;28;44;22;61;38;57;17;66;87;36;122;73;95
ENSG00000254788;23;14;14;17;22;16;22;23;51;31;41;23;45;53;18;47;17;25
ENSG00000089505;32;36;26;25;24;25;37;19;60;28;35;14;37;42;21;59;40;45
ENSG00000140932;6;8;5;8;6;3;12;4;17;7;14;8;17;20;5;19;8;15
ENSG00000140931;304;270;208;225;310;243;294;220;686;372;477;209;444;567;232;658;382;385
ENSG00000183723;305;315;222;218;265;202;237;217;456;239;405;130;489;535;208;660;430;460
ENSG00000135720;799;721;528;543;618;608;689;458;986;519;931;339;889;1000;390;1296;870;1001
ENSG00000159593;68;57;50;54;84;56;53;17;79;43;84;23;60;75;39;120;101;85
ENSG00000172840;34;21;11;24;31;28;20;18;41;24;33;12;35;39;15;65;41;42
ENSG00000166592;120;63;54;60;69;82;77;65;183;93;116;58;18;40;19;27;18;26
ENSG00000166595;90;101;66;73;89;78;95;77;232;121;166;86;108;136;55;143;67;103
ENSG00000172831;379;339;231;280;359;288;436;344;1055;481;660;267;441;636;224;564;360;352
ENSG00000172824;62;49;29;35;46;65;37;28;68;43;56;21;32;51;30;64;46;35
ENSG00000067955;391;380;287;359;456;314;355;224;565;380;590;207;389;500;211;704;445;467
ENSG00000125149;399;308;236;273;331;285;424;249;624;349;464;200;349;481;206;571;343;362
ENSG00000237172;25;12;6;23;12;20;16;13;41;14;32;11;18;29;6;21;18;15
ENSG00000102871;210;189;136;125;168;118;172;156;470;218;334;120;140;219;84;184;92;130
ENSG00000135722;22;25;19;26;32;27;52;27;75;42;55;19;35;43;10;31;26;25
ENSG00000102878;42;35;43;16;34;43;52;39;112;59;73;35;50;63;24;46;39;37
ENSG00000140939;96;115;74;73;99;72;119;125;360;159;260;102;101;116;44;101;65;61
ENSG00000196123;176;172;140;109;137;155;191;186;479;271;346;109;120;208;90;164;118;97
ENSG00000205250;330;255;193;189;260;225;270;221;641;317;457;149;363;473;185;441;255;293
ENSG00000102890;62;66;64;43;62;46;56;59;175;92;115;50;63;108;28;96;62;60
ENSG00000168701;110;151;80;101;106;83;162;118;250;147;214;81;166;220;90;186;135;139
ENSG00000135723;720;601;411;499;612;468;762;716;1938;1009;1364;481;1045;1286;513;1173;685;792
ENSG00000135740;27;28;15;15;10;14;31;29;55;37;46;12;17;31;6;37;18;22
ENSG00000196155;39;30;18;20;22;25;32;15;33;17;29;10;35;36;13;25;16;25
ENSG00000159720;471;360;273;297;475;345;503;369;1113;588;772;277;581;900;303;778;480;527
ENSG00000039523;881;746;531;515;679;594;875;799;2316;1200;1381;517;997;1302;475;1092;663;827
ENSG00000102974;378;305;232;325;334;252;320;231;550;323;461;172;325;410;175;483;386;360
ENSG00000159753;103;47;97;96;97;87;49;25;84;33;59;21;64;68;19;63;56;80
ENSG00000102977;104;79;57;64;112;72;106;68;235;110;172;49;102;137;54;118;68;72
ENSG00000124074;38;26;20;21;53;31;48;36;92;55;73;26;45;58;27;69;29;48
ENSG00000159761;23;9;11;11;15;6;11;18;25;28;17;14;14;17;5;26;12;15
ENSG00000141098;170;152;127;111;158;109;153;125;273;146;239;89;173;214;102;272;138;186
ENSG00000141084;498;449;308;306;385;309;346;307;867;416;558;245;463;595;232;564;336;383
ENSG00000102901;371;303;248;217;320;236;268;266;727;379;550;177;419;533;270;581;315;392
ENSG00000168286;108;69;58;86;106;74;78;65;214;112;163;63;117;154;60;203;111;108
ENSG00000102898;128;139;73;77;137;111;168;101;257;168;188;79;214;283;119;256;171;225
ENSG00000038358;504;469;314;351;457;381;491;442;1270;596;860;337;622;850;303;768;516;510
ENSG00000159792;235;216;150;168;177;159;216;169;491;231;288;120;252;275;107;317;181;242
ENSG00000141086;62;56;54;48;87;57;69;47;164;57;110;45;39;58;31;60;50;45
ENSG00000205220;141;102;68;67;103;96;95;91;222;105;124;47;79;127;55;102;71;93
ENSG00000213398;73;52;21;35;19;39;62;36;90;38;71;29;67;62;32;48;35;47
ENSG00000124067;570;523;420;360;508;373;558;513;1362;645;932;354;657;861;321;714;497;552
ENSG00000167261;288;179;124;182;205;220;149;95;258;114;194;90;589;608;282;694;423;435
ENSG00000167264;129;73;87;72;84;109;91;64;158;90;116;46;149;161;75;163;104;124
ENSG00000182810;31;14;26;22;28;15;12;10;27;24;34;7;25;46;9;30;19;24
ENSG00000072736;475;407;341;341;385;400;357;223;545;351;463;171;524;581;251;752;522;516
ENSG00000103066;96;100;73;61;86;62;113;91;286;121;214;56;203;244;94;258;131;157
ENSG00000103064;341;250;208;193;236;282;204;133;297;166;238;78;327;332;137;454;368;308
ENSG00000103061;236;145;99;168;141;149;178;134;333;166;273;93;229;275;102;288;197;211
ENSG00000132600;144;94;83;100;109;103;96;64;174;69;140;39;110;128;64;135;86;106
ENSG00000184939;151;132;127;118;139;123;131;67;189;107;178;62;152;172;71;224;151;156
ENSG00000103047;203;169;129;154;163;171;173;118;328;157;263;105;283;291;150;359;260;268
ENSG00000168802;49;26;21;13;17;20;42;31;63;35;44;9;51;59;28;40;19;32
ENSG00000141076;138;119;91;93;117;94;114;77;197;84;114;55;122;159;65;235;140;154
ENSG00000168807;364;373;238;324;356;300;329;234;481;306;474;172;398;445;218;590;397;400
ENSG00000132612;156;144;107;141;162;112;170;127;322;170;219;95;192;215;89;242;130;149
ENSG00000213380;91;59;34;53;52;45;44;38;111;53;75;32;75;74;17;122;64;69
ENSG00000132603;62;56;43;44;48;53;60;48;88;58;84;33;65;97;35;108;84;77
ENSG00000132604;161;120;112;104;142;136;140;112;240;152;195;68;147;205;78;221;138;175
ENSG00000103018;111;105;94;104;117;103;123;67;137;117;170;51;138;153;68;168;110;128
ENSG00000102908;2150;1941;1335;1571;1878;1631;1899;1414;3417;1765;2631;966;2023;2589;1092;3423;2226;2502
ENSG00000141101;63;30;27;37;38;45;30;27;74;42;66;23;41;65;21;68;45;38
ENSG00000198373;828;729;502;585;627;591;773;638;1686;915;1253;447;986;1250;465;1316;792;880
ENSG00000090857;1009;863;619;728;808;731;953;628;1594;838;1218;471;904;1200;500;1369;850;924
ENSG00000223496;159;125;103;88;140;108;125;81;210;143;172;42;160;196;80;209;137;165
ENSG00000090861;124;79;87;90;94;95;187;132;232;181;199;65;182;120;64;158;99;121
ENSG00000157349;78;63;45;49;56;56;80;49;108;66;68;32;81;94;40;107;65;81
ENSG00000168872;28;38;24;25;40;26;26;30;66;33;45;25;47;61;19;41;40;56
ENSG00000157350;1322;1063;771;780;1020;890;1267;1088;3236;1662;2210;767;1072;1586;608;1503;969;1026
ENSG00000157353;114;67;59;63;67;70;91;89;192;91;120;56;122;143;61;159;103;99
ENSG00000103051;326;266;197;187;243;231;308;214;569;284;428;163;306;451;204;423;249;305
ENSG00000189091;1032;832;612;734;860;787;931;671;1603;909;1351;520;1043;1415;582;1631;977;1151
ENSG00000132613;82;69;40;34;45;46;67;59;148;66;102;31;91;89;35;75;48;67
ENSG00000103043;421;277;232;213;268;222;342;303;862;420;493;190;457;493;228;571;318;373
ENSG00000180917;100;87;48;64;82;63;68;42;111;71;120;38;123;139;46;202;114;113
ENSG00000167377;6;11;12;7;6;10;16;11;20;12;15;6;16;26;8;18;13;16
ENSG00000157429;16;11;14;24;16;12;7;15;20;23;22;10;20;23;6;23;13;27
ENSG00000040199;167;136;110;90;140;100;170;112;277;114;185;83;146;197;88;259;159;193
ENSG00000166747;1341;1224;947;967;1149;1005;1154;794;1754;973;1606;618;1263;1523;681;2198;1465;1489
ENSG00000224470;857;702;574;583;757;699;945;656;1662;989;1319;468;957;1247;524;1266;805;915
ENSG00000182149;1343;1234;943;1101;1201;1089;1343;936;2245;1189;2001;709;1536;1861;741;2342;1364;1487
ENSG00000102984;60;62;41;43;64;49;43;47;115;50;68;31;56;66;18;72;56;58
ENSG00000102967;23;31;23;28;14;29;26;28;56;17;37;14;29;23;16;44;21;33
ENSG00000140830;44;37;33;45;58;38;53;25;93;43;73;24;50;73;44;83;52;72
ENSG00000140829;768;608;497;508;635;576;775;672;1653;863;1214;468;1013;1255;457;1108;780;863
ENSG00000118557;20;10;14;13;19;14;10;5;25;15;29;7;37;45;16;53;38;26
ENSG00000140836;727;736;505;556;710;560;765;609;1541;916;1076;401;961;1204;459;1427;781;821
ENSG00000103035;192;173;141;157;157;141;192;151;352;217;263;101;233;286;127;343;200;235
ENSG00000090863;1896;1692;1315;1547;1821;1559;2238;1592;4063;2430;3471;1247;2091;2947;1110;3177;1978;2191
ENSG00000168411;308;280;179;179;250;219;276;181;437;260;393;143;291;361;147;465;285;283
ENSG00000168404;277;244;180;218;227;201;198;156;331;205;294;129;213;257;114;358;184;201
ENSG00000103091;994;846;606;736;863;774;944;779;1736;890;1419;506;956;1209;465;1221;755;867
ENSG00000186187;164;146;91;94;123;96;162;164;405;220;255;84;156;178;82;178;112;177
ENSG00000166816;14;7;10;8;12;9;8;12;23;19;19;5;16;13;4;12;11;10
ENSG00000184517;57;58;36;52;55;54;33;29;56;48;52;18;48;62;30;87;55;57
ENSG00000153774;85;87;61;62;83;81;115;77;177;111;134;54;106;130;45;173;97;110
ENSG00000166822;255;244;203;172;236;234;197;171;343;201;350;102;240;316;119;450;270;280
ENSG00000034713;223;195;161;175;299;162;204;161;402;252;348;137;295;316;109;364;213;215
ENSG00000065457;78;64;55;69;71;77;76;32;129;60;102;25;91;107;39;131;101;104
ENSG00000065427;190;198;137;227;227;216;233;142;309;216;311;115;247;318;130;386;231;257
ENSG00000166848;246;245;190;198;249;186;267;192;399;283;420;139;312;338;119;438;282;337
ENSG00000103111;506;524;324;418;522;442;613;530;1310;699;920;358;761;984;363;982;570;683
ENSG00000205078;16;12;8;7;10;11;9;16;42;21;27;13;23;26;13;30;20;14
ENSG00000186153;73;43;32;48;59;36;49;31;53;41;58;23;72;65;28;65;54;59
ENSG00000178573;157;136;130;114;162;135;110;71;192;136;149;48;123;128;45;212;105;145
ENSG00000166446;192;138;96;125;142;137;186;117;299;155;231;105;154;165;71;176;140;132
ENSG00000103121;106;98;70;64;97;68;89;55;86;79;92;38;94;107;50;178;129;122
ENSG00000166451;22;21;11;7;10;18;12;19;33;13;25;7;26;43;10;41;30;29
ENSG00000166454;187;147;133;124;180;165;204;114;256;145;239;75;189;231;97;295;215;239
ENSG00000166455;8;5;6;3;5;3;11;8;23;17;12;5;8;18;9;16;13;12
ENSG00000261609;379;285;217;255;299;265;333;254;613;297;523;163;361;531;181;634;403;386
ENSG00000153815;2556;2222;1530;1706;2227;1958;1976;1811;4782;2377;3285;1433;1434;2274;883;2266;1514;1513
ENSG00000197943;1286;1067;775;849;1038;969;1315;883;2280;1191;1773;654;1781;2066;901;2324;1573;1697
ENSG00000135698;56;65;39;54;39;37;43;27;50;42;52;23;52;67;27;89;58;68
ENSG00000230989;87;92;78;69;120;83;100;46;137;70;151;52;100;146;53;215;104;124
ENSG00000103150;217;186;116;120;191;140;202;158;419;185;264;109;190;275;116;251;198;227
ENSG00000140961;17;11;6;11;14;9;18;15;31;25;27;10;27;11;10;27;11;14
ENSG00000140943;980;910;647;729;844;769;936;649;1498;832;1263;461;1134;1422;617;1431;983;1032
ENSG00000103160;268;231;152;198;225;202;288;183;388;230;352;110;237;289;136;358;199;249
ENSG00000103168;815;616;413;510;583;442;718;626;1709;889;1110;438;798;994;372;871;570;587
ENSG00000140950;214;174;123;160;137;138;155;123;306;146;254;99;163;186;85;220;127;148
ENSG00000103187;1815;1536;1286;1474;1809;1679;1411;969;2615;1650;2104;737;2170;2746;1024;3131;1798;1960
ENSG00000135686;651;624;443;506;585;505;707;549;1426;728;1167;407;760;957;387;987;616;671
ENSG00000103194;519;417;353;435;445;411;522;381;826;481;680;244;554;707;293;941;535;601
ENSG00000103196;254;205;173;218;262;223;205;172;483;271;394;173;111;255;84;308;161;164
ENSG00000153786;922;892;616;644;827;724;915;599;1503;899;1236;523;1297;1663;655;1718;1005;1172
ENSG00000135709;529;440;363;378;418;358;417;303;714;414;522;227;751;865;324;880;572;629
ENSG00000131149;569;412;294;346;434;353;413;345;1013;468;612;254;434;644;270;627;479;495
ENSG00000154102;61;37;50;48;41;54;86;64;125;67;114;42;81;87;31;82;41;53
ENSG00000131148;46;34;28;21;37;36;41;42;105;35;67;29;52;65;32;64;49;60
ENSG00000131143;329;301;262;291;345;324;369;410;816;589;742;276;432;490;209;559;310;348
ENSG00000140968;569;487;431;409;504;383;275;241;532;313;472;178;299;327;131;437;277;351
ENSG00000103248;127;91;80;105;105;85;116;104;216;104;141;64;100;169;49;165;112;103
ENSG00000103264;125;116;102;106;156;97;129;129;294;151;215;82;192;276;113;276;162;185
ENSG00000140941;304;274;204;222;263;219;268;141;392;244;383;118;355;410;181;627;336;403
ENSG00000140948;486;409;274;282;367;296;415;344;843;482;627;240;511;619;248;678;404;500
ENSG00000104731;372;217;220;181;226;259;327;237;661;242;366;174;421;583;250;564;411;404
ENSG00000103257;405;353;216;237;403;251;486;512;1451;668;905;354;258;428;158;471;278;260
ENSG00000172530;678;507;442;440;437;435;709;588;1466;646;856;414;460;502;244;580;371;379
ENSG00000225614;123;128;86;82;109;87;105;90;290;150;190;80;74;111;41;112;74;86
ENSG00000179588;65;39;39;39;42;58;36;32;82;49;53;22;30;48;12;56;22;26
ENSG00000158545;438;369;250;265;471;301;421;390;1083;535;654;263;501;641;266;649;451;473
ENSG00000051523;3229;2794;2008;2120;2822;2445;3589;3472;8637;4585;5853;2503;2849;4255;1725;3794;2428;2539
ENSG00000167508;173;158;101;98;152;145;191;216;514;258;328;149;186;203;102;168;116;114
ENSG00000185669;29;19;19;8;30;20;19;27;96;40;38;26;29;33;20;40;29;45
ENSG00000158717;556;351;325;321;434;451;292;302;799;337;459;217;498;557;236;584;416;400
ENSG00000174177;56;29;33;31;23;31;37;30;93;43;48;16;58;61;17;45;41;28
ENSG00000103335;1162;710;750;695;801;818;840;791;2353;1003;1271;509;1363;1836;668;1478;1084;1055
ENSG00000198931;88;54;47;56;63;74;63;46;134;60;69;28;82;104;37;125;74;69
ENSG00000141012;603;506;388;394;443;405;560;555;1477;696;846;423;587;744;264;702;484;484
ENSG00000167515;63;49;25;39;64;68;50;53;112;65;82;27;76;92;41;83;55;69
ENSG00000129993;104;77;103;96;92;126;76;69;178;97;107;41;216;254;86;212;159;151
ENSG00000176715;263;187;172;148;216;171;318;255;683;274;395;186;370;470;195;431;271;287
ENSG00000170100;294;250;177;179;206;185;246;152;444;184;329;143;303;310;150;370;221;247
ENSG00000167522;2816;2174;1728;1775;2283;1808;2655;2452;6652;3197;4110;1709;2685;3278;1393;3245;2239;2198
ENSG00000197912;775;586;546;505;615;554;731;692;1675;786;1140;433;900;1010;453;966;695;763
ENSG00000167526;534;336;353;387;431;483;278;251;539;392;527;155;450;583;225;625;424;408
ENSG00000131165;607;556;347;368;580;501;658;555;1609;811;1116;425;684;999;374;837;539;570
ENSG00000167523;41;31;14;27;26;32;31;23;68;44;45;19;38;45;15;40;33;31
ENSG00000185324;372;242;179;241;268;256;319;321;727;357;553;197;429;573;240;489;297;327
ENSG00000158792;58;62;41;46;89;52;73;68;250;99;143;52;86;123;49;131;90;74
ENSG00000075399;198;149;110;109;141;135;134;110;408;191;228;86;166;226;95;204;160;109
ENSG00000158805;434;283;320;259;348;344;303;291;644;333;427;204;371;470;209;505;351;357
ENSG00000187741;144;119;89;69;81;100;80;68;153;82;121;47;53;85;35;60;71;47
ENSG00000141002;1899;1584;1189;1214;1512;1272;1765;1645;4207;1933;2630;1061;2049;2645;1101;2524;1623;1710
ENSG00000258839;119;97;93;112;111;106;166;179;351;144;203;87;158;201;91;168;95;125
ENSG00000140995;1488;1251;867;958;1283;970;1396;1193;3271;1534;2171;823;2044;2489;1023;2269;1393;1591
ENSG00000141013;68;68;44;47;48;48;55;60;131;63;96;37;65;86;33;89;58;68
ENSG00000181031;15;13;12;15;8;10;6;10;21;11;18;4;15;24;10;17;9;11
ENSG00000183688;108;72;109;98;115;118;54;58;94;58;92;36;64;76;40;141;100;91
ENSG00000141252;819;628;502;497;605;599;728;574;1238;644;928;392;796;911;382;1048;698;746
ENSG00000179409;85;91;65;69;76;74;87;82;196;106;132;37;93;129;46;99;81;81
ENSG00000167699;258;193;171;191;188;165;276;169;384;237;318;114;205;277;109;264;226;224
ENSG00000171861;36;41;35;34;31;36;48;46;83;62;80;25;51;64;35;96;30;65
ENSG00000177370;72;61;27;34;46;46;63;32;109;53;73;32;58;87;37;91;60;44
ENSG00000159842;4296;3485;2388;2477;3300;2678;4317;4045;10968;5003;6742;2774;4854;6152;2498;5691;3758;3964
ENSG00000108953;869;928;660;821;995;725;1033;749;1929;1198;1590;508;1122;1510;557;1699;1013;1070
ENSG00000167193;451;407;308;297;428;339;410;300;725;436;572;252;476;607;252;750;525;562
ENSG00000197879;623;508;410;405;596;409;637;543;1549;795;968;418;677;875;335;828;531;492
ENSG00000132376;376;284;276;257;256;288;330;270;688;323;399;191;417;461;187;478;307;323
ENSG00000174238;1746;1525;1021;1089;1472;1225;1723;1274;3419;1683;2489;872;1620;2346;906;2595;1682;1921
ENSG00000167703;24670;23795;15088;16182;23427;16137;25564;24263;69448;35367;45284;18476;18924;32224;11998;29746;17248;19480
ENSG00000074660;661;572;402;437;597;395;864;742;2306;1056;1506;559;385;671;213;621;422;381
ENSG00000167705;95;77;35;58;72;66;65;75;202;86;154;51;71;127;46;93;59;70
ENSG00000174231;2279;2042;1541;1759;2193;1842;2494;1896;4689;2583;3510;1410;2655;3430;1427;3555;2322;2437
ENSG00000185561;9;11;7;7;14;13;4;11;30;7;20;7;22;37;18;25;15;20
ENSG00000167716;470;314;300;319;318;340;524;437;1134;580;735;326;697;898;328;783;519;577
ENSG00000167711;10;8;4;11;5;3;5;9;27;8;13;6;11;21;3;17;10;11
ENSG00000186532;241;130;126;148;172;168;259;154;414;216;310;111;256;293;97;295;215;219
ENSG00000132383;369;338;262;267;322;290;406;276;627;338;594;210;479;552;262;652;374;439
ENSG00000108963;131;91;81;94;89;90;94;78;212;100;165;55;162;196;78;199;128;160
ENSG00000177374;153;137;60;61;96;99;116;105;323;193;155;87;146;165;52;160;78;121
ENSG00000070366;828;692;502;562;631;542;678;556;1523;721;1007;379;755;898;412;992;687;687
ENSG00000167720;10;13;3;12;18;7;17;11;15;16;16;6;15;19;3;20;25;19
ENSG00000167721;231;226;183;186;208;195;244;191;436;235;351;141;238;381;169;393;259;290
ENSG00000141258;775;680;454;476;648;504;647;635;1677;840;1117;423;726;932;378;760;592;543
ENSG00000070444;713;600;465;441;621;536;550;545;1640;877;1025;414;782;1071;371;929;553;613
ENSG00000127804;271;292;171;199;203;246;263;201;440;253;369;134;369;458;186;474;310;350
ENSG00000007168;1769;1652;1119;1394;1534;1222;1489;1136;2496;1343;2126;818;1570;2040;857;2699;1760;1862
ENSG00000132361;126;131;104;98;120;123;134;130;349;170;197;107;161;225;81;214;146;144
ENSG00000132359;483;346;310;343;344;446;211;168;296;157;259;99;379;339;174;479;352;300
ENSG00000196689;243;138;118;150;176;132;185;140;386;174;259;137;246;260;121;292;199;228
ENSG00000197417;45;41;25;26;50;31;36;32;62;38;41;22;46;44;28;59;47;48
ENSG00000040531;133;60;67;62;118;62;114;84;206;133;136;60;160;181;64;182;115;101
ENSG00000213977;72;61;61;59;51;31;51;27;112;44;90;33;84;97;38;117;86;93
ENSG00000257950;189;131;115;93;118;103;155;112;310;125;166;78;144;193;97;260;144;193
ENSG00000127774;21;12;22;14;13;19;21;8;49;22;28;10;20;20;12;29;8;11
ENSG00000083454;391;352;237;201;269;257;346;328;904;346;554;290;428;562;212;482;326;427
ENSG00000083457;5232;4216;2968;3035;4066;3001;4876;3941;11676;5168;8095;3120;5774;7678;3280;7120;4624;5999
ENSG00000074356;1913;1583;1150;1274;1484;1236;1566;1078;2840;1506;2226;892;1530;1862;837;2316;1472;1737
ENSG00000004660;176;165;115;115;139;111;165;139;355;174;261;112;252;283;135;288;211;212
ENSG00000108405;620;514;331;322;492;470;359;361;1042;478;643;237;660;838;352;763;495;573
ENSG00000074370;1334;1191;836;869;1124;1027;972;950;3003;1527;1951;745;979;1512;578;1401;789;947
ENSG00000074755;2328;1865;1408;1537;1916;1643;2155;1691;3972;2080;2963;1164;2502;2998;1298;3288;2196;2445
ENSG00000167740;58;46;36;24;40;39;48;44;103;50;71;36;55;80;29;69;39;52
ENSG00000185722;697;553;390;487;602;535;649;513;1161;634;915;324;647;866;296;957;560;612
ENSG00000132388;195;227;165;203;243;188;200;131;334;215;294;88;233;292;130;349;297;239
ENSG00000132382;122;80;79;65;90;90;96;59;182;99;118;60;100;156;68;138;98;107
ENSG00000141456;266;178;153;147;211;152;209;171;500;274;324;142;246;341;151;328;228;199
ENSG00000141480;4827;3987;2602;2787;3804;3012;3575;3289;8631;5090;6029;2335;5076;6896;2739;6268;3936;4212
ENSG00000161920;57;48;27;42;42;30;47;47;128;72;96;34;80;84;36;96;26;63
ENSG00000161921;1176;1384;722;1020;1482;906;1264;951;3105;1946;2270;810;1383;2504;847;2521;1311;1366
ENSG00000141497;535;460;314;286;475;329;419;399;1120;566;698;280;471;760;289;673;417;510
ENSG00000182853;73;69;30;47;72;42;44;56;118;85;89;30;84;165;58;155;74;67
ENSG00000142507;45;41;42;31;58;53;71;60;102;72;97;33;71;116;32;103;65;63
ENSG00000129219;1596;1209;773;878;1175;936;1184;1156;2905;1384;2017;731;1124;1655;732;1705;1060;1078
ENSG00000141503;1954;1574;1164;1211;1638;1378;1739;1700;4396;2117;2697;1112;1745;2464;965;2197;1416;1534
ENSG00000108556;23;27;15;22;30;38;45;33;100;41;65;21;43;53;15;57;64;36
ENSG00000205710;93;99;56;66;82;88;149;121;349;130;248;91;118;185;76;160;133;106
ENSG00000185245;28;11;35;31;25;33;14;16;39;15;10;4;25;22;6;26;15;21
ENSG00000108528;148;121;104;102;147;118;157;141;377;198;254;110;187;239;109;244;147;137
ENSG00000108523;289;235;194;228;256;247;322;205;515;305;417;140;316;416;144;416;305;296
ENSG00000108518;1765;1473;1244;1428;1847;1415;1825;1608;4125;2591;3068;1063;2239;2918;1101;3191;1681;1875
ENSG00000108515;44;43;29;27;43;29;63;48;117;62;87;25;64;100;32;100;49;56
ENSG00000091640;220;182;132;131;159;150;226;188;512;238;324;159;283;361;149;326;196;216
ENSG00000108509;1439;1113;785;845;1140;892;1302;1146;3392;1694;2095;745;1622;2220;821;2000;1224;1222
ENSG00000129250;550;522;362;369;438;404;589;532;1325;698;915;340;722;844;334;805;512;600
ENSG00000180787;59;40;30;25;41;31;49;29;62;32;45;21;75;62;29;84;67;100
ENSG00000167840;17;16;10;10;25;7;11;7;17;14;17;7;25;26;7;25;20;20
ENSG00000180626;65;55;34;49;42;39;37;30;66;31;53;20;65;53;20;89;55;57
ENSG00000161929;109;98;135;87;96;131;52;22;50;24;36;15;61;59;36;98;83;75
ENSG00000029725;484;417;360;332;416;411;413;306;685;405;562;214;489;616;260;839;512;536
ENSG00000108559;317;209;204;220;214;186;247;167;341;217;285;120;308;359;147;423;305;304
ENSG00000129197;169;131;100;138;112;134;161;136;248;130;224;80;234;260;115;308;207;190
ENSG00000108561;40;24;28;42;38;26;36;18;47;42;34;10;28;47;24;68;24;44
ENSG00000005100;121;133;92;61;121;110;121;70;197;105;153;58;145;189;80;183;146;133
ENSG00000072849;259;254;198;210;306;194;286;174;386;220;379;129;309;296;141;461;292;308
ENSG00000167842;140;124;77;95;108;103;147;83;177;94;183;60;114;149;66;182;118;145
ENSG00000091592;1514;1206;1072;1185;1114;1156;1047;846;1927;1065;1650;571;2391;2346;1043;2562;1636;1852
ENSG00000091622;5;12;6;4;10;12;11;11;39;11;18;7;20;25;12;40;15;19
ENSG00000129235;27;18;12;14;12;16;20;20;23;21;29;14;21;30;13;28;20;16
ENSG00000108590;67;43;49;40;57;48;56;34;78;46;74;30;65;80;28;93;56;67
ENSG00000132530;446;353;256;324;352;326;199;182;352;226;294;143;115;119;57;167;130;145
ENSG00000219200;375;383;236;217;388;317;435;335;910;581;706;265;498;676;200;606;377;408
ENSG00000258315;6;5;7;3;8;3;6;6;15;9;8;3;9;9;3;7;5;4
ENSG00000174327;37;33;25;18;43;26;32;31;89;45;45;16;41;43;12;38;28;34
ENSG00000132514;44;26;33;28;29;46;23;8;13;7;23;9;55;60;17;89;39;49
ENSG00000161944;19;19;20;38;15;25;11;7;13;23;11;3;40;30;13;60;31;44
ENSG00000141505;24;27;29;18;34;34;19;20;67;34;48;16;43;52;18;69;42;39
ENSG00000132535;1217;1034;652;772;938;731;1034;973;2453;1207;1807;669;1468;1876;692;1707;1045;1127
ENSG00000072778;3396;3069;2005;2289;2897;2329;3124;2885;7412;3522;5579;2027;3880;5164;1944;4415;2889;3625
ENSG00000004975;229;196;154;148;212;195;217;182;479;247;313;128;246;323;141;314;191;202
ENSG00000040633;199;189;137;166;212;162;226;154;391;249;347;112;238;307;127;313;167;225
ENSG00000170296;179;187;123;124;182;101;110;104;409;164;244;66;125;225;77;238;157;151
ENSG00000175826;473;449;259;353;433;361;483;317;1018;582;774;304;573;783;308;842;479;538
ENSG00000170291;109;96;55;73;106;72;89;74;214;114;157;74;135;171;73;187;103;116
ENSG00000181885;69;47;24;29;50;26;45;46;109;52;68;27;75;72;28;80;49;52
ENSG00000132507;378;326;261;299;383;324;440;322;905;519;664;231;476;728;278;696;438;446
ENSG00000215041;263;216;137;184;235;192;237;259;645;301;440;155;298;447;141;358;181;227
ENSG00000072818;437;344;353;336;366;365;353;321;738;388;582;187;771;817;348;766;541;585
ENSG00000213859;110;89;65;73;143;93;195;141;380;235;361;117;143;208;73;195;101;100
ENSG00000169992;119;79;55;61;61;83;82;52;172;78;126;39;72;65;34;72;52;66
ENSG00000181284;32;24;20;8;44;31;27;24;85;45;38;17;33;49;19;44;34;35
ENSG00000170175;39;29;20;15;25;22;30;29;66;36;50;14;34;40;20;36;32;35
ENSG00000174282;830;710;530;595;645;608;615;496;1409;828;1049;357;744;939;404;1054;653;683
ENSG00000181222;2710;2327;1632;1954;2258;2075;2797;2314;6401;3367;4257;1627;3159;4334;1643;3902;2485;2877
ENSG00000161955;20;10;22;18;9;26;4;6;21;9;9;4;13;21;6;24;24;28
ENSG00000161956;43;30;22;25;18;46;29;17;64;34;41;13;35;59;13;62;35;53
ENSG00000129255;169;178;104;119;131;145;185;166;346;207;263;110;252;295;129;293;211;255
ENSG00000129245;198;175;182;192;240;208;284;187;463;282;415;157;261;383;144;387;240;248
ENSG00000141504;215;210;156;178;213;191;226;217;457;288;418;137;319;413;158;450;268;290
ENSG00000141510;128;104;116;106;125;141;69;55;148;67;102;36;87;137;58;144;107;101
ENSG00000141499;119;90;53;46;86;71;87;74;160;91;139;39;101;137;59;116;98;104
ENSG00000132510;3401;2941;1840;1850;2728;2284;3576;3778;11149;5595;6689;2562;2667;5016;1712;4341;2623;2880
ENSG00000167874;167;152;112;67;97;119;193;203;579;247;313;154;127;270;97;207;141;155
ENSG00000183011;57;52;20;21;48;55;60;42;96;59;86;25;53;83;38;95;59;56
ENSG00000182224;55;49;34;16;25;40;62;76;128;66;89;52;45;113;32;91;63;93
ENSG00000170004;2227;1919;1472;1518;1958;1790;2327;1946;4746;2533;3505;1348;2731;3443;1297;3288;2118;2273
ENSG00000179859;21;7;13;15;10;28;20;17;25;22;37;10;18;30;16;22;20;23
ENSG00000170049;35;35;24;29;35;28;51;39;100;37;51;20;48;77;29;70;26;64
ENSG00000170043;182;171;120;156;182;164;204;158;366;243;304;108;237;318;124;265;182;215
ENSG00000170037;530;417;274;346;429;375;491;414;1015;518;810;293;539;656;287;714;405;428
ENSG00000179094;1465;1098;898;891;1099;1030;1361;1268;3058;1526;2117;832;1531;2128;910;1938;1268;1350
ENSG00000220205;578;445;287;358;376;413;421;299;869;475;609;232;463;640;247;642;414;479
ENSG00000179029;291;247;178;211;202;182;254;160;308;188;310;159;298;416;151;504;300;366
ENSG00000196544;49;39;41;36;29;33;32;32;87;60;60;25;48;79;27;66;35;29
ENSG00000178971;975;861;680;708;818;772;912;768;1765;916;1337;501;1231;1429;513;1462;944;1021
ENSG00000178921;91;48;48;58;59;61;44;35;79;49;65;20;99;93;45;115;64;61
ENSG00000125434;37;24;32;16;22;37;14;9;40;21;17;11;18;23;13;23;24;33
ENSG00000108961;34;32;23;17;30;28;24;20;60;22;43;12;38;41;20;57;25;24
ENSG00000184619;142;108;81;79;104;104;101;73;192;114;137;56;124;128;48;167;82;100
ENSG00000161970;120;113;95;100;106;118;104;76;170;114;177;70;138;176;57;227;130;138
ENSG00000166579;531;464;342;350;513;357;377;310;710;398;600;201;512;620;272;738;485;473
ENSG00000185156;40;28;12;14;23;27;23;14;50;15;16;14;32;43;23;36;12;24
ENSG00000276231;269;202;141;154;151;141;166;137;408;151;201;93;235;314;135;338;215;223
ENSG00000141506;10900;9553;6372;6872;8675;7062;11982;10104;27567;13358;18337;6797;11700;17098;6391;15792;9848;11122
ENSG00000170310;84;77;60;42;55;42;62;39;96;67;82;42;60;94;35;143;89;62
ENSG00000007237;398;243;315;265;286;341;129;108;149;96;170;63;856;790;350;1010;553;524
ENSG00000109063;21;20;13;20;23;32;24;21;62;32;51;10;37;38;19;42;36;24
ENSG00000133028;276;217;177;181;217;175;208;137;313;190;281;101;256;307;109;340;207;225
ENSG00000170222;37;34;32;18;33;34;29;25;48;31;42;21;49;44;14;63;35;35
ENSG00000187824;16;19;16;13;12;7;11;8;12;5;7;6;15;14;6;28;13;15
ENSG00000154957;59;58;27;44;42;38;52;46;76;46;81;20;66;79;37;80;66;62
ENSG00000065559;224;180;155;156;190;166;173;96;224;163;252;89;194;230;91;327;232;247
ENSG00000006744;159;101;98;86;127;113;130;81;222;127;160;50;179;183;74;239;148;152
ENSG00000006695;124;96;57;65;81;64;99;54;145;72;99;36;105;98;42;101;77;93
ENSG00000125430;1824;1843;1136;1316;1712;1451;1550;1094;3157;1632;2594;887;559;1025;363;1088;719;778
ENSG00000109099;928;962;640;717;867;727;805;579;1610;837;1130;426;521;687;239;870;480;614
ENSG00000175106;186;152;134;103;159;145;194;118;289;141;234;102;165;188;70;273;182;190
ENSG00000221926;18;26;12;19;15;25;20;18;32;15;26;18;34;25;14;33;20;21
ENSG00000187607;32;19;17;12;36;36;23;9;35;31;35;11;17;26;16;52;30;16
ENSG00000170425;66;46;47;44;27;40;60;46;98;53;83;26;38;58;17;49;36;47
ENSG00000214941;89;54;34;45;63;46;43;35;78;50;69;30;55;73;23;85;63;63
ENSG00000011295;134;111;115;88;160;122;104;85;177;108;191;56;137;137;54;194;183;144
ENSG00000141027;2920;2716;2003;2104;2474;2254;2585;1743;4526;2345;3375;1302;2844;3463;1486;4261;2842;3154
ENSG00000108474;59;51;28;60;50;46;33;46;87;48;66;35;68;99;36;106;68;53
ENSG00000170315;834;801;545;627;897;725;1126;805;2058;1332;1909;731;1207;1576;650;1656;818;926
ENSG00000187688;306;262;207;199;249;236;268;198;594;261;408;160;320;378;173;363;261;277
ENSG00000197566;53;45;26;37;40;27;21;19;48;26;62;14;46;44;22;70;53;52
ENSG00000170160;379;319;267;289;294;238;305;228;454;213;403;148;350;363;165;657;372;351
ENSG00000133030;1227;1013;863;881;1129;932;1051;802;2126;1049;1508;575;1049;1215;517;1359;873;982
ENSG00000154803;569;439;313;332;480;365;599;453;1234;621;884;291;632;702;295;813;441;554
ENSG00000141030;94;113;80;75;101;109;77;57;151;90;124;49;164;182;84;250;154;157
ENSG00000141026;69;51;37;38;57;33;52;33;104;63;57;28;55;65;34;69;46;61
ENSG00000133027;15;7;4;8;13;6;8;11;12;10;13;5;6;24;4;17;12;10
ENSG00000108557;364;250;205;173;278;232;218;241;771;350;427;160;282;325;148;328;218;244
ENSG00000072310;1067;954;571;580;889;614;879;880;2662;1274;1529;625;869;1147;436;976;676;724
ENSG00000175662;720;610;479;426;574;473;799;640;1640;802;1125;487;785;925;393;846;509;654
ENSG00000171953;184;152;117;141;188;126;225;199;496;211;320;111;229;314;117;335;199;238
ENSG00000141034;135;145;71;102;129;86;162;106;235;151;219;77;136;188;67;208;127;136
ENSG00000108591;202;129;95;109;132;127;138;111;363;167;214;120;222;264;91;208;156;193
ENSG00000091536;17;29;12;18;9;18;24;16;32;18;17;4;24;27;15;22;9;23
ENSG00000091542;912;905;630;773;1034;809;1193;900;2545;1461;2069;603;1176;1573;626;1626;913;972
ENSG00000131899;166;127;101;102;138;117;113;132;344;139;195;80;104;139;45;142;103;114
ENSG00000177731;1157;962;661;757;1019;869;1257;1136;2987;1639;2023;767;1583;2024;774;1736;1163;1243
ENSG00000177427;32;33;40;44;43;35;54;45;99;58;76;35;53;100;34;79;40;59
ENSG00000177302;497;369;356;321;402;423;417;285;847;386;548;251;511;646;267;780;494;503
ENSG00000176994;1086;1041;799;803;1001;880;1275;922;2486;1414;1871;723;1385;1911;758;1943;1111;1253
ENSG00000176974;26;14;12;14;32;18;16;7;26;16;20;2;35;34;17;38;35;48
ENSG00000240445;29;18;13;19;21;15;18;10;38;19;28;7;16;22;7;23;23;14
ENSG00000171928;104;93;81;105;92;70;94;67;147;86;173;59;103;162;59;172;113;127
ENSG00000141127;118;112;97;80;88;53;126;83;173;97;150;42;162;153;54;209;140;146
ENSG00000188522;102;108;70;55;96;62;159;100;358;153;266;98;132;198;84;197;133;142
ENSG00000154016;60;33;35;35;41;39;30;25;64;27;37;16;28;46;20;47;23;33
ENSG00000072134;21;19;9;12;21;17;18;21;46;20;21;8;20;28;14;30;27;20
ENSG00000166484;94;112;100;87;128;78;132;111;296;160;205;82;127;187;59;176;113;106
ENSG00000072210;130;83;62;97;86;80;104;62;168;100;135;42;133;175;58;273;149;142
ENSG00000083290;155;102;114;103;127;119;166;101;251;128;180;87;98;95;50;139;113;113
ENSG00000108599;1003;846;683;740;767;680;819;634;1242;700;1125;428;1004;1112;510;1642;1007;1131
ENSG00000128487;149;135;125;130;149;146;170;98;277;171;255;89;232;241;115;340;189;214
ENSG00000124422;1305;1134;778;875;1168;901;1242;1109;2799;1449;1931;783;1337;1765;692;1784;1173;1382
ENSG00000109016;40;50;32;29;32;43;73;48;113;69;83;36;70;101;39;95;52;64
ENSG00000178307;35;41;18;13;34;26;41;33;61;40;55;21;38;58;22;68;32;38
ENSG00000274180;97;83;75;64;126;83;91;90;203;112;171;63;154;161;75;158;96;117
ENSG00000034152;768;687;535;522;759;669;877;807;2097;1080;1441;595;779;1273;467;1133;741;722
ENSG00000109046;2623;2312;1777;2102;2103;1883;2254;1739;3808;2155;3834;1392;2129;2856;1125;3541;2194;2460
ENSG00000141068;702;528;393;451;507;499;477;438;913;519;672;280;557;683;304;790;507;513
ENSG00000168961;321;265;218;184;307;277;269;213;556;323;335;141;757;928;315;857;521;603
ENSG00000232859;22;12;14;17;11;13;14;16;33;8;19;2;24;26;8;23;26;19
ENSG00000087095;189;139;124;109;115;137;121;81;227;134;158;48;151;157;72;246;156;173
ENSG00000109083;39;42;38;42;43;36;31;27;80;40;50;25;51;53;17;60;43;54
ENSG00000109079;143;132;89;120;146;111;131;98;278;170;193;83;158;206;80;215;147;168
ENSG00000004142;209;146;147;122;148;112;185;130;295;202;257;92;223;269;104;286;162;208
ENSG00000244045;191;150;108;135;103;123;164;105;235;139;196;73;172;188;111;240;175;181
ENSG00000004139;178;96;88;105;114;143;118;85;229;113;158;65;153;188;91;194;122;124
ENSG00000167524;219;184;123;141;144;167;200;153;337;157;247;94;204;277;123;304;207;216
ENSG00000109103;321;232;200;212;299;253;281;218;472;252;393;134;283;329;155;333;250;282
ENSG00000087111;279;239;173;235;285;234;293;255;644;361;434;171;363;490;197;474;279;356
ENSG00000109107;153;219;105;166;205;153;235;187;509;291;467;148;272;351;126;296;157;207
ENSG00000076382;63;52;35;43;35;40;73;50;120;47;98;26;57;70;37;97;61;83
ENSG00000007202;1705;1275;1051;1177;1466;1222;1688;1283;2986;1620;2311;872;2208;2727;1092;2894;1785;2004
ENSG00000132581;155;137;83;103;140;105;182;128;393;206;314;97;169;299;85;276;166;183
ENSG00000109111;1346;1315;928;1005;1338;1107;1670;1392;3433;1791;2368;920;1684;2124;899;2326;1422;1675
ENSG00000167525;59;38;28;22;37;35;45;50;107;38;82;24;50;52;31;59;28;52
ENSG00000109113;313;288;187;235;292;191;366;219;656;381;555;213;380;483;187;464;278;352
ENSG00000198242;196;165;147;145;219;163;113;107;277;193;232;106;179;265;90;294;161;161
ENSG00000160602;92;82;48;33;66;54;38;73;151;83;102;36;86;102;47;107;44;69
ENSG00000076604;32;29;26;29;45;41;25;25;58;30;43;19;26;46;22;34;23;25
ENSG00000173065;109;97;71;57;61;74;76;79;188;102;111;51;91;134;46;165;83;107
ENSG00000132591;66;55;48;59;62;51;72;55;168;66;99;39;95;103;41;125;63;88
ENSG00000132589;353;240;223;250;289;303;238;173;449;252;373;124;259;324;148;392;273;279
ENSG00000167536;52;37;33;33;43;25;37;32;60;33;66;23;53;46;20;41;26;43
ENSG00000109118;879;714;508;656;721;684;730;581;1478;771;1101;451;782;983;441;1107;720;803
ENSG00000196535;931;723;615;612;746;735;920;800;2083;1015;1307;546;1047;1393;515;1338;779;894
ENSG00000108256;1561;1377;1040;1107;1333;1238;1232;795;1771;1095;1676;631;1404;1858;775;2552;1596;1788
ENSG00000160551;1983;2048;1379;1671;1993;1765;1939;1314;2913;1839;2958;994;2087;2672;1043;3512;2332;2421
ENSG00000168792;110;79;57;82;80;91;80;53;149;89;105;43;82;104;48;100;71;66
ENSG00000167543;187;168;95;105;117;106;118;124;407;181;239;110;141;165;73;175;102;113
ENSG00000108262;336;258;193;176;237;223;271;219;626;311;431;151;305;374;145;379;241;259
ENSG00000141298;2311;2068;1555;1751;1972;1750;1538;1050;2327;1382;2088;873;2653;3223;1298;3740;2296;2684
ENSG00000126653;220;246;142;186;194;186;194;126;306;214;315;109;235;254;127;369;257;280
ENSG00000108578;153;120;95;110;133;97;123;97;248;146;198;69;134;195;76;220;146;140
ENSG00000108582;1006;1080;714;988;1261;917;750;537;1055;803;1266;393;942;1091;417;1490;832;1039
ENSG00000108587;312;335;255;259;296;304;324;213;519;253;423;157;388;478;171;534;378;420
ENSG00000176390;258;254;194;192;218;212;208;140;247;173;240;96;338;320;139;496;336;323
ENSG00000176208;59;45;51;46;57;46;44;18;74;31;68;21;56;52;31;93;74;84
ENSG00000172171;53;52;40;32;37;28;41;24;63;29;62;27;54;73;24;106;49;86
ENSG00000184060;139;104;71;71;93;68;95;66;170;101;126;45;392;399;146;498;258;300
ENSG00000181481;106;149;96;93;137;117;135;112;218;124;168;62;230;235;103;307;156;226
ENSG00000196712;2468;2312;1560;1844;2089;1755;2118;1356;3131;1782;3024;1086;2104;2495;1086;3539;2173;2467
ENSG00000185862;275;260;163;246;285;249;233;120;315;282;363;105;502;627;222;880;495;556
ENSG00000126860;197;261;180;259;316;255;283;131;301;253;403;126;413;485;178;689;374;427
ENSG00000131242;278;211;187;236;223;222;274;188;592;251;387;121;645;830;308;858;486;591
ENSG00000172301;21;21;18;9;23;13;29;19;60;26;45;19;36;48;14;56;36;29
ENSG00000108651;336;252;181;183;231;247;245;172;386;210;354;145;321;389;167;555;333;380
ENSG00000178691;311;316;268;280;355;309;299;177;382;265;392;123;292;403;128;543;384;315
ENSG00000185158;87;69;67;65;71;91;71;50;129;73;91;29;84;105;44;147;68;87
ENSG00000126858;474;427;331;367;429;336;384;221;496;345;541;158;435;567;202;826;570;568
ENSG00000108666;17;21;23;17;26;19;14;12;22;11;18;8;14;18;8;26;27;26
ENSG00000010244;3440;3085;2267;2467;2723;2558;2353;1628;3154;1907;3174;1249;2517;2711;1311;4553;3064;3326
ENSG00000108671;414;374;291;317;357;310;440;284;692;410;578;209;410;494;216;749;374;475
ENSG00000176749;37;20;18;23;23;20;29;6;19;11;22;7;21;22;8;31;24;16
ENSG00000176658;31;29;25;35;36;30;39;35;80;33;45;21;54;61;30;91;43;43
ENSG00000198783;69;71;53;76;87;69;86;51;185;110;143;37;110;116;43;191;110;123
ENSG00000005156;187;163;118;118;123;135;161;105;249;154;233;92;182;224;105;273;171;194
ENSG00000092871;541;434;325;349;397;330;601;433;990;544;766;319;530;616;253;740;498;544
ENSG00000185379;89;53;54;70;52;70;49;30;90;58;72;28;63;87;29;97;55;70
ENSG00000073536;28;17;16;8;21;23;13;11;25;10;11;8;23;26;13;27;26;22
ENSG00000166750;1204;1153;1020;949;1154;1141;1048;684;1515;930;1444;528;975;1070;453;1530;963;1017
ENSG00000172716;276;204;200;193;223;208;321;195;446;254;428;145;636;752;327;1015;636;717
ENSG00000172123;93;78;77;60;92;67;81;46;86;57;107;46;96;122;43;197;91;117
ENSG00000154760;135;101;75;79;100;75;53;33;108;51;79;25;65;64;41;117;89;95
ENSG00000205045;405;276;316;293;280;376;189;122;262;139;244;98;241;210;97;300;291;259
ENSG00000006125;762;625;493;556;643;601;640;462;1102;641;906;331;776;927;361;1244;735;722
ENSG00000270885;20;13;7;12;6;4;20;9;40;14;15;7;13;12;10;11;10;9
ENSG00000270647;622;435;413;397;442;437;589;427;936;591;737;323;536;750;317;776;633;590
ENSG00000271503;386;209;331;256;330;374;229;167;387;300;330;112;299;289;121;368;236;257
ENSG00000277632;1425;1072;804;894;1178;807;857;589;1574;879;1418;427;1008;2234;784;2212;1035;1512
ENSG00000275302;289;295;257;279;358;254;203;173;316;246;332;55;308;890;225;895;407;540
ENSG00000276085;348;280;210;268;269;221;295;221;507;276;536;159;308;608;210;727;372;427
ENSG00000276070;197;250;217;194;253;166;309;183;383;278;470;100;221;666;199;679;305;377
ENSG00000275954;27;14;14;5;13;10;17;11;34;18;30;9;20;33;16;22;18;18
ENSG00000273611;53;39;47;37;71;45;48;40;84;72;98;31;65;84;26;98;69;66
ENSG00000278259;186;155;137;129;173;148;187;103;305;137;196;84;207;214;116;225;137;156
ENSG00000278311;589;533;408;436;518;399;495;370;866;448;839;270;553;687;281;936;545;601
ENSG00000278535;10;16;14;12;12;18;6;15;19;10;14;4;8;20;4;13;17;18
ENSG00000278619;16;12;17;24;16;16;12;17;36;25;22;14;24;31;6;36;18;19
ENSG00000275700;332;298;190;246;271;243;298;261;600;312;486;195;366;447;169;506;320;337
ENSG00000278540;179;106;78;119;126;123;116;58;169;93;139;62;167;155;81;228;151;117
ENSG00000276234;151;106;96;84;113;99;132;84;214;115;151;65;135;164;67;229;151;126
ENSG00000275066;863;701;631;662;795;708;708;471;1098;620;990;374;854;989;461;1274;810;969
ENSG00000278053;192;168;119;125;157;132;146;104;203;131;193;70;170;183;73;337;182;210
ENSG00000278845;42;33;28;33;34;30;51;20;58;38;51;20;44;70;24;78;48;54
ENSG00000274211;537;409;327;368;388;338;497;392;904;428;729;210;448;637;271;700;416;496
ENSG00000275832;11;9;16;15;11;9;11;18;36;14;21;10;8;14;4;7;6;5
ENSG00000273604;41;27;13;27;18;30;61;45;135;93;106;40;38;83;29;55;32;44
ENSG00000275023;3284;2622;2031;2178;2579;2478;4045;3564;9648;4808;6441;2295;2877;4551;1671;4131;2594;2906
ENSG00000277972;58;42;32;34;47;44;54;39;100;55;76;40;50;73;23;75;44;57
ENSG00000277791;160;117;87;90;86;104;117;96;246;143;192;85;175;196;95;218;120;148
ENSG00000276293;400;350;315;300;370;268;363;236;656;358;550;191;338;475;199;485;361;409
ENSG00000273559;444;378;316;317;381;313;448;371;789;498;660;223;514;643;250;807;468;483
ENSG00000125691;479;389;340;353;475;431;463;344;681;556;811;270;542;712;258;809;407;468
ENSG00000002834;2861;2663;1983;2075;2717;2042;2897;2209;6282;3524;4873;1847;3369;4259;1624;4365;2435;2788
ENSG00000263874;123;97;87;54;87;95;117;84;208;94;173;52;110;145;61;118;120;121
ENSG00000161381;26;13;17;14;19;11;15;10;14;6;11;6;17;19;12;27;27;20
ENSG00000067191;194;164;98;118;138;123;103;96;258;133;177;80;141;164;80;135;99;99
ENSG00000108298;604;428;369;405;487;495;386;272;706;435;667;249;483;608;266;623;473;509
ENSG00000108306;1473;1358;1009;1084;1281;1133;1295;826;2132;1180;1689;665;1404;1684;730;2131;1383;1420
ENSG00000125686;468;515;300;340;505;377;469;305;754;495;617;229;545;740;278;942;563;648
ENSG00000167258;1239;1137;839;919;1108;963;1142;785;2022;1067;1526;582;1137;1505;580;1782;1128;1252
ENSG00000131748;388;339;261;257;328;304;350;382;965;501;624;250;484;610;241;567;349;419
ENSG00000173991;15;10;6;8;8;7;12;11;40;16;19;6;21;17;11;14;7;16
ENSG00000161395;69;53;46;62;56;58;49;48;101;50;69;21;74;60;32;81;61;55
ENSG00000141736;54;18;40;33;32;41;18;20;43;15;14;20;18;20;8;23;17;19
ENSG00000141741;79;87;44;65;104;79;75;79;190;90;168;57;144;143;54;140;86;138
ENSG00000161405;352;271;284;288;275;367;163;85;211;111;183;52;186;154;98;292;255;259
ENSG00000073605;133;73;79;64;89;90;72;66;141;64;102;43;97;83;43;91;78;83
ENSG00000172057;173;139;123;108;128;143;127;100;226;120;183;62;127;164;66;161;89;118
ENSG00000108344;224;154;136;153;195;158;184;181;429;256;281;128;250;301;113;328;193;204
ENSG00000008838;218;217;180;151;183;210;209;172;499;249;317;139;252;364;141;292;222;216
ENSG00000126351;104;57;52;42;57;104;49;36;95;48;62;24;62;59;24;60;69;62
ENSG00000126368;24;10;21;15;15;21;6;3;14;5;13;6;11;15;3;12;17;12
ENSG00000188895;845;735;522;641;706;645;713;509;1217;693;1147;364;779;973;401;1267;780;851
ENSG00000108349;663;594;451;503;626;483;694;523;1286;780;1044;361;877;1077;426;1178;809;838
ENSG00000108352;99;77;69;67;98;69;110;91;249;106;144;69;133;140;60;145;109;102
ENSG00000171475;810;704;519;593;651;548;710;569;1404;743;1048;414;690;1013;392;1030;619;779
ENSG00000094804;8;9;15;13;18;17;17;19;20;14;21;9;14;22;10;20;18;12
ENSG00000131759;1093;887;592;593;927;717;678;662;2239;1037;1331;462;771;1274;444;1094;687;762
ENSG00000141753;17;14;7;14;9;23;5;5;29;15;16;7;8;12;3;6;6;7
ENSG00000126353;537;395;347;328;456;357;740;512;1483;717;961;516;507;560;228;517;533;423
ENSG00000073584;272;281;195;253;232;219;212;142;360;173;309;106;251;289;105;376;286;343
ENSG00000186395;9;11;10;10;20;8;11;9;23;10;17;6;20;19;12;24;12;12
ENSG00000173812;2655;2505;1869;1959;2292;1960;2765;2122;5298;3251;4560;1657;2936;4041;1513;4242;2487;2931
ENSG00000173801;83;43;56;32;54;47;31;40;90;61;77;29;152;158;83;181;111;100
ENSG00000141698;96;99;54;88;86;85;113;74;181;90;159;59;119;193;81;173;108;145
ENSG00000178502;107;97;57;66;112;92;109;81;194;95;159;52;107;128;57;167;115;111
ENSG00000131473;545;468;347;434;468;457;566;409;1110;577;784;300;617;772;284;825;513;592
ENSG00000204815;20;13;11;11;13;11;26;6;28;20;28;6;16;23;12;17;18;23
ENSG00000173786;146;149;102;86;131;120;139;107;252;159;219;63;153;226;81;278;136;170
ENSG00000168259;651;562;485;455;613;493;595;434;999;530;899;300;660;843;354;1001;681;708
ENSG00000168256;346;275;173;217;279;240;297;250;706;370;593;186;334;457;148;482;326;328
ENSG00000108771;82;62;45;69;67;71;81;61;186;95;135;56;80;65;38;92;70;74
ENSG00000108773;82;45;73;51;51;59;42;37;84;37;56;33;58;64;29;82;55;57
ENSG00000108774;259;271;179;201;239;216;276;245;655;474;500;168;371;518;174;514;305;293
ENSG00000167925;110;60;58;46;69;79;66;58;176;106;126;49;81;124;51;119;97;86
ENSG00000173757;1050;858;650;803;795;775;865;599;1529;817;1200;469;1132;1295;566;1414;853;1005
ENSG00000126561;596;533;412;409;523;482;686;535;1392;747;905;429;693;888;372;940;518;650
ENSG00000168610;2082;1975;1477;1676;1989;1654;2344;1866;4270;2447;3516;1235;2511;3280;1270;3670;2127;2319
ENSG00000033627;1209;958;636;684;923;739;1036;855;1942;995;1461;566;2011;2236;905;2503;1427;1642
ENSG00000108784;88;67;38;53;73;56;82;34;170;73;99;48;98;127;48;124;70;59
ENSG00000068120;304;275;209;195;306;247;332;265;696;376;573;177;375;490;172;435;256;295
ENSG00000108788;305;302;217;242;298;189;344;217;543;372;485;164;293;444;180;448;250;308
ENSG00000131470;28;20;12;18;22;21;30;14;46;14;27;12;35;47;16;45;16;36
ENSG00000141699;635;664;480;550;629;512;638;415;1224;703;1070;370;722;1008;419;1047;622;637
ENSG00000131462;35;33;39;26;22;37;49;32;74;43;45;23;39;76;25;68;29;45
ENSG00000037042;49;38;16;37;26;37;36;32;71;38;49;13;22;24;18;35;38;22
ENSG00000108797;15;7;4;7;10;18;13;8;13;14;12;3;8;9;3;10;10;19
ENSG00000108799;1268;1068;810;962;1108;924;1295;1034;2239;1240;2056;746;1748;1953;871;2148;1359;1558
ENSG00000131475;61;55;50;66;73;64;72;61;187;112;91;39;92;105;47;118;85;78
ENSG00000183978;28;24;15;25;26;19;25;16;55;22;43;18;37;43;19;43;24;28
ENSG00000126581;348;302;227;247;328;252;376;234;589;338;494;181;400;515;199;546;354;352
ENSG00000131467;248;207;187;226;226;212;254;159;399;235;349;128;266;388;184;507;310;312
ENSG00000131480;17;27;21;7;29;25;30;23;72;30;35;23;26;41;16;35;20;37
ENSG00000198863;248;183;128;165;160;194;203;150;341;227;355;122;215;253;96;265;178;220
ENSG00000131469;198;155;136;149;186;180;165;98;277;206;234;86;198;268;107;269;162;208
ENSG00000068079;67;78;57;60;62;78;64;53;122;52;86;35;53;59;14;92;64;45
ENSG00000108828;252;299;155;273;265;237;356;297;820;497;651;195;425;613;234;630;306;324
ENSG00000012048;57;76;69;53;87;58;73;60;93;45;96;32;93;94;45;133;98;96
ENSG00000188554;937;908;642;771;865;744;981;656;1538;984;1576;545;1000;1368;541;1679;933;1098
ENSG00000184988;834;627;429;527;576;463;629;549;1235;605;954;334;883;1014;457;1243;671;801
ENSG00000067596;618;512;360;376;510;443;538;410;1093;571;888;359;619;847;301;992;575;673
ENSG00000108861;596;597;350;468;619;444;619;494;1102;646;1008;327;639;867;343;978;520;647
ENSG00000161647;75;39;59;43;56;52;60;46;119;61;104;43;62;63;41;68;31;57
ENSG00000161653;8;23;16;10;11;14;21;19;47;24;38;15;8;19;5;21;7;12
ENSG00000091947;72;64;34;43;86;55;61;61;171;99;115;62;93;119;56;130;76;65
ENSG00000161654;113;92;69;69;68;57;105;53;180;88;127;36;100;143;38;141;104;103
ENSG00000141349;49;58;48;51;45;43;52;44;113;63;93;23;75;88;39;92;45;54
ENSG00000108840;692;536;380;458;570;424;608;572;1588;756;1003;395;893;1027;435;981;649;583
ENSG00000125319;7;7;12;8;7;20;14;13;21;12;15;10;18;23;3;9;9;13
ENSG00000168591;517;462;314;300;390;308;466;406;1022;490;747;235;526;663;256;630;425;449
ENSG00000087152;891;798;591;627;871;649;959;848;1892;1126;1496;629;1132;1403;539;1425;872;868
ENSG00000108312;446;351;295;291;356;320;387;324;819;417;574;214;385;498;194;545;347;366
ENSG00000013306;228;186;118;135;174;156;176;165;595;252;323;146;214;334;143;274;183;214
ENSG00000030582;1920;1755;1333;1308;1851;1505;1851;1630;4799;2864;3262;1228;2672;3295;1283;3103;1746;1997
ENSG00000005961;71;58;76;60;70;81;42;34;57;22;48;23;35;53;26;80;46;44
ENSG00000186566;939;814;554;659;855;686;791;541;1555;816;1163;431;942;1090;410;1395;848;984
ENSG00000180340;14;10;18;16;18;15;9;7;23;18;14;4;19;12;5;16;20;24
ENSG00000180329;102;115;49;72;83;70;71;47;92;70;127;39;93;116;36;164;93;105
ENSG00000161692;57;48;35;33;37;39;57;42;123;47;77;38;56;71;28;92;31;44
ENSG00000108883;1009;855;595;673;809;817;939;745;1805;928;1395;521;1224;1477;614;1571;960;1048
ENSG00000136448;402;358;271;264;316;319;423;256;731;373;538;186;455;529;197;585;367;406
ENSG00000172992;165;126;128;90;138;165;154;159;368;161;237;110;165;193;61;191;164;139
ENSG00000161714;47;38;19;21;29;31;34;27;86;29;50;21;45;53;29;42;40;41
ENSG00000181513;48;44;33;49;42;50;46;44;88;52;66;24;75;69;21;80;64;31
ENSG00000186834;740;642;473;533;576;537;769;698;1450;917;1165;513;803;1024;397;1060;644;682
ENSG00000168517;10;8;3;4;6;6;7;4;10;5;6;2;12;20;2;8;5;4
ENSG00000184922;4506;3628;2829;2806;3733;3277;4627;4457;11343;5791;7304;2923;4538;6390;2475;5685;3725;4015
ENSG00000006062;686;539;430;468;514;459;650;558;1338;737;964;400;1236;1536;551;1512;924;1038
ENSG00000159314;994;766;594;535;740;598;693;636;1520;754;1024;386;1252;1475;613;1434;936;1031
ENSG00000225190;792;678;464;472;622;518;671;539;1432;683;977;410;961;1123;475;1113;703;838
ENSG00000120071;1600;1439;1002;1066;1264;1124;1367;1014;2498;1364;1821;704;1438;1817;775;2087;1303;1493
ENSG00000228696;39;50;40;39;36;49;53;37;81;32;63;38;52;65;44;73;83;55
ENSG00000176681;13;14;8;16;14;11;6;10;20;7;18;22;12;19;4;19;12;8
ENSG00000185829;114;92;55;71;82;65;63;73;123;54;81;38;86;108;36;133;82;109
ENSG00000238083;99;72;72;85;73;90;88;53;175;76;98;36;82;100;55;132;78;79
ENSG00000073969;200;204;128;185;185;173;195;106;301;183;304;131;216;314;117;367;214;242
ENSG00000108433;620;553;407;468;436;437;606;416;946;523;752;282;672;815;317;911;611;704
ENSG00000004897;434;455;252;336;373;384;426;212;511;301;469;200;435;445;214;753;469;524
ENSG00000259207;94;76;109;96;84;102;33;21;30;27;40;15;35;35;22;80;59;70
ENSG00000178852;136;157;92;115;120;102;100;67;132;87;140;62;134;145;68;203;152;182
ENSG00000141279;1644;1608;1289;1498;1626;1288;1502;1084;2245;1350;2328;752;1983;2176;1036;2868;1764;2024
ENSG00000108424;1505;1345;954;1073;1317;1041;1448;996;2331;1378;2060;710;1475;1868;784;2441;1445;1637
ENSG00000198933;163;112;81;80;92;99;93;103;246;136;166;71;204;253;106;190;132;145
ENSG00000073861;121;75;119;89;62;120;38;32;57;38;42;21;60;52;30;76;86;57
ENSG00000006025;113;61;74;50;62;95;41;32;126;59;63;23;78;78;35;75;54;55
ENSG00000159111;98;68;67;81;62;55;81;50;140;86;106;47;76;115;39;112;82;87
ENSG00000141295;104;56;68;63;75;73;83;73;175;93;105;51;100;101;47;86;46;87
ENSG00000167182;190;129;102;149;149;134;128;129;320;162;191;84;160;232;92;228;146;170
ENSG00000108439;31;22;20;28;29;34;41;17;65;28;47;15;67;52;22;63;33;42
ENSG00000108465;23;20;11;12;15;22;21;28;53;24;43;19;28;37;17;30;25;20
ENSG00000082641;805;732;532;651;822;687;1110;841;2060;1251;1659;605;970;1307;510;1338;735;830
ENSG00000108468;122;111;85;89;124;104;121;82;213;104;174;68;113;151;63;165;94;123
ENSG00000002919;198;168;109;159;156;139;194;156;366;233;285;116;303;276;142;431;210;218
ENSG00000141293;47;28;44;43;57;47;14;12;32;15;21;8;27;23;16;34;45;26
ENSG00000173917;23;10;10;15;24;29;12;10;28;11;20;5;16;21;5;19;9;14
ENSG00000120093;10;11;16;6;14;15;8;7;19;8;14;6;10;10;3;11;11;25
ENSG00000136436;726;632;540;537;684;581;776;461;1142;617;1067;356;797;945;341;1247;701;825
ENSG00000159199;41;34;28;27;17;27;35;27;79;33;59;18;46;55;22;69;33;47
ENSG00000159202;1398;1357;875;1029;1233;1054;1670;1227;3010;1715;2623;934;1491;2015;768;2130;1178;1484
ENSG00000159210;104;112;76;85;101;81;100;93;217;112;157;73;127;168;68;153;93;110
ENSG00000159217;16;14;12;8;20;17;18;11;38;20;20;17;15;26;11;48;26;22
ENSG00000108798;134;129;161;112;123;152;61;58;110;54;57;22;190;176;75;240;123;129
ENSG00000198740;940;797;609;693;822;676;728;445;960;624;989;353;861;988;416;1472;839;980
ENSG00000167085;98;63;68;39;67;69;78;44;191;103;127;43;115;155;53;149;70;81
ENSG00000121067;439;407;306;337;421;319;410;263;629;373;560;221;488;568;218;721;452;493
ENSG00000121073;119;83;84;86;111;87;159;112;255;117;176;67;121;171;64;224;118;132
ENSG00000121104;111;87;93;77;76;93;55;47;96;48;45;33;88;81;33;93;85;71
ENSG00000136504;1442;1247;900;961;1065;999;1216;883;2002;1098;1674;681;1413;1729;783;2154;1459;1508
ENSG00000005882;59;36;28;38;32;23;32;21;41;20;25;13;45;53;17;48;30;39
ENSG00000167100;16;6;17;13;12;6;22;10;59;29;21;17;11;15;3;18;6;9
ENSG00000108819;1144;948;666;803;938;789;1205;1047;3049;1687;2035;742;1250;1820;629;1545;971;1094
ENSG00000015532;140;133;93;91;122;127;148;121;349;189;258;100;106;152;57;177;105;125
ENSG00000108826;103;96;67;60;82;68;103;81;174;96;148;57;156;153;56;179;137;135
ENSG00000108829;204;222;137;180;234;177;303;200;481;329;393;161;336;369;132;416;251;277
ENSG00000167107;204;106;94;97;133;101;206;166;422;196;285;129;219;259;95;186;135;148
ENSG00000136444;204;176;133;184;160;139;191;189;327;235;265;119;194;265;115;274;110;196
ENSG00000006282;259;246;173;178;217;194;230;242;659;338;418;163;238;332;125;282;159;213
ENSG00000006283;439;377;252;278;392;295;412;392;1274;585;871;345;141;267;85;244;153;205
ENSG00000108846;6815;5699;3947;4173;5035;4119;6777;5829;16501;7262;10752;4563;6261;8948;3625;7563;5119;5826
ENSG00000154945;225;201;139;150;184;181;232;125;375;226;310;96;288;295;129;385;232;249
ENSG00000108848;1717;1430;1180;1355;1309;1211;1288;1024;1937;1117;1976;670;1589;1657;723;2329;1644;1808
ENSG00000141232;137;95;76;81;90;100;98;59;160;101;147;41;120;129;66;168;109;123
ENSG00000008294;2068;1796;1275;1519;1827;1509;2217;1901;4123;2362;3586;1238;1855;2829;1125;3386;2112;2468
ENSG00000011258;579;430;315;369;362;385;382;250;530;272;540;201;446;513;262;723;478;537
ENSG00000011260;145;127;72;120;117;118;104;79;165;88;125;57;182;191;86;301;152;181
ENSG00000166260;32;17;21;13;20;12;13;7;21;10;23;6;18;21;9;15;24;24
ENSG00000166263;21;30;21;18;19;27;22;13;33;21;29;10;37;28;12;31;31;35
ENSG00000108960;75;39;34;34;48;38;41;11;39;29;41;12;45;30;20;85;48;53
ENSG00000141179;145;125;84;98;140;118;117;77;215;132;177;62;107;158;58;198;127;148
ENSG00000214226;50;26;21;8;25;24;24;19;57;29;33;18;45;52;16;44;29;32
ENSG00000153933;321;257;152;205;217;225;263;141;322;215;318;112;444;464;206;572;432;448
ENSG00000121060;2376;1934;1428;1568;1840;1856;2637;2032;4510;2535;3536;1331;4022;4648;1891;4954;3012;3618
ENSG00000121058;165;98;68;81;116;89;117;74;150;97;150;55;134;167;51;242;149;140
ENSG00000121064;182;91;114;130;149;131;76;65;151;74;101;52;174;186;84;285;191;169
ENSG00000121057;103;82;60;70;88;82;84;65;142;83;105;58;139;159;61;169;98;111
ENSG00000153944;276;215;184;212;225;196;224;126;380;178;249;111;320;288;117;344;282;237
ENSG00000181610;49;39;37;33;50;38;50;33;67;42;48;17;53;74;22;54;61;45
ENSG00000180891;204;167;120;147;169;126;166;138;458;230;340;133;241;206;91;248;138;155
ENSG00000136451;409;285;256;261;312;285;327;216;517;300;454;158;407;508;199;561;359;465
ENSG00000136450;728;660;470;506;583;541;520;341;622;374;719;235;544;601;285;940;679;677
ENSG00000264364;575;487;378;383;438;437;568;363;904;533;783;324;664;864;341;1013;598;612
ENSG00000011143;65;48;33;41;39;36;46;52;82;48;77;31;64;63;38;82;43;49
ENSG00000005381;9;13;11;10;17;7;15;15;40;13;16;6;13;19;8;23;30;27
ENSG00000005379;700;431;386;359;369;468;496;389;1070;479;561;335;906;1124;370;976;690;700
ENSG00000213246;19;28;7;17;18;15;24;25;31;35;24;14;25;56;19;51;22;29
ENSG00000108389;749;690;499;612;635;557;985;657;1540;871;1428;480;807;955;443;1021;627;619
ENSG00000121101;22;19;12;8;8;19;10;18;35;8;22;7;45;64;20;53;38;52
ENSG00000108384;32;28;16;13;34;19;15;22;35;15;21;8;25;29;18;46;33;55
ENSG00000108395;108;77;63;80;110;92;90;63;147;108;114;32;129;151;67;183;121;142
ENSG00000182628;22;19;15;7;11;17;9;9;15;5;15;8;21;16;3;37;24;23
ENSG00000068489;19;14;13;11;17;20;8;4;20;13;10;5;22;16;6;26;15;20
ENSG00000167447;59;57;71;46;73;50;79;53;139;79;102;45;90;111;48;130;81;85
ENSG00000175155;516;440;362;369;432;383;415;278;640;320;467;212;658;648;299;850;497;523
ENSG00000108406;362;356;236;314;407;279;356;186;511;320;510;167;409;485;187;554;381;370
ENSG00000141367;1967;2070;1408;1687;1982;1671;2100;1359;3225;2000;3164;1086;2410;3187;1191;4224;2403;2762
ENSG00000141378;53;40;36;34;61;39;50;39;79;36;48;32;69;77;23;87;48;60
ENSG00000062716;5233;4585;3157;3788;4520;4024;4008;2541;5257;3157;5930;1689;8685;9949;4265;15414;8754;10322
ENSG00000108423;87;61;41;65;73;73;71;37;96;49;66;41;85;98;36;111;73;74
ENSG00000108443;358;300;238;255;261;286;280;187;423;224;355;144;322;380;193;640;419;393
ENSG00000189050;248;237;143;152;223;183;147;122;212;149;261;93;206;235;106;353;239;206
ENSG00000068097;303;306;168;203;262;195;256;177;378;209;361;131;327;408;171;496;309;353
ENSG00000170832;882;776;590;681;836;681;771;481;1183;639;1160;348;1170;1318;501;1719;1087;1215
ENSG00000062725;443;424;277;341;385;314;341;231;518;310;470;179;409;500;205;683;456;463
ENSG00000170836;304;288;190;221;256;213;220;153;366;216;320;160;360;379;178;514;358;322
ENSG00000141376;262;193;144;130;180;158;175;161;306;148;208;95;249;237;108;293;199;220
ENSG00000136492;19;4;4;9;12;9;9;6;7;5;8;3;9;11;6;14;6;9
ENSG00000108506;200;178;170;119;159;150;151;91;260;173;223;83;167;213;82;266;196;177
ENSG00000108510;1879;1992;1367;1589;1942;1502;2092;1307;2901;1752;2820;1004;1841;2291;955;3271;2077;2147
ENSG00000087995;22;11;34;16;18;13;14;11;25;22;31;11;29;22;12;43;33;24
ENSG00000146872;483;475;322;327;359;356;385;314;681;392;590;224;473;537;239;705;477;492
ENSG00000011028;62;46;41;37;58;51;145;134;485;208;282;115;135;271;92;276;151;182
ENSG00000170921;730;781;528;600;661;544;850;674;1365;868;1257;460;966;1097;470;1427;860;833
ENSG00000008283;96;41;39;59;71;63;48;36;91;44;58;24;65;48;27;64;67;64
ENSG00000136485;848;749;536;672;755;691;783;565;1395;793;1155;421;891;1186;543;1387;865;944
ENSG00000198909;585;448;359;364;484;485;503;384;903;525;652;268;990;1162;465;1265;767;836
ENSG00000266173;55;53;33;28;30;31;69;42;141;51;71;38;85;108;55;117;73;77
ENSG00000136490;473;316;342;300;395;438;195;180;405;234;337;133;343;386;179;474;346;337
ENSG00000108588;406;379;301;371;442;334;460;320;791;487;827;251;504;704;242;818;480;573
ENSG00000198231;1015;874;659;693;857;795;906;699;1465;846;1423;492;1034;1305;533;1573;1003;1185
ENSG00000108592;205;167;137;125;167;179;222;160;441;235;342;115;248;322;132;332;211;226
ENSG00000087191;166;138;95;119;140;123;192;153;395;206;283;93;225;271;107;277;187;187
ENSG00000108604;446;324;268;247;338;300;462;334;824;414;598;224;436;602;244;581;455;398
ENSG00000007312;29;12;26;20;17;20;11;11;19;12;15;5;11;8;11;19;16;18
ENSG00000108622;44;35;56;37;64;65;23;17;37;19;48;9;35;24;15;28;18;23
ENSG00000178607;1306;1015;790;933;969;1025;1191;911;2001;1123;1738;651;1262;1515;640;1862;1262;1324
ENSG00000136478;152;144;107;95;162;108;150;101;255;133;191;75;327;337;164;407;239;301
ENSG00000261371;6430;6172;4022;4932;6536;4928;5113;3746;10121;5584;8935;3203;7112;9932;3884;10723;6325;7477
ENSG00000271605;1075;896;566;631;860;712;919;602;1620;898;1378;515;1413;1692;698;1988;1215;1430
ENSG00000256525;305;238;175;192;200;194;205;146;355;163;244;142;279;320;132;353;184;233
ENSG00000108654;7262;6260;4921;5226;6421;5504;6474;4418;9620;5773;9473;3366;7202;8979;3773;11476;7322;8715
ENSG00000258890;430;385;255;306;402;329;379;264;506;238;406;155;397;406;193;561;391;433
ENSG00000108854;497;443;360;392;458;375;369;269;636;342;546;191;496;587;252;857;498;622
ENSG00000176809;40;29;14;27;31;34;36;19;77;31;45;13;28;46;26;74;44;34
ENSG00000120063;1007;913;725;826;889;797;801;497;1147;749;1312;411;1063;1288;496;1906;1131;1193
ENSG00000154229;222;143;124;119;117;142;81;49;144;67;82;46;121;127;51;161;111;122
ENSG00000198265;1422;1303;1035;1153;1239;1157;1270;821;1876;995;1661;612;1423;1733;757;2359;1579;1620
ENSG00000197170;336;301;241;241;277;262;284;165;383;219;380;126;317;357;148;550;327;364
ENSG00000154217;676;631;506;537;634;487;689;501;1372;713;1063;388;587;711;318;809;528;537
ENSG00000130935;145;102;86;105;107;116;96;61;115;80;122;50;109;136;57;174;126;176
ENSG00000171634;1566;1261;1014;1070;1401;1142;1413;949;2234;1267;1953;698;1680;1893;797;2447;1573;1734
ENSG00000186665;9;6;3;6;11;4;11;7;27;18;27;4;7;12;6;20;12;12
ENSG00000182481;60;26;26;45;41;36;47;23;90;46;72;16;57;95;41;109;83;64
ENSG00000196704;147;121;100;114;119;110;118;90;224;117;172;66;112;176;75;221;149;128
ENSG00000141337;510;477;379;364;400;392;892;669;1632;838;1199;427;613;976;418;1000;667;724
ENSG00000108932;518;610;386;465;550;449;850;601;1105;709;1057;356;837;1362;585;1718;1009;1132
ENSG00000070540;163;148;81;92;151;101;116;107;251;131;216;75;110;169;83;196;154;135
ENSG00000108946;1719;1862;1263;1612;1876;1637;1703;1208;2869;1689;2814;969;1997;2493;1003;3098;1829;2076
ENSG00000108950;82;68;51;55;77;59;63;52;160;69;75;43;188;215;84;193;121;174
ENSG00000154263;45;30;18;16;31;36;54;27;44;22;30;18;18;21;3;49;25;31
ENSG00000154265;443;394;286;298;314;358;315;193;413;235;380;168;209;233;151;344;270;252
ENSG00000108984;55;30;55;38;37;47;15;18;16;7;16;8;24;21;11;39;31;37
ENSG00000123700;6;25;8;7;17;14;12;7;13;9;15;2;24;22;11;25;25;19
ENSG00000133195;788;654;528;529;652;538;602;549;1348;649;982;436;445;507;218;538;316;379
ENSG00000166685;161;164;104;147;167;123;157;137;298;152;203;81;192;190;86;254;195;181
ENSG00000133193;212;192;131;141;157;179;167;134;312;187;260;102;176;242;95;310;175;199
ENSG00000141219;91;76;67;70;68;63;73;51;114;52;88;29;62;94;35;96;84;93
ENSG00000179604;70;62;46;44;67;53;66;65;176;91;137;50;75;115;47;101;54;85
ENSG00000069188;33;22;14;21;21;31;30;14;45;24;28;17;25;26;7;30;22;34
ENSG00000172809;162;130;141;146;171;165;185;138;268;215;267;108;202;239;97;291;158;184
ENSG00000141540;164;104;110;102;91;129;132;108;259;121;180;65;137;194;57;187;156;124
ENSG00000170412;11;21;17;17;22;21;7;15;27;20;23;2;25;11;4;12;6;5
ENSG00000167851;465;395;322;348;411;387;474;377;828;621;860;316;633;687;288;738;478;543
ENSG00000178789;201;118;94;115;178;165;175;149;405;216;325;109;361;490;183;530;305;355
ENSG00000167850;380;326;198;264;376;256;390;445;1024;586;774;271;355;534;192;507;252;284
ENSG00000284690;351;310;208;242;342;272;276;267;629;338;463;199;123;160;63;182;80;104
ENSG00000204345;16;17;14;17;21;14;24;18;28;20;26;12;15;24;6;27;15;19
ENSG00000186407;6580;6621;4495;5250;6866;5385;7616;6342;15459;9329;12761;4489;9242;12821;4968;13377;7699;8289
ENSG00000172794;103;74;82;90;82;132;27;34;63;18;39;15;61;60;27;84;75;52
ENSG00000186074;175;137;149;129;185;176;143;101;213;134;158;55;176;238;78;301;201;188
ENSG00000109062;204;117;157;111;123;167;85;85;178;93;147;56;119;140;60;156;146;132
ENSG00000109065;134;108;100;88;115;86;137;111;259;142;218;94;189;204;75;200;131;148
ENSG00000109066;97;75;90;68;91;71;49;55;141;91;100;45;79;99;29;97;83;69
ENSG00000161513;22;25;14;14;18;22;14;7;22;21;21;6;18;19;10;25;11;15
ENSG00000167862;16;6;5;6;15;15;11;14;17;9;15;5;12;12;10;19;14;17
ENSG00000180901;171;180;87;140;176;111;188;138;297;173;277;123;190;260;136;251;189;153
ENSG00000167863;103;112;49;103;125;78;138;82;169;147;181;73;177;206;77;232;119;114
ENSG00000170190;150;178;106;96;118;126;143;109;330;173;223;67;222;317;129;257;147;172
ENSG00000125449;37;33;27;28;48;39;46;31;101;52;64;27;75;95;28;84;53;56
ENSG00000125458;65;51;24;41;39;36;46;38;124;67;73;18;50;72;29;72;48;53
ENSG00000189159;66;54;67;42;51;63;65;40;104;54;66;24;72;100;32;109;62;72
ENSG00000188612;260;187;161;175;268;175;197;138;371;240;363;126;232;319;138;393;213;271
ENSG00000125450;643;499;395;360;437;354;514;365;979;474;673;254;624;737;336;768;494;581
ENSG00000125447;863;718;511;523;727;629;761;642;1707;857;1151;395;979;1336;506;1136;820;861
ENSG00000125445;59;64;35;48;67;72;50;38;110;84;109;34;88;111;39;118;69;70
ENSG00000125457;76;58;47;67;86;58;50;41;132;71;67;28;110;145;61;171;74;108
ENSG00000125454;1118;1020;633;764;917;787;1015;822;1924;1071;1649;656;1743;2114;926;2175;1325;1424
ENSG00000177885;3647;3755;2618;3008;3667;3004;4082;3017;7780;4683;6224;2305;4638;5965;2391;6906;3941;4414
ENSG00000177728;1331;1133;770;871;1114;847;1074;1021;2678;1349;1891;757;1338;1646;697;1383;965;1043
ENSG00000182173;93;71;83;52;67;64;60;39;100;59;76;22;68;83;48;78;84;80
ENSG00000073350;109;90;54;71;68;70;53;62;159;80;80;36;79;82;43;93;72;68
ENSG00000266714;2648;2004;1576;1476;1973;1712;2029;1966;5179;2408;3074;1371;2442;2839;1126;2656;1749;1950
ENSG00000108469;320;252;179;166;261;219;297;200;503;296;377;152;308;401;136;419;263;294
ENSG00000204323;18;11;9;16;16;22;17;11;24;15;6;3;27;14;3;7;14;7
ENSG00000161526;563;414;374;361;464;443;522;441;1084;568;852;290;514;680;268;730;499;471
ENSG00000108479;40;35;27;14;35;26;34;38;75;47;46;20;64;76;22;92;32;42
ENSG00000132475;4398;3845;2886;3202;3714;3369;4635;3528;7697;4611;6578;2691;5416;7180;2894;8451;4697;5862
ENSG00000132478;391;268;193;180;270;217;280;258;608;335;378;159;289;284;146;312;201;217
ENSG00000092929;1268;926;663;722;1038;831;974;941;2584;1239;1541;606;901;1284;508;1163;743;824
ENSG00000132471;678;657;460;477;634;546;691;642;1861;1113;1146;423;769;1085;403;1076;575;637
ENSG00000141569;129;92;76;80;101;96;105;104;221;131;174;67;122;136;43;174;115;92
ENSG00000204316;97;45;62;53;66;65;43;56;141;62;92;41;72;95;49;108;70;60
ENSG00000188878;33;17;20;26;18;30;20;17;36;26;24;10;28;31;8;22;18;23
ENSG00000161533;842;788;512;612;749;642;976;670;1839;1064;1428;544;669;919;405;1152;677;759
ENSG00000257949;23;14;20;9;9;18;21;19;63;35;45;13;18;24;10;17;19;10
ENSG00000250506;24;8;11;12;15;6;18;12;59;25;42;15;10;23;3;17;11;14
ENSG00000167881;317;291;204;205;315;253;363;267;643;320;512;172;377;472;193;562;388;351
ENSG00000182473;1032;788;571;615;776;660;917;789;2137;1057;1463;563;943;1374;530;1114;761;818
ENSG00000141576;41;24;32;23;28;35;14;8;19;8;18;11;30;14;6;30;24;17
ENSG00000185262;301;319;264;263;384;333;420;333;1029;567;683;275;359;510;232;464;286;373
ENSG00000129646;69;40;48;32;38;28;58;35;140;54;57;25;44;50;33;42;29;35
ENSG00000161542;151;123;87;91;97;98;113;74;194;100;155;62;84;123;39;156;103;83
ENSG00000176170;1095;1005;702;658;911;679;1175;1285;3604;1776;2338;1000;808;1201;385;1097;545;711
ENSG00000175931;637;585;375;443;577;427;662;574;1696;843;1123;453;424;606;282;489;346;433
ENSG00000129667;3008;2446;1603;1744;2396;1712;2916;2698;8426;3696;4921;1937;1221;1904;755;1743;1117;1199
ENSG00000070731;102;98;62;79;117;70;107;129;368;169;191;94;29;48;20;52;31;31
ENSG00000182534;103;92;52;64;91;72;60;78;207;91;121;61;36;38;16;31;18;30
ENSG00000070495;651;605;448;489;556;511;719;576;1260;711;1126;478;501;800;290;846;475;548
ENSG00000181038;87;57;45;39;67;63;72;39;113;62;103;36;37;67;32;109;59;60
ENSG00000161547;870;652;511;564;646;677;625;492;1123;695;970;341;667;791;299;1048;644;670
ENSG00000092931;292;205;165;170;186;175;206;170;372;201;283;117;258;275;129;338;216;238
ENSG00000129657;1360;1098;806;929;1083;989;1167;916;2288;1135;1809;689;1628;2093;915;2316;1303;1576
ENSG00000184640;3191;2668;2045;1900;2597;2225;2436;2313;6815;3301;4133;1701;2852;3550;1395;3299;2131;2448
ENSG00000078687;266;185;154;167;176;254;172;131;331;183;230;96;245;241;113;282;188;250
ENSG00000141524;1356;971;916;896;1096;1110;645;613;1738;726;1076;440;577;640;287;772;583;575
ENSG00000167895;742;386;560;536;569;726;283;244;440;239;409;163;331;297;155;456;375;365
ENSG00000108639;572;588;421;459;715;518;991;777;2553;1381;1610;660;791;1082;361;934;552;615
ENSG00000167900;19;15;19;14;9;11;12;15;28;24;23;7;17;17;6;20;8;8
ENSG00000183077;107;86;72;77;93;94;96;77;182;81;165;43;103;143;41;119;68;82
ENSG00000184557;4112;4091;2358;2777;4037;3062;4321;3349;9304;5212;6928;2406;7530;10599;3802;10293;5959;6516
ENSG00000087157;1439;1159;927;910;1162;990;1072;1007;2519;1178;1698;734;1370;1737;683;1656;1222;1313
ENSG00000187775;1247;942;636;757;1074;773;792;539;1823;835;1123;531;118;218;65;228;147;185
ENSG00000108669;2486;1970;1590;1641;1920;1742;2661;2207;5009;2484;3774;1518;2218;2570;1116;3019;1919;2076
ENSG00000055483;862;765;530;635;677;640;805;694;1603;798;1054;433;882;1088;441;1177;791;778
ENSG00000035862;985;920;622;744;961;719;917;635;1644;1037;1407;466;1597;1858;739;1966;1027;1295
ENSG00000178404;110;85;67;74;84;65;81;70;147;74;95;50;141;179;56;138;103;115
ENSG00000108679;36;22;18;22;31;21;24;25;35;17;20;13;13;33;15;19;35;24
ENSG00000171302;410;400;262;384;385;295;488;410;1191;666;918;289;509;694;258;788;419;436
ENSG00000173918;549;499;304;408;526;354;664;743;2001;950;1234;531;38;147;47;63;62;58
ENSG00000167280;1089;805;619;687;886;748;1088;1148;2411;1231;1571;704;958;1137;450;1092;776;783
ENSG00000141570;40;30;27;32;26;31;36;27;80;50;45;22;23;36;20;52;28;15
ENSG00000141582;172;118;86;92;135;109;128;122;326;180;208;88;128;200;67;172;133;120
ENSG00000167291;246;238;123;180;201;172;208;147;458;232;271;124;125;167;75;121;100;110
ENSG00000171298;1270;1186;765;863;1201;906;1407;1197;3575;2037;2402;875;1656;2374;910;1922;1220;1368
ENSG00000141543;267;281;160;182;214;205;305;222;529;302;423;179;382;500;205;496;305;387
ENSG00000181523;1288;1053;726;757;1060;763;1069;1049;2288;1232;1571;694;1932;2162;896;1976;1227;1294
ENSG00000181045;283;228;177;165;211;182;261;204;565;279;341;129;622;644;240;580;338;451
ENSG00000173821;6327;4910;4368;4614;5417;4606;5477;4339;10455;5281;7764;3107;5361;6399;2598;6900;4757;5091
ENSG00000173818;95;75;50;60;65;42;65;61;173;84;113;57;88;120;41;98;80;75
ENSG00000141564;1032;881;658;831;1026;826;1311;1225;2979;1435;2109;791;1228;1482;705;1447;903;955
ENSG00000176108;120;111;66;45;110;89;103;86;280;131;163;73;145;180;67;195;98;89
ENSG00000175866;241;145;117;81;138;113;134;149;329;129;204;100;253;356;180;309;228;251
ENSG00000181409;520;425;278;266;439;305;454;461;1375;600;801;302;640;907;344;920;567;575
ENSG00000141577;66;62;55;31;62;44;70;74;180;101;146;46;78;99;49;94;51;81
ENSG00000167302;566;402;339;279;408;331;411;431;1047;547;654;258;543;686;295;626;426;418
ENSG00000224877;20;29;28;11;11;11;22;10;29;21;15;12;16;27;13;14;7;20
ENSG00000157637;875;652;448;534;701;564;737;740;1956;978;1378;537;859;1167;492;1051;695;719
ENSG00000266074;75;56;57;47;49;51;89;101;262;143;150;70;57;110;36;92;76;69
ENSG00000184009;1937;1723;1457;1497;2037;1894;1472;1216;3508;1921;2552;950;2373;3125;1194;3465;2179;2128
ENSG00000185504;313;261;199;196;282;213;243;223;653;293;413;140;275;408;149;307;218;270
ENSG00000182446;1026;872;627;591;756;677;981;826;2153;1107;1376;505;976;1214;537;1321;777;900
ENSG00000204237;38;35;21;29;42;25;15;30;71;31;55;18;26;37;13;48;34;28
ENSG00000185298;75;59;56;45;60;55;85;69;129;98;116;43;101;116;39;93;53;69
ENSG00000214087;115;89;58;60;86;75;121;80;179;99;149;54;131;180;41;176;98;124
ENSG00000185359;1509;1195;808;788;1168;810;1297;1339;3659;1848;2217;917;1468;2077;827;1894;1133;1316
ENSG00000262814;7;4;3;5;9;4;11;11;19;11;13;6;5;10;5;12;13;12
ENSG00000225663;185;141;106;133;129;116;186;204;504;255;340;136;154;258;98;208;135;118
ENSG00000185624;1682;1626;1141;1315;1949;1570;2935;2387;6383;3842;5287;1637;2146;2845;1082;2841;1580;1857
ENSG00000141522;1043;901;704;689;949;774;898;856;2965;1638;1671;654;1041;1569;543;1425;861;850
ENSG00000183684;82;83;55;58;88;67;114;95;245;137;173;59;150;200;80;207;111;103
ENSG00000141552;82;59;29;32;52;38;58;50;133;72;117;52;85;125;42;83;63;57
ENSG00000185813;77;55;29;57;53;52;41;38;110;54;63;34;74;82;30;81;58;57
ENSG00000187531;272;239;151;155;226;197;294;267;551;305;493;180;349;441;170;423;271;296
ENSG00000197063;1230;1152;729;760;1090;822;1467;1319;3226;1671;2117;877;1563;1890;786;1996;1183;1303
ENSG00000169696;76;54;52;59;72;43;61;59;163;86;84;36;96;139;63;109;91;70
ENSG00000169689;53;32;20;32;30;19;32;36;76;53;64;22;50;63;25;62;34;38
ENSG00000169683;25;25;22;21;25;25;23;11;52;30;44;7;28;35;14;43;19;20
ENSG00000169738;45;18;31;33;32;25;27;21;70;39;39;23;58;75;26;69;27;48
ENSG00000169733;124;103;80;67;92;88;84;101;288;144;146;78;135;185;81;175;112;109
ENSG00000169727;147;116;78;105;122;97;95;117;288;163;174;51;115;188;61;151;95;121
ENSG00000169718;145;112;109;97;122;136;118;127;289;161;213;84;178;207;95;167;135;139
ENSG00000169710;290;199;140;142;183;175;212;250;561;277;356;143;380;354;173;321;224;255
ENSG00000176155;1051;792;583;631;786;706;946;842;2267;1092;1598;613;774;1268;459;1107;741;865
ENSG00000141526;6558;5559;3818;3885;5472;4516;6286;6861;18192;9621;11617;5298;6862;9870;3714;7850;5119;5697
ENSG00000141551;1548;1203;985;997;1263;1069;1449;1291;3237;1689;2190;979;1942;2402;963;2143;1461;1510
ENSG00000173762;127;74;160;100;111;176;46;42;100;40;61;23;73;61;41;84;67;70
ENSG00000141574;138;64;78;90;75;90;34;23;67;41;61;19;67;109;37;127;78;84
ENSG00000181396;111;99;77;65;90;80;108;97;264;116;187;64;132;196;92;172;102;114
ENSG00000169660;170;111;110;127;104;125;121;107;268;137;159;81;189;208;71;196;146;126
ENSG00000178927;873;720;589;551;736;632;772;736;2052;981;1411;541;1032;1268;497;1091;737;823
ENSG00000141562;651;507;355;440;526;447;658;563;1308;705;1090;419;740;949;408;888;557;651
ENSG00000141568;153;108;90;90;113;88;122;120;281;137;168;47;182;206;81;244;147;170
ENSG00000141580;472;396;307;345;406;364;484;431;946;567;834;270;480;603;251;650;448;468
ENSG00000141560;126;107;70;84;127;111;115;74;210;109;168;91;159;168;50;164;107;132
ENSG00000141556;1489;1155;905;929;1172;1006;1625;1357;3527;1551;2273;928;1904;2247;967;2199;1540;1597
ENSG00000175711;299;225;158;220;212;207;239;224;552;271;407;155;259;326;128;361;211;245
ENSG00000176845;2097;1922;1351;1417;1898;1457;2018;2005;5012;2490;3549;1370;2643;3733;1389;3491;2267;2415
ENSG00000101557;127;141;103;103;135;116;154;91;180;118;155;66;142;179;85;266;176;196
ENSG00000079134;165;169;147;151;153;127;150;99;174;98;156;58;178;206;77;345;217;242
ENSG00000132199;2156;1606;1119;1308;1597;1318;1585;1245;2727;1474;2226;847;1060;1375;568;1519;1115;1225
ENSG00000101574;86;65;60;41;61;56;69;35;76;50;82;24;81;66;33;92;85;68
ENSG00000101596;2340;2051;1596;1750;1850;1723;1682;1104;2185;1215;2217;750;2043;2341;1029;3614;2513;2590
ENSG00000132205;2529;2429;1653;1880;2651;1988;2142;1762;4857;2771;3847;1404;2011;3086;1167;3251;1838;2170
ENSG00000101577;466;369;350;356;431;350;407;286;685;339;529;202;519;624;312;841;500;507
ENSG00000101605;67;78;51;47;81;68;64;47;96;50;95;37;84;74;51;110;82;93
ENSG00000101608;301;296;242;257;361;331;313;206;459;342;407;160;397;434;152;505;331;374
ENSG00000118680;227;197;168;199;249;211;182;107;390;238;329;129;257;317;117;444;273;323
ENSG00000177426;904;695;582;561;658;579;815;646;1453;826;1224;470;687;795;337;997;601;663
ENSG00000198081;102;101;97;90;114;109;107;68;167;108;148;34;105;109;42;165;98;119
ENSG00000082397;9040;7812;5368;6471;7843;6353;8044;6222;14043;7853;12172;4546;5313;7457;3196;9429;6212;6273
ENSG00000154655;31;9;12;11;15;22;37;43;66;38;42;25;43;32;22;42;35;39
ENSG00000173482;161;154;101;133;146;124;124;119;282;156;229;102;82;117;49;80;89;101
ENSG00000206418;165;159;116;135;192;136;191;117;283;147;276;86;186;206;65;310;210;239
ENSG00000178127;110;94;75;72;86;91;103;55;141;56;120;42;86;102;46;149;86;136
ENSG00000101745;1472;1369;1090;1121;1237;1159;1370;950;1919;1079;1821;626;1523;1779;744;2550;1657;1849
ENSG00000128791;93;104;57;90;82;67;101;60;154;77;148;46;124;143;63;181;116;138
ENSG00000017797;238;233;210;227;236;196;208;165;406;222;361;118;293;337;115;434;251;311
ENSG00000154845;422;363;304;359;407;301;329;206;459;273;448;131;371;468;199;695;344;395
ENSG00000168461;1371;1552;904;1191;1564;1172;995;560;1541;928;1296;531;1182;1394;539;1823;1044;1192
ENSG00000101558;761;735;470;619;614;617;529;352;897;476;882;311;764;870;406;1309;812;963
ENSG00000134265;196;204;156;172;220;152;165;102;204;134;234;74;181;212;95;354;233;241
ENSG00000255112;362;364;280;335;409;308;341;273;721;416;641;231;406;461;212;597;369;369
ENSG00000154889;48;51;54;45;40;61;35;19;57;23;42;14;52;59;19;69;68;51
ENSG00000141401;49;39;23;38;35;48;15;21;46;27;30;17;49;38;17;57;28;44
ENSG00000176014;266;233;164;171;229;196;339;233;735;399;553;186;299;479;172;480;245;305
ENSG00000141385;271;235;156;185;180;196;224;163;384;228;329;136;312;366;125;433;272;295
ENSG00000134278;76;93;43;67;90;72;105;56;123;90;112;51;144;124;50;157;116;102
ENSG00000128789;124;99;83;91;97;111;78;53;141;70;129;53;128;138;50;181;135;136
ENSG00000101624;17;30;15;13;24;37;18;13;29;15;38;11;40;31;12;56;34;30
ENSG00000175354;754;656;458;514;616;545;555;338;775;451;712;280;665;832;296;1177;742;789
ENSG00000085415;190;198;166;173;187;138;205;137;335;188;355;109;284;364;151;479;303;295
ENSG00000101639;998;803;736;776;820;751;858;585;1210;702;1038;380;732;897;327;1161;815;871
ENSG00000168675;364;316;240;305;318;309;299;230;565;310;478;153;272;308;131;440;283;295
ENSG00000177150;240;204;149;263;216;207;259;169;397;210;382;97;168;227;108;294;196;176
ENSG00000101654;990;867;624;745;808;798;1055;703;1519;918;1498;475;906;1118;505;1484;926;1081
ENSG00000067900;1948;1804;1382;1431;1756;1583;1627;1280;2740;1595;2487;908;2095;2498;1047;3371;2314;2250
ENSG00000141446;273;210;183;207;286;240;233;135;333;162;299;109;193;250;116;450;244;252
ENSG00000167088;63;48;42;39;56;44;42;31;77;41;70;25;60;68;26;105;75;80
ENSG00000158201;124;95;67;71;102;104;65;45;126;69;88;35;137;115;57;163;92;134
ENSG00000101752;589;622;448;486;508;414;462;297;802;432;797;263;580;671;286;927;637;667
ENSG00000101773;63;69;45;62;64;52;61;34;81;45;88;27;49;83;36;106;61;62
ENSG00000134508;109;96;52;76;91;63;77;75;153;77;108;38;75;87;38;133;77;73
ENSG00000134490;41;45;31;51;44;33;59;31;85;37;80;29;38;45;19;62;39;41
ENSG00000101782;998;900;727;758;843;750;839;605;1256;742;1358;437;817;1073;487;1395;823;1008
ENSG00000141452;204;174;102;152;152;155;148;93;257;132;201;61;205;220;83;293;203;195
ENSG00000141458;669;707;463;506;657;536;765;531;1434;714;1178;401;1296;1391;590;1700;1000;1166
ENSG00000168234;539;432;303;373;438;403;346;221;606;287;495;199;516;604;294;863;531;590
ENSG00000154040;9;14;10;8;6;6;17;5;9;11;12;8;16;16;5;14;11;15
ENSG00000141447;33;25;27;25;46;17;29;20;49;23;35;9;58;55;22;84;54;50
ENSG00000154059;62;56;34;50;56;33;53;29;62;39;62;28;59;65;36;118;76;59
ENSG00000198795;18;10;11;18;18;13;18;5;37;12;18;4;19;25;6;20;26;17
ENSG00000141380;468;393;295;301;385;350;341;255;508;335;515;179;354;538;191;672;431;431
ENSG00000141384;26;18;20;22;12;24;19;13;20;14;12;3;24;24;11;36;26;23
ENSG00000134755;529;583;337;537;624;451;417;250;693;410;710;244;776;1002;374;1260;782;800
ENSG00000046604;10;10;7;3;4;3;26;16;47;26;23;16;18;13;10;22;28;17
ENSG00000118276;17;15;12;6;10;5;9;10;28;12;15;8;10;8;7;8;24;9
ENSG00000153339;609;579;444;464;552;498;468;319;722;431;711;237;639;748;322;1089;711;756
ENSG00000101695;167;102;111;97;104;117;48;30;50;40;54;17;208;176;78;272;201;176
ENSG00000134758;149;159;108;124;171;136;97;52;154;105;122;50;152;178;73;299;233;230
ENSG00000134769;40;33;24;25;21;23;47;30;69;39;57;20;45;48;36;59;39;55
ENSG00000166974;193;125;143;119;138;146;108;65;167;81;126;41;169;207;69;278;177;202
ENSG00000186812;309;265;191;202;281;215;268;206;388;212;347;109;301;315;149;454;247;340
ENSG00000186814;82;71;67;63;95;72;78;66;117;72;97;41;145;127;53;167;106;140
ENSG00000172466;797;733;533;643;713;658;691;469;1000;599;1007;374;801;1027;368;1262;748;944
ENSG00000186496;25;7;11;11;12;10;10;12;19;14;17;10;15;17;6;35;9;19
ENSG00000153391;62;63;39;41;37;40;55;39;90;56;68;30;65;70;46;89;71;79
ENSG00000141429;320;312;202;231;366;267;270;149;399;291;386;149;328;436;177;610;370;418
ENSG00000141428;59;48;24;30;33;34;28;25;58;23;54;12;34;46;13;58;46;49
ENSG00000141425;159;133;115;138;141;99;123;83;170;107;174;64;140;154;85;213;144;156
ENSG00000141424;173;209;151;201;262;192;232;135;340;216;365;112;185;270;109;358;208;213
ENSG00000134759;447;396;337;331;366;342;336;230;498;279;473;189;436;520;194;670;477;557
ENSG00000134779;97;109;61;81;94;97;122;57;151;90;107;55;124;149;48;172;129;169
ENSG00000150477;72;62;49;74;44;46;70;35;88;38;62;25;69;86;42;110;67;109
ENSG00000078142;859;809;663;761;790;682;773;477;1074;600;1030;369;810;979;419;1280;824;1031
ENSG00000152217;49;48;58;53;41;60;14;18;39;13;28;13;29;29;10;35;31;39
ENSG00000141469;37;13;24;19;11;15;9;5;17;15;21;9;18;15;11;15;9;29
ENSG00000152223;1103;946;693;736;876;778;1105;699;1567;803;1305;496;1258;1578;609;1782;1186;1416
ENSG00000152229;370;306;218;245;289;250;612;341;730;456;593;239;384;595;235;689;500;505
ENSG00000152234;428;437;378;385;451;446;417;274;667;445;600;221;576;702;294;871;488;548
ENSG00000152240;43;41;34;31;37;33;28;25;36;23;29;13;34;45;26;65;35;33
ENSG00000152242;524;479;344;397;449;405;467;347;835;418;730;269;609;685;281;845;581;596
ENSG00000078043;194;163;117;118;140;162;152;93;202;111;170;76;246;252;119;418;291;265
ENSG00000167220;131;99;87;76;70;84;99;70;178;78;146;48;114;157;74;163;130;144
ENSG00000134049;44;25;23;26;36;42;28;31;43;23;34;19;34;46;17;61;40;48
ENSG00000175387;1652;1476;1069;1197;1349;1242;1333;854;1977;1135;1684;640;1548;1752;752;2535;1591;1844
ENSG00000134030;302;254;172;189;239;218;291;277;717;366;495;205;297;413;154;345;240;253
ENSG00000101665;932;861;523;637;820;610;1032;931;2576;1453;2003;703;904;1286;407;1188;840;862
ENSG00000141627;607;585;452;429;452;428;573;405;802;487;776;267;584;693;272;874;586;680
ENSG00000177576;78;62;41;50;56;41;61;30;111;56;86;36;53;68;29;74;51;59
ENSG00000265681;83;50;38;65;56;43;80;38;111;67;106;27;54;87;36;93;62;68
ENSG00000167315;124;122;125;92;167;95;118;75;191;109;198;72;146;211;80;275;130;165
ENSG00000141644;562;548;369;440;472;451;540;472;1183;633;961;343;611;841;338;868;596;595
ENSG00000154832;455;434;337;353;381;347;514;557;1259;700;891;305;532;723;273;664;384;485
ENSG00000082212;327;332;226;281;289;269;290;158;384;235;363;137;387;488;168;663;427;432
ENSG00000141646;829;739;532;638;721;642;684;440;932;599;900;360;798;889;344;1227;820;818
ENSG00000176624;164;126;73;113;140;145;142;83;259;143;209;79;133;192;68;238;152;112
ENSG00000134046;898;869;570;711;844;720;792;461;1203;705;1069;390;941;1164;511;1494;1026;1206
ENSG00000101751;392;337;280;334;285;286;334;230;470;274;475;153;352;348;161;576;338;425
ENSG00000166845;31;41;28;29;24;32;20;19;23;12;30;19;32;44;20;64;45;37
ENSG00000041353;160;119;110;91;92;113;111;61;100;70;100;37;191;142;55;153;90;139
ENSG00000166510;15;9;9;5;11;12;17;7;20;11;18;10;20;13;9;24;9;22
ENSG00000196628;234;169;136;158;182;145;225;127;310;195;237;97;180;222;74;265;170;190
ENSG00000091164;160;164;110;110;157;122;145;93;210;151;190;67;148;210;70;326;202;191
ENSG00000091157;283;232;228;213;197;221;254;184;384;232;344;128;394;400;164;598;318;434
ENSG00000066926;35;31;30;29;23;34;44;11;42;23;38;14;34;43;12;47;41;48
ENSG00000134440;361;354;251;302;372;297;406;292;623;355;643;193;522;554;243;724;461;480
ENSG00000049759;1367;1096;855;964;973;952;1253;1002;2241;1078;1673;723;965;1197;509;1410;1005;1101
ENSG00000198796;59;42;31;40;43;51;96;60;118;79;80;40;70;60;15;73;65;77
ENSG00000172175;792;657;481;526;578;599;562;390;829;534;858;334;606;717;271;988;778;644
ENSG00000074657;177;183;114;131;150;134;151;91;284;151;216;75;188;200;91;300;209;243
ENSG00000166562;17;20;6;18;7;17;18;15;20;14;27;7;28;22;12;19;25;15
ENSG00000074695;220;273;173;235;289;223;287;165;363;283;400;118;209;275;117;400;250;269
ENSG00000141682;83;73;60;53;77;79;62;69;145;64;116;40;89;105;53;108;72;73
ENSG00000197563;324;245;148;188;208;240;217;161;299;165;244;107;322;388;134;503;295;330
ENSG00000134444;690;588;473;527;572;523;611;394;820;456;793;272;733;827;351;1148;805;836
ENSG00000141655;25;13;5;5;12;19;17;17;39;23;29;7;67;49;25;55;40;40
ENSG00000141664;813;760;558;613;732;685;916;629;1557;867;1237;428;827;1205;480;1396;920;1091
ENSG00000081913;281;246;152;189;233;235;203;181;491;200;352;121;193;252;91;269;217;215
ENSG00000171791;328;250;264;234;256;278;264;191;459;210;389;149;143;157;76;305;230;219
ENSG00000119537;162;160;87;134;131;126;161;90;198;127;185;77;180;209;67;220;159;141
ENSG00000119541;558;523;343;417;490;527;491;374;942;561;806;301;592;781;299;969;592;586
ENSG00000197632;258;327;227;259;338;245;464;333;623;463;886;179;835;1214;468;1856;1004;1085
ENSG00000166401;370;261;199;199;354;260;377;284;634;381;562;226;525;722;264;845;447;531
ENSG00000166479;548;570;406;437;589;434;419;273;498;337;613;213;516;589;258;1011;619;682
ENSG00000150637;2031;1806;1337;1611;1639;1558;2490;1586;3483;2249;3327;1202;1524;2053;779;3253;1994;2087
ENSG00000176225;246;223;168;199;171;189;148;105;243;142;244;85;211;245;92;357;224;279
ENSG00000170677;206;245;155;181;210;166;146;138;278;182;257;102;234;266;121;439;227;268
ENSG00000075336;62;37;33;28;36;48;60;35;90;44;81;19;55;82;44;83;42;77
ENSG00000166347;24;22;12;9;19;11;40;18;39;15;31;8;23;17;10;35;26;14
ENSG00000133313;718;628;496;477;683;560;703;556;1274;745;959;394;831;1055;425;1097;599;715
ENSG00000215421;741;637;459;555;680;620;792;550;1158;644;956;412;831;997;388;1214;798;930
ENSG00000180011;374;302;242;232;288;245;315;194;485;261;347;164;364;407;185;479;305;341
ENSG00000179981;101;84;80;71;126;108;84;54;134;68;91;30;87;113;47;108;95;91
ENSG00000101493;1120;849;581;700;780;683;963;707;1720;902;1357;520;1012;1257;551;1497;888;1081
ENSG00000130856;442;375;295;332;309;324;382;253;670;318;519;194;428;484;216;602;391;418
ENSG00000197971;1051;949;772;726;926;734;1007;737;1652;902;1372;517;1333;1617;707;1909;1089;1296
ENSG00000166377;715;583;457;489;578;527;662;507;1061;526;828;345;649;814;306;1046;677;828
ENSG00000131196;420;298;214;217;298;277;701;598;1740;814;906;381;420;757;249;683;465;478
ENSG00000060069;378;303;179;205;322;226;358;331;814;402;588;254;307;486;189;403;288;287
ENSG00000122490;334;308;229;233;279;201;339;369;941;512;675;266;449;647;238;546;358;373
ENSG00000141759;79;88;88;81;72;64;118;68;202;102;125;47;109;141;70;147;100;118
ENSG00000101546;19;18;11;21;16;17;21;13;41;22;15;7;16;34;22;36;24;17
ENSG00000101544;228;239;152;183;200;165;218;172;449;232;353;144;231;324;152;388;253;247
ENSG00000105556;329;221;146;160;234;175;242;233;717;339;417;158;399;433;191;417;246;269
ENSG00000141933;26;32;16;21;23;15;25;23;67;35;43;19;28;36;14;36;25;23
ENSG00000099804;148;143;96;93;132;87;174;169;437;226;283;104;183;235;95;216;112;113
ENSG00000197540;41;22;30;38;14;35;9;13;30;17;19;8;25;19;15;34;17;13
ENSG00000172270;604;592;382;454;677;453;727;677;1839;1015;1275;461;855;1274;462;1085;596;683
ENSG00000099821;218;166;133;150;220;157;192;247;626;324;390;139;218;310;125;262;170;169
ENSG00000070423;92;57;66;56;87;95;56;63;145;90;91;39;63;101;42;86;65;58
ENSG00000070404;35;22;11;36;44;22;39;32;85;44;82;15;37;61;22;47;33;22
ENSG00000011304;989;864;657;651;838;741;922;833;2155;1085;1437;573;1054;1460;551;1400;938;981
ENSG00000197766;45;31;38;46;34;49;17;21;27;16;22;7;25;31;14;28;37;30
ENSG00000175221;367;264;212;198;256;261;291;307;832;386;503;219;390;541;218;489;323;266
ENSG00000198858;311;271;261;208;310;260;303;228;717;367;541;169;422;548;216;527;317;362
ENSG00000116017;912;829;563;580;766;638;731;736;1862;999;1235;504;782;1061;403;1059;708;709
ENSG00000065268;66;43;29;37;55;42;42;48;120;74;72;51;51;93;31;82;48;58
ENSG00000182087;1463;1170;812;893;1222;1030;1435;1560;3900;2138;2526;917;1613;2193;873;1783;1117;1261
ENSG00000064666;453;369;348;346;426;445;313;240;630;388;461;188;646;784;303;793;538;538
ENSG00000064687;327;188;230;213;250;276;175;135;331;171;222;102;318;312;144;355;277;244
ENSG00000180448;1689;1252;1185;1055;1418;1304;1327;1382;3824;1816;2312;927;1690;2295;856;2050;1368;1366
ENSG00000099817;510;394;266;275;440;361;507;498;1364;746;911;307;591;792;293;723;452;508
ENSG00000167468;396;410;277;330;436;322;729;620;1625;986;1198;452;526;879;291;775;388;480
ENSG00000064932;2207;1736;1118;1042;1632;1313;2123;2216;6724;2977;3554;1413;2659;3520;1300;2868;1931;2049
ENSG00000118046;537;462;370;307;489;361;522;464;1304;648;845;341;628;758;297;649;446;482
ENSG00000099624;40;32;27;24;38;37;22;22;88;50;46;18;30;55;20;48;29;27
ENSG00000167470;1380;1280;799;860;1181;990;1225;1077;2776;1514;1862;829;2040;2750;1136;2771;1637;1982
ENSG00000099622;1859;1527;1071;1130;1501;1416;1965;1799;3885;2340;2906;1166;2166;2658;1051;2470;1532;1734
ENSG00000160953;252;214;183;136;201;170;193;173;443;227;304;123;221;267;109;267;187;182
ENSG00000115286;106;104;59;64;99;65;69;93;276;113;170;59;116;190;62;158;89;79
ENSG00000071626;767;614;433;491;643;492;655;599;1532;757;1006;427;713;992;388;974;697;712
ENSG00000115268;163;147;110;103;140;133;153;138;323;194;235;76;195;236;92;241;150;153
ENSG00000119559;404;324;231;188;305;213;343;313;800;382;544;218;402;495;205;494;294;306
ENSG00000181588;41;41;36;32;56;36;43;34;117;69;81;28;36;52;17;73;43;33
ENSG00000071655;291;167;132;149;174;117;180;184;618;273;357;138;253;333;102;268;172;206
ENSG00000127540;72;58;64;50;49;56;59;51;119;68;88;34;75;77;38;85;52;81
ENSG00000071564;381;331;244;226;325;270;323;255;809;337;478;181;360;449;164;452;296;276
ENSG00000130270;66;64;44;40;74;75;60;45;133;76;94;32;54;72;18;67;47;65
ENSG00000079313;370;297;232;225;310;268;323;338;970;460;476;206;347;516;199;478;270;329
ENSG00000129911;180;134;99;94;143;130;128;116;343;206;245;87;239;315;119;275;165;135
ENSG00000129968;362;218;250;168;298;254;172;191;597;266;339;130;264;359;127;329;241;233
ENSG00000227500;275;238;190;128;228;187;242;236;670;394;390;162;291;454;174;366;224;243
ENSG00000213638;80;57;36;38;39;29;61;57;163;82;85;46;70;82;35;68;48;42
ENSG00000133275;428;320;275;244;396;275;348;343;1012;487;593;252;451;638;243;570;386;358
ENSG00000133243;156;156;111;110;186;132;142;145;422;216;239;98;190;236;87;195;114;115
ENSG00000099875;930;779;592;616;770;676;749;727;1928;1108;1219;502;791;1130;464;1042;643;662
ENSG00000172081;1373;1162;821;1042;1238;1006;1198;1090;3006;1604;2061;686;1459;1911;768;1936;1226;1250
ENSG00000099840;29;17;12;7;15;15;12;19;68;18;34;11;27;49;11;37;25;18
ENSG00000065000;777;637;485;493;631;514;853;808;2013;1008;1337;481;1011;1321;510;1230;756;906
ENSG00000104885;2673;2262;1700;1511;2282;1671;3631;3789;11202;4898;6363;2454;3324;5413;2093;4718;3249;3489
ENSG00000104886;121;86;62;78;107;85;132;145;355;174;218;78;160;214;69;194;113;142
ENSG00000104897;222;187;162;170;162;178;201;240;550;283;340;122;233;354;145;313;199;207
ENSG00000104904;1577;1462;1070;1021;1533;1182;1455;1057;3102;1911;2269;844;1662;2254;915;2277;1335;1450
ENSG00000188305;54;35;22;30;41;42;29;34;94;69;71;18;45;87;24;67;43;40
ENSG00000130332;23;25;19;19;13;19;13;25;45;25;34;16;20;30;19;33;23;28
ENSG00000005206;373;291;185;182;249;225;245;252;685;345;442;149;286;396;175;315;230;225
ENSG00000099800;111;83;72;53;59;58;76;63;192;113;143;54;111;199;67;142;77;90
ENSG00000176619;101;73;58;60;83;78;89;87;245;123;171;63;84;131;47;122;95;102
ENSG00000099860;615;416;337;282;338;345;458;498;841;550;603;290;940;1191;458;1049;598;760
ENSG00000176533;28;25;29;28;32;22;12;15;23;16;30;7;29;24;13;38;31;25
ENSG00000141873;42;32;27;26;30;33;21;13;58;29;41;14;27;44;14;35;39;38
ENSG00000104969;195;133;94;72;151;122;164;151;433;182;288;124;221;255;107;255;141;135
ENSG00000172009;68;67;79;63;71;73;58;79;218;101;100;43;82;137;46;115;92;111
ENSG00000172006;28;22;16;20;16;13;30;25;34;20;42;8;21;31;10;46;28;37
ENSG00000186300;62;51;59;64;46;60;57;44;102;56;81;28;84;88;30;92;53;57
ENSG00000171970;13;12;3;12;11;8;12;8;24;15;11;4;11;20;6;38;15;23
ENSG00000175691;16;15;6;13;14;11;9;10;14;12;17;8;10;14;6;14;14;9
ENSG00000104964;555;386;421;418;444;490;290;230;698;363;563;166;370;454;211;551;380;381
ENSG00000088256;50;52;38;36;51;41;61;58;146;78;84;36;67;80;23;83;37;41
ENSG00000060558;843;710;451;516;756;635;1100;895;2642;1367;1792;689;951;1469;515;1223;696;797
ENSG00000125910;168;82;90;90;111;106;70;62;181;106;90;64;99;134;51;125;100;136
ENSG00000125912;355;310;204;211;302;288;312;272;859;384;565;227;416;460;203;395;275;304
ENSG00000141905;565;462;306;329;508;396;619;505;1570;793;959;362;702;984;378;850;588;578
ENSG00000129932;29;21;14;10;24;14;27;21;60;31;26;13;47;48;17;36;25;20
ENSG00000105325;549;451;366;328;492;385;506;522;1501;682;911;335;539;765;323;653;463;475
ENSG00000161091;509;453;262;314;424;290;371;414;1231;606;760;329;378;601;219;595;315;353
ENSG00000183397;45;27;28;22;39;43;34;55;109;41;58;24;37;42;14;40;25;29
ENSG00000064961;251;243;167;164;232;212;240;216;671;329;418;139;273;386;137;329;229;239
ENSG00000105298;139;110;87;77;120;129;127;137;403;170;203;94;157;254;78;150;120;158
ENSG00000186111;458;331;296;257;357;313;360;400;1092;552;618;236;429;628;229;529;370;402
ENSG00000011132;157;115;96;82;97;97;167;136;427;202;275;94;145;192;72;168;127;106
ENSG00000183617;41;33;19;23;30;21;31;35;94;50;61;27;51;63;30;82;40;44
ENSG00000007264;67;36;75;65;51;60;48;57;111;65;69;25;56;56;31;73;57;55
ENSG00000167657;106;111;76;92;111;81;142;124;379;156;227;96;143;196;69;174;75;106
ENSG00000167658;2730;2234;2010;2156;2702;2491;2706;2240;6163;3601;4195;1743;3528;4701;1913;4345;2567;2999
ENSG00000105229;205;164;133;142;199;136;166;187;506;234;287;119;216;289;103;264;188;188
ENSG00000178951;732;655;444;442;618;540;595;599;1584;898;1138;389;710;1024;386;996;692;669
ENSG00000126934;374;298;265;236;338;277;300;297;863;407;593;218;430;556;206;423;311;314
ENSG00000077463;139;134;66;64;113;73;137;113;322;185;198;67;135;220;103;197;128;123
ENSG00000105248;75;74;52;64;80;51;99;74;220;135;149;49;97;144;43;118;63;77
ENSG00000008382;50;48;34;58;52;34;32;51;113;49;73;19;42;72;27;53;49;66
ENSG00000141985;361;312;230;249;286;252;394;410;1190;625;717;260;355;622;224;520;296;322
ENSG00000167670;121;97;74;79;97;110;119;127;320;146;192;86;127;192;64;207;93;119
ENSG00000167671;408;338;255;253;361;277;386;390;1125;586;782;293;483;639;244;521;312;390
ENSG00000167674;166;170;127;106;151;120;157;161;483;246;301;111;107;173;62;154;103;100
ENSG00000167676;20;23;14;19;25;18;23;34;90;41;50;22;27;51;10;28;8;37
ENSG00000214456;24;27;16;17;23;29;32;35;89;35;74;28;73;107;44;102;47;69
ENSG00000171236;116;80;45;54;69;53;169;121;311;153;187;123;333;400;126;378;234;294
ENSG00000167680;6551;6163;3870;4168;6676;4627;9670;10190;27911;14935;17565;7277;10778;15196;5423;12955;7750;8373
ENSG00000185361;162;174;147;152;158;141;261;203;620;318;435;167;202;290;101;310;161;183
ENSG00000074842;100;80;59;53;90;65;117;113;241;169;239;85;133;192;68;173;82;82
ENSG00000142002;555;432;347;349;430;386;560;550;1401;674;895;371;602;765;288;693;534;492
ENSG00000141965;206;221;167;151;182;189;288;181;555;303;367;152;316;406;173;499;242;260
ENSG00000127666;115;99;87;107;108;115;124;110;349;170;237;88;139;208;91;229;143;132
ENSG00000105355;316;247;182;201;315;216;345;260;840;487;554;199;503;699;258;647;359;419
ENSG00000205784;87;75;61;53;89;76;76;63;133;69;109;56;101;110;57;111;101;73
ENSG00000127663;1734;1480;1130;1135;1418;1079;1695;1494;4237;1988;2622;1125;1686;2172;863;1852;1251;1392
ENSG00000105426;50;32;42;43;58;62;21;18;30;16;13;12;13;21;10;25;38;37
ENSG00000223573;12;11;7;4;10;11;19;13;33;19;16;12;22;32;13;28;15;17
ENSG00000130254;710;615;463;451;608;545;716;656;1448;718;1102;418;816;945;381;1028;724;703
ENSG00000160633;855;721;556;577;733;587;858;806;1721;834;1352;494;1075;1202;504;1244;918;1032
ENSG00000130255;102;90;87;83;90;113;91;100;208;143;178;73;133;157;52;171;82;85
ENSG00000174917;35;27;19;14;19;20;35;19;58;29;37;15;28;37;17;28;25;20
ENSG00000167733;12;14;11;8;8;10;15;7;29;15;13;9;15;28;6;19;12;11
ENSG00000196365;524;429;348;376;404;331;651;589;1670;825;1220;436;490;732;296;623;394;423
ENSG00000212123;15;16;9;9;12;4;13;8;37;19;22;14;18;25;11;23;12;17
ENSG00000141994;213;162;93;89;140;124;180;174;519;228;308;103;248;362;136;292;205;182
ENSG00000174886;233;209;165;138;193;145;220;209;538;240;328;130;244;303;122;297;192;189
ENSG00000187650;70;48;45;51;37;57;36;32;93;34;41;23;47;57;27;56;39;37
ENSG00000105519;69;59;42;44;70;71;53;41;112;56;74;28;79;77;29;63;37;44
ENSG00000031823;419;277;203;227;296;269;321;278;751;342;503;215;366;478;192;422;310;327
ENSG00000087903;474;456;278;309;411;304;452;427;1191;542;818;262;382;561;236;540;316;377
ENSG00000130382;555;449;299;297;443;393;472;449;1341;725;790;327;655;884;337;734;432;497
ENSG00000125656;78;62;32;52;57;41;81;48;147;106;111;61;51;85;38;81;65;46
ENSG00000125652;47;53;37;35;50;25;31;35;99;53;59;34;44;63;32;57;27;33
ENSG00000125650;50;27;14;10;35;21;30;27;71;25;47;21;40;48;16;45;29;32
ENSG00000125651;228;197;114;151;200;154;248;200;568;324;411;137;243;367;107;345;202;233
ENSG00000088247;710;588;446;428;561;519;678;539;1441;780;1022;375;691;916;360;918;566;567
ENSG00000205744;289;207;197;162;227;224;161;121;345;225;262;100;248;295;127;340;222;235
ENSG00000125657;23;19;11;13;8;11;10;14;25;24;23;14;51;46;22;34;23;32
ENSG00000125735;409;408;237;326;384;356;933;666;2114;1229;1499;495;383;705;231;697;362;599
ENSG00000125730;897;928;519;583;900;667;1298;939;2518;1564;1874;784;377;706;230;588;414;471
ENSG00000125734;707;747;458;550;715;609;1020;861;2482;1318;1731;631;780;1178;485;1025;588;648
ENSG00000125733;528;535;319;356;580;417;624;555;1526;814;1032;370;364;505;188;538;281;375
ENSG00000125731;15;12;29;22;28;28;17;8;30;8;11;6;13;17;4;17;17;14
ENSG00000141968;1178;839;663;714;933;755;932;734;1978;949;1312;587;1260;1611;624;1554;1026;1146
ENSG00000174837;84;50;44;38;62;62;22;16;19;22;24;12;37;41;11;58;43;27
ENSG00000130544;186;126;86;129;130;114;137;92;231;135;234;63;195;230;76;275;166;219
ENSG00000171105;961;895;689;776;960;718;1027;733;1901;1097;1710;557;1274;1654;717;1760;1030;1192
ENSG00000104880;563;415;453;450;522;555;392;340;879;400;588;237;436;554;255;646;416;459
ENSG00000198816;45;33;16;16;28;29;24;14;71;37;44;19;28;55;15;33;18;13
ENSG00000090674;237;179;100;119;214;115;166;160;424;270;239;115;229;298;90;282;162;175
ENSG00000032444;791;678;540;535;719;552;742;676;1981;947;1256;485;1112;1419;504;1268;744;855
ENSG00000076924;306;205;162;173;209;202;273;242;700;351;467;160;346;431;169;373;230;260
ENSG00000229833;179;152;93;146;172;113;217;163;395;228;283;123;207;275;103;241;138;144
ENSG00000076944;397;317;199;238;292;224;372;279;844;417;566;194;307;446;178;445;250;250
ENSG00000183019;271;327;160;238;352;248;302;304;784;394;577;268;220;293;83;253;141;216
ENSG00000181029;63;55;42;40;39;65;47;57;120;72;86;47;33;60;12;48;22;46
ENSG00000090659;26;19;9;19;24;12;10;9;32;15;20;6;9;14;5;10;9;11
ENSG00000142459;68;44;40;37;75;40;55;60;150;83;106;44;66;99;34;78;52;71
ENSG00000076984;508;408;287;322;386;360;520;469;1353;706;833;326;525;774;318;638;461;516
ENSG00000260001;19;15;13;8;15;18;14;10;38;14;17;19;16;29;17;15;6;8
ENSG00000104976;78;62;42;45;51;45;55;66;167;87;104;35;88;123;46;90;75;54
ENSG00000104980;64;61;31;51;57;48;67;47;166;63;75;31;89;89;36;83;58;76
ENSG00000066044;247;229;176;204;201;153;228;163;416;232;309;110;249;312;115;353;221;244
ENSG00000090661;90;56;74;65;53;61;113;92;288;116;169;79;69;96;37;104;64;60
ENSG00000167775;30;18;20;14;13;14;9;12;18;17;12;14;6;12;8;14;15;8
ENSG00000233927;198;122;113;133;135;180;109;102;269;196;167;87;148;215;63;190;142;149
ENSG00000167772;205;192;165;186;179;154;281;377;988;460;835;258;66;136;55;114;69;95
ENSG00000185236;405;346;234;265;373;294;448;429;1177;583;726;253;405;636;226;530;350;348
ENSG00000099785;124;95;80;70;102;70;106;93;235;139;185;55;189;200;94;226;144;138
ENSG00000099783;1436;1191;996;1055;1209;999;1378;1058;2217;1218;1905;742;1496;1706;766;2304;1367;1444
ENSG00000133246;396;376;260;243;333;309;207;154;502;265;318;139;306;367;136;375;226;283
ENSG00000133250;153;107;54;68;101;73;97;105;283;130;169;70;112;192;61;140;89;138
ENSG00000142347;5821;4721;3338;3522;4640;4101;5070;4522;12088;6067;7430;3050;7204;9129;3596;8070;5310;5766
ENSG00000142303;626;500;335;352;489;371;511;479;1328;628;808;351;1373;1711;699;1459;965;1017
ENSG00000268480;16;4;11;11;10;5;8;5;12;10;10;3;11;23;18;23;9;11
ENSG00000167785;210;175;118;142;184;140;133;100;315;167;264;104;217;236;107;260;217;179
ENSG00000130803;321;271;212;256;275;241;348;279;614;363;535;173;407;519;209;604;351;403
ENSG00000196110;129;105;76;122;105;117;106;74;202;95;209;60;134;150;60;201;143;162
ENSG00000188321;163;176;112;128;131;126;121;73;170;93;147;75;145;167;66;226;158;160
ENSG00000174652;678;535;391;503;535;458;550;379;850;493;789;286;641;827;301;984;584;637
ENSG00000130818;199;162;119;137;148;126;165;126;283;173;214;79;133;169;73;262;124;157
ENSG00000197961;387;328;239;326;320;294;372;279;490;287;470;166;440;555;229;644;443;509
ENSG00000171469;162;190;132;152;176;123;176;97;304;182;290;92;228;285;112;331;165;211
ENSG00000171466;364;290;201;242;263;232;334;236;520;312;467;156;377;495;196;659;390;442
ENSG00000196605;154;131;88;93;126;110;113;66;172;90;170;70;139;167;79;211;134;155
ENSG00000127452;141;128;67;90;109;104;142;115;315;164;216;80;136;211;80;195;143;139
ENSG00000198258;122;106;78;63;96;71;91;93;235;155;192;47;134;171;71;173;90;138
ENSG00000127445;104;79;60;59;64;55;72;61;197;114;131;53;76;151;56;126;69;80
ENSG00000130813;264;200;175;171;219;206;218;181;520;276;325;134;188;287;100;289;167;178
ENSG00000130812;97;85;56;55;70;69;109;113;273;164;207;77;205;297;104;281;156;164
ENSG00000130810;66;64;51;57;62;40;51;59;149;77;90;36;72;93;45;90;72;68
ENSG00000244165;57;52;21;33;42;21;46;24;161;78;93;41;70;107;33;120;86;64
ENSG00000130811;221;194;134;184;276;167;210;194;515;274;345;147;261;396;144;371;247;250
ENSG00000130816;584;522;382;381;474;436;578;415;963;566;616;281;1142;1284;509;1370;901;876
ENSG00000267534;89;72;54;66;66;55;141;100;311;170;182;84;271;323;100;278;161;181
ENSG00000105364;45;27;36;29;33;35;18;24;61;40;26;11;36;64;17;53;25;35
ENSG00000090339;1794;1816;1082;1384;1727;1259;2868;2251;6217;3450;4391;1688;2196;4227;1503;3766;2211;2414
ENSG00000105371;141;117;68;72;85;80;189;173;304;167;194;140;252;499;166;421;259;269
ENSG00000105376;717;536;416;422;547;431;704;777;2074;968;1375;566;1043;1575;620;1362;841;904
ENSG00000220201;9;28;7;13;14;19;27;18;60;20;49;10;35;54;13;32;32;23
ENSG00000161847;255;202;152;128;199;165;203;238;648;328;372;153;263;431;136;336;198;198
ENSG00000076662;156;99;114;102;106;142;53;40;104;57;58;33;128;149;65;185;140;131
ENSG00000105397;3035;2438;1549;1755;2415;2009;2738;2696;7579;3731;4771;1762;3282;4601;1857;3872;2733;2863
ENSG00000105401;416;415;303;313;395;376;532;476;1236;707;841;290;559;805;297;682;487;507
ENSG00000065989;2194;1847;1274;1249;1770;1296;1843;1704;5276;2510;3211;1214;1040;2130;760;2137;1315;1283
ENSG00000079999;129;108;70;76;148;101;154;128;356;171;265;89;164;251;90;216;116;143
ENSG00000180739;54;20;31;40;41;68;15;11;22;17;33;11;21;28;13;32;20;26
ENSG00000130734;140;122;106;94;123;132;146;118;315;187;203;90;146;196;81;174;145;113
ENSG00000129347;200;186;172;140;179;184;213;187;490;266;357;121;279;368;146;338;229;241
ENSG00000129355;33;28;43;25;36;44;39;16;56;33;53;24;47;53;11;42;32;37
ENSG00000129353;586;462;432;443;486;515;322;234;630;342;494;172;367;401;189;467;291;342
ENSG00000129351;1891;1568;1271;1172;1547;1382;1756;1402;3536;1874;2561;1002;2019;2607;1062;2709;1819;2005
ENSG00000213339;34;14;28;35;29;22;18;19;32;20;25;8;40;35;17;35;24;32
ENSG00000079805;1448;1161;927;920;1302;1043;1311;1104;3256;1588;2201;784;1464;1934;777;1975;1199;1304
ENSG00000099203;76;71;68;63;66;52;78;81;199;112;151;60;110;162;79;141;89;88
ENSG00000214212;135;87;65;104;89;108;45;37;81;51;81;28;44;65;27;82;77;79
ENSG00000142453;173;154;129;104;164;94;144;132;392;195;214;92;190;241;86;241;105;158
ENSG00000130733;71;66;39;77;56;59;94;93;197;117;133;65;103;107;51;104;93;73
ENSG00000142444;41;38;27;17;30;37;44;21;96;53;76;22;42;55;27;63;36;44
ENSG00000127616;695;581;460;407;624;464;662;612;1699;844;1028;442;610;973;382;808;616;612
ENSG00000130164;359;297;226;233;286;270;280;289;678;374;580;196;1061;827;474;817;472;580
ENSG00000197256;69;50;33;62;59;50;47;48;125;66;96;36;78;145;33;123;74;78
ENSG00000130158;111;87;67;74;92;68;77;88;245;126;151;61;65;139;47;125;58;79
ENSG00000105514;710;607;410;503;680;603;420;309;812;529;726;301;697;738;339;900;510;512
ENSG00000105518;349;292;221;242;297;256;407;327;855;506;687;239;317;498;196;425;235;300
ENSG00000183401;220;174;116;133;191;171;236;218;497;250;315;132;241;305;118;308;175;226
ENSG00000105520;576;523;295;360;534;386;474;458;1149;649;756;276;604;826;321;714;469;420
ENSG00000173928;20;20;4;17;15;12;10;10;25;16;19;8;18;23;11;24;22;12
ENSG00000187266;57;49;24;45;65;58;35;35;112;59;85;35;49;38;33;50;36;40
ENSG00000205517;94;83;24;26;54;45;33;27;92;67;69;26;32;61;27;26;37;27
ENSG00000130175;753;710;467;580;799;648;760;711;2162;1254;1590;522;873;1297;419;1096;666;702
ENSG00000161914;60;64;44;32;59;53;73;102;240;119;165;60;96;126;49;104;60;98
ENSG00000130159;105;61;45;52;75;66;74;62;172;83;118;53;113;130;51;114;82;95
ENSG00000130165;190;165;104;128;172;121;185;203;523;244;382;130;243;332;127;268;179;176
ENSG00000198551;69;62;41;57;57;64;66;47;106;70;115;37;64;93;40;118;58;85
ENSG00000102575;268;257;143;143;228;188;266;236;626;402;441;184;617;700;241;728;315;413
ENSG00000197044;43;32;46;33;38;29;37;19;37;32;40;5;42;40;21;42;39;40
ENSG00000171295;94;80;55;65;66;53;65;40;110;45;63;33;69;90;50;134;106;89
ENSG00000171291;45;48;29;37;53;52;39;25;67;31;39;14;36;47;20;67;50;54
ENSG00000198429;41;33;16;29;25;31;29;17;41;29;30;17;36;43;16;41;29;44
ENSG00000196757;321;261;239;199;237;175;215;135;324;163;295;99;283;324;151;448;299;356
ENSG00000197054;14;14;14;8;17;6;9;8;29;16;28;5;22;31;9;24;19;20
ENSG00000223547;39;39;37;52;32;31;39;33;72;41;66;25;56;55;30;79;32;75
ENSG00000196646;183;167;121;110;151;132;183;105;271;141;259;71;136;198;77;230;158;182
ENSG00000197857;249;207;161;172;194;149;172;126;306;167;261;104;187;235;97;313;216;279
ENSG00000188868;18;9;5;10;11;14;13;9;22;9;17;3;13;16;9;20;19;13
ENSG00000196466;22;17;15;18;25;15;24;24;45;20;21;12;24;26;12;37;27;29
ENSG00000180855;12;13;5;11;8;14;6;8;12;17;18;5;19;22;14;22;13;19
ENSG00000188033;58;54;57;41;60;65;55;32;89;45;82;18;66;89;35;107;71;71
ENSG00000173875;274;214;194;182;245;179;245;162;369;225;323;127;252;330;134;426;297;299
ENSG00000104774;1255;1167;872;870;1257;992;2042;1807;4839;2622;3409;1216;1962;2922;1017;2756;1589;1673
ENSG00000123154;56;47;43;35;71;38;83;48;148;73;84;38;64;87;34;97;51;50
ENSG00000095059;15;18;15;12;16;15;11;15;17;10;21;10;19;21;6;28;25;24
ENSG00000132004;10;9;8;7;5;11;17;17;31;15;26;9;24;22;4;23;19;18
ENSG00000105576;504;472;348;398;461;345;497;464;1126;599;740;309;511;726;245;654;489;413
ENSG00000123144;251;192;124;161;212;184;218;190;549;346;412;115;251;361;142;373;230;197
ENSG00000198356;86;52;44;46;70;60;56;63;162;103;142;41;69;155;41;118;47;67
ENSG00000095066;72;91;72;57;86;76;112;120;249;144;193;54;109;152;51;134;59;82
ENSG00000171223;1360;1261;674;808;1222;1032;1466;1316;4020;2608;3064;1042;2522;4077;1439;3579;1830;2023
ENSG00000167815;50;22;33;36;34;23;20;20;41;24;32;13;43;39;13;31;28;25
ENSG00000104889;16;22;8;11;9;9;9;14;29;14;18;8;18;35;10;39;6;7
ENSG00000105612;70;68;36;35;71;56;66;47;121;82;107;25;118;99;55;107;70;78
ENSG00000105607;86;67;48;54;63;70;101;64;148;74;92;42;125;167;69;135;79;95
ENSG00000179115;174;137;98;130;112;141;209;159;390;240;297;104;234;307;146;273;163;204
ENSG00000179218;1988;2117;1303;1636;2303;1660;3969;3038;8874;4949;7262;2152;4170;5124;2208;5359;2937;3329
ENSG00000179262;325;281;168;172;298;235;418;314;850;494;584;220;516;654;248;591;337;402
ENSG00000179271;21;36;15;15;22;20;33;31;67;50;47;15;65;69;26;64;39;42
ENSG00000008441;39;36;24;15;35;35;23;30;65;31;45;18;45;56;19;52;35;28
ENSG00000104903;42;44;35;21;37;35;23;25;63;49;46;22;54;56;22;69;41;32
ENSG00000104907;123;107;85;105;115;102;135;134;258;168;187;92;186;245;97;239;180;129
ENSG00000160877;520;494;272;279;386;293;544;443;1444;795;878;320;466;753;275;680;394;487
ENSG00000104915;179;142;107;97;149;127;173;122;375;225;262;105;227;295;104;222;167;166
ENSG00000160888;2263;1480;1026;1108;1272;1347;2484;1739;4273;2604;3068;1578;4988;8063;2789;6705;3448;4455
ENSG00000104957;177;127;114;119;139;113;164;121;413;177;285;104;210;248;105;261;152;195
ENSG00000037757;218;204;137;120;202;158;180;166;389;197;275;92;195;238;92;258;138;176
ENSG00000104979;32;23;27;15;25;15;34;24;61;36;37;14;27;26;19;50;29;27
ENSG00000132003;974;784;571;578;828;570;1295;1257;3789;1820;2253;849;805;1489;535;1173;741;801
ENSG00000132024;261;185;127;163;177;198;226;213;484;275;333;114;317;387;143;348;249;269
ENSG00000132017;465;368;232;210;367;308;377;358;972;510;642;260;479;643;218;583;360;383
ENSG00000132005;194;152;149;100;182;149;155;134;408;207;269;97;227;281;104;284;180;199
ENSG00000104998;224;199;222;214;226;232;386;327;824;406;691;227;430;765;314;792;421;468
ENSG00000141858;120;93;88;97;134;99;120;84;285;175;197;60;151;239;100;213;125;137
ENSG00000072062;589;489;359;320;475;401;500;361;976;637;737;248;628;860;289;889;524;534
ENSG00000072071;77;54;55;45;68;65;42;40;100;51;61;40;54;54;26;68;36;56
ENSG00000123146;828;599;702;628;717;843;590;551;1321;676;956;332;1007;1378;550;1562;905;987
ENSG00000123136;402;265;195;240;245;245;320;284;796;352;501;201;463;518;221;585;383;377
ENSG00000123143;602;532;448;442;529;473;563;474;1313;661;887;325;639;881;330;751;451;509
ENSG00000123159;17;12;17;16;29;27;15;16;27;9;15;10;25;15;5;24;24;8
ENSG00000132002;619;390;318;343;376;444;519;330;852;407;583;311;679;828;374;927;521;590
ENSG00000099797;131;101;70;118;112;117;129;98;257;141;167;57;146;223;69;174;152;122
ENSG00000099795;25;27;21;7;30;8;22;27;99;35;46;20;26;32;21;29;29;22
ENSG00000187912;409;390;285;352;374;306;298;249;842;336;569;253;28;83;17;53;48;50
ENSG00000131355;561;490;341;392;571;477;411;294;1037;464;718;349;47;136;61;150;101;158
ENSG00000160961;644;621;434;546;534;494;665;489;1313;611;967;353;525;675;263;725;497;616
ENSG00000127507;4018;3691;2532;2653;3652;2991;3520;2750;7627;3735;5493;2147;4445;6882;2581;7049;4543;4962
ENSG00000105135;186;166;128;120;162;113;236;192;491;260;354;146;240;313;104;262;166;202
ENSG00000074181;1267;1179;711;782;1175;823;832;878;3267;1396;1901;776;888;1568;557;1333;767;764
ENSG00000105131;21;21;9;3;19;17;36;8;52;20;19;13;30;40;13;31;14;24
ENSG00000141867;1607;1382;995;1013;1200;1062;1530;1314;3796;1973;2259;880;1598;2099;910;2076;1302;1605
ENSG00000105127;642;469;402;433;496;434;603;511;1248;635;876;330;589;857;315;825;614;626
ENSG00000011243;448;410;249;274;366;333;515;435;1031;552;736;285;536;714;283;654;470;469
ENSG00000011451;289;198;171;128;176;154;209;153;513;261;335;111;232;350;118;307;197;216
ENSG00000105122;392;258;290;231;304;340;209;211;475;215;361;112;271;301;117;303;258;252
ENSG00000167460;1930;1986;1269;1461;2072;1515;2114;1474;3928;2087;2937;1170;2899;3776;1389;4630;2620;2966
ENSG00000167461;374;342;213;252;318;281;365;282;709;397;534;249;411;575;221;613;327;400
ENSG00000196684;115;75;85;94;98;120;54;28;55;36;57;15;60;65;26;93;79;74
ENSG00000105058;162;141;98;130;181;140;209;138;325;211;263;100;225;298;98;322;194;215
ENSG00000072958;393;334;240;223;351;286;370;317;888;445;558;217;408;533;210;565;321;339
ENSG00000127528;772;436;425;433;529;556;296;266;692;316;471;237;562;803;343;906;510;633
ENSG00000127527;515;423;334;342;417;325;465;337;871;430;634;257;444;616;259;622;447;476
ENSG00000105072;38;31;26;36;20;22;27;8;77;24;39;13;32;38;14;53;30;29
ENSG00000085872;311;277;209;207;242;269;275;269;793;354;437;168;320;445;184;414;254;294
ENSG00000127526;583;618;496;503;589;471;747;611;1621;904;1320;462;603;840;355;917;526;553
ENSG00000105085;54;34;28;17;38;32;50;44;97;59;59;21;41;54;19;63;40;43
ENSG00000214046;241;195;187;172;246;178;193;141;315;149;288;114;207;265;112;384;219;277
ENSG00000127511;660;516;467;460;542;483;527;450;1247;600;897;363;686;868;331;816;593;600
ENSG00000160111;46;49;26;38;36;53;49;41;90;55;59;25;32;43;19;52;36;29
ENSG00000131351;70;41;30;37;52;52;52;35;98;63;67;36;61;89;35;89;44;56
ENSG00000099331;5381;4383;2903;3331;4624;3604;4780;4418;11725;5802;7779;2982;5256;6663;2596;6443;4165;4449
ENSG00000053501;124;94;105;56;94;95;115;107;299;155;177;75;136;186;64;196;100;126
ENSG00000099330;39;35;26;29;36;26;40;37;84;23;41;18;50;53;24;44;35;34
ENSG00000160113;17;9;4;7;8;14;5;7;11;7;9;8;7;10;3;16;8;4
ENSG00000105393;36;29;35;32;41;39;46;47;92;52;83;16;45;77;24;64;36;39
ENSG00000160117;30;18;12;14;20;17;21;28;46;47;34;12;31;33;12;29;28;23
ENSG00000127220;62;39;19;22;44;45;61;42;129;100;98;39;70;92;39;85;53;48
ENSG00000130312;13;10;13;13;14;22;9;10;21;13;28;9;16;25;3;33;16;16
ENSG00000130311;220;158;132;149;200;157;240;201;506;234;316;139;248;379;122;294;184;198
ENSG00000074855;260;203;158;147;179;177;210;212;583;286;357;131;339;402;143;356;179;221
ENSG00000130299;63;43;29;59;49;54;40;52;131;79;87;26;84;87;38;64;58;65
ENSG00000130303;204;129;110;113;175;132;144;115;320;204;283;88;203;250;87;238;148;167
ENSG00000141971;110;52;46;38;82;47;77;67;195;77;124;53;83;119;40;113;62;72
ENSG00000130304;339;293;221;213;273;226;279;250;808;410;482;219;580;718;289;595;410;369
ENSG00000130313;114;83;57;43;91;79;74;50;186;99;120;44;86;83;44;90;76;70
ENSG00000167483;69;48;47;76;74;93;22;22;28;19;28;15;29;34;12;69;69;54
ENSG00000130309;1710;1769;1100;1302;1859;1310;2119;1893;5743;2872;3589;1363;2280;3521;1292;3210;1856;2171
ENSG00000130479;418;385;255;240;345;291;334;357;1172;618;702;294;377;491;222;434;260;299
ENSG00000130475;162;111;123;100;133;123;118;84;244;114;157;61;239;284;140;257;224;191
ENSG00000105639;1184;872;808;735;878;879;1053;1025;2316;1216;1499;709;784;1167;427;1118;752;787
ENSG00000105640;294;188;206;204;257;289;185;167;412;272;343;124;289;368;153;362;231;280
ENSG00000007080;41;32;33;28;38;33;46;39;105;55;77;21;40;69;23;42;41;42
ENSG00000105643;919;825;629;646;904;628;1024;820;2314;1140;1667;675;936;1385;539;1207;753;897
ENSG00000096996;72;45;59;47;56;97;34;30;59;33;42;20;50;56;19;64;37;60
ENSG00000099308;1018;898;636;754;941;848;756;728;1976;1015;1357;490;1058;1341;561;1152;868;841
ENSG00000254858;14;12;14;6;9;9;13;6;27;13;13;6;21;23;4;18;8;10
ENSG00000105649;12;9;5;3;5;5;7;4;14;7;17;4;11;11;6;6;5;9
ENSG00000130518;383;263;189;175;232;219;274;242;638;275;367;242;440;633;255;532;350;409
ENSG00000130522;994;645;515;462;638;621;708;679;1896;987;1168;495;849;1275;501;1245;705;806
ENSG00000130520;44;34;36;33;53;47;37;26;62;48;46;16;56;55;35;52;46;41
ENSG00000130517;631;571;399;508;497;471;829;656;1412;821;1214;386;1200;1463;600;1516;896;967
ENSG00000175489;514;472;378;449;535;410;360;299;698;495;605;246;576;705;283;743;408;417
ENSG00000130511;254;192;165;145;193;185;162;166;422;203;260;97;249;354;143;276;246;198
ENSG00000105655;130;91;90;78;82;68;137;168;422;186;211;100;138;179;62;129;89;115
ENSG00000105656;997;821;558;624;782;585;1061;1005;2563;1323;1650;634;798;1089;398;1024;681;683
ENSG00000105701;786;732;509;595;800;612;953;879;2851;1454;2092;697;1032;1446;519;1258;711;736
ENSG00000105700;378;297;204;213;241;222;333;241;699;323;458;162;347;394;167;463;250;322
ENSG00000221983;408;329;295;299;403;351;434;313;894;539;664;252;476;701;241;661;298;483
ENSG00000006015;67;60;41;56;60;50;43;67;176;82;97;47;82;70;37;75;42;65
ENSG00000167487;308;256;156;161;256;146;286;310;935;391;508;222;290;463;180;445;275;282
ENSG00000105662;853;686;484;481;692;463;778;737;2259;958;1197;528;769;1087;447;913;688;746
ENSG00000005007;906;751;600;600;832;667;915;847;2125;1068;1473;594;1084;1371;532;1232;845;918
ENSG00000105669;179;120;111;103;132;112;149;152;447;213;279;113;176;235;132;221;132;151
ENSG00000105671;96;91;57;64;81;58;93;75;208;95;147;62;126;195;65;139;85;103
ENSG00000051128;252;210;133;133;216;140;261;292;581;330;483;157;262;367;140;358;220;273
ENSG00000064607;1435;1139;846;966;1165;985;1199;1017;2383;1334;1764;685;1465;1684;713;1785;1188;1342
ENSG00000105676;62;24;20;29;47;22;35;39;86;42;57;14;65;87;20;95;68;50
ENSG00000181035;41;45;42;42;49;31;35;21;47;24;51;13;36;33;17;49;28;36
ENSG00000064545;48;36;29;34;54;37;38;55;111;59;80;31;53;86;22;51;35;33
ENSG00000213999;35;22;26;16;29;12;22;26;67;21;27;9;18;23;17;45;29;24
ENSG00000254901;128;91;50;67;125;68;73;68;206;101;136;58;92;123;50;108;62;98
ENSG00000064490;107;94;84;77;117;90;101;81;308;140;215;63;147;214;84;188;126;147
ENSG00000184162;21;12;10;15;14;14;8;18;18;15;24;6;16;17;12;35;20;20
ENSG00000105705;261;223;127;134;220;149;211;154;529;247;294;112;231;313;108;331;202;223
ENSG00000129933;910;739;590;606;739;650;826;713;1935;989;1264;542;994;1344;467;1144;806;824
ENSG00000167491;760;577;476;486;628;552;661;564;1549;747;981;376;755;878;370;926;621;698
ENSG00000186010;92;80;69;101;79;72;87;93;256;113;208;73;107;175;64;131;71;89
ENSG00000250067;42;31;40;19;19;34;38;37;109;37;69;22;47;67;33;64;26;46
ENSG00000105717;73;86;67;42;70;49;93;91;298;110;167;63;56;72;28;62;49;44
ENSG00000064547;591;535;348;369;446;404;571;540;1594;721;984;375;518;714;311;682;417;494
ENSG00000089639;1964;1786;1194;1210;1661;1294;1926;1889;5399;2667;3531;1205;2114;3029;1125;2731;1637;1829
ENSG00000105726;466;352;226;268;343;300;393;331;889;425;623;267;442;668;248;514;394;407
ENSG00000181896;148;119;105;114;130;125;108;71;176;109;166;68;140;158;51;218;160;119
ENSG00000105708;43;37;23;42;29;34;51;25;48;32;34;19;36;44;23;68;38;48
ENSG00000081665;218;182;150;129;151;150;118;58;191;97;168;62;137;157;65;209;144;173
ENSG00000256771;44;32;32;39;27;54;41;20;36;19;36;15;41;35;13;66;41;37
ENSG00000184635;29;34;21;21;37;25;25;15;26;25;27;12;29;19;15;51;42;37
ENSG00000256229;21;11;22;12;21;20;9;15;29;11;27;7;10;21;9;30;15;24
ENSG00000237440;63;35;22;35;38;41;34;16;43;13;36;18;25;19;13;49;30;27
ENSG00000160229;36;44;40;39;46;23;39;26;67;43;48;24;44;60;12;44;30;43
ENSG00000118620;286;248;193;203;194;203;223;170;295;172;315;104;258;247;126;394;289;293
ENSG00000160352;122;106;64;96;103;102;89;65;158;65;127;46;100;117;61;166;136;141
ENSG00000196705;337;251;198;232;240;208;219;169;338;178;289;115;245;299;122;448;267;302
ENSG00000182141;301;239;207;261;218;218;178;153;319;183;300;114;207;261;102;415;305;260
ENSG00000172687;74;48;34;46;39;44;46;29;46;42;57;32;55;47;20;70;46;56
ENSG00000196268;177;133;100;125;105;126;79;75;172;80;148;54;119;138;61;195;128;125
ENSG00000197013;52;47;33;41;65;41;40;24;60;47;50;19;47;52;22;90;56;46
ENSG00000197020;294;271;169;207;240;215;230;142;307;190;309;117;249;313;121;470;290;302
ENSG00000198521;116;134;86;103;124;117;143;133;247;128;212;92;135;145;57;187;131;145
ENSG00000167232;142;139;123;122;104;149;100;57;143;87;128;54;114;93;46;176;111;123
ENSG00000197372;65;41;34;36;34;43;30;22;56;20;46;28;46;59;20;56;46;43
ENSG00000288920;22;7;11;10;11;6;6;6;10;4;7;2;6;8;3;10;10;11
ENSG00000213096;110;86;61;76;70;78;58;49;79;54;92;40;69;62;40;106;73;77
ENSG00000169021;93;127;75;74;78;71;88;62;131;94;126;43;136;123;55;149;134;119
ENSG00000105171;73;57;42;59;80;47;72;47;124;69;90;34;102;113;30;131;78;68
ENSG00000166289;17;16;10;20;17;14;10;6;20;13;12;5;10;7;7;19;14;22
ENSG00000131943;47;67;43;66;61;65;70;50;112;66;105;32;57;68;31;90;59;68
ENSG00000105176;184;149;118;157;184;167;124;71;184;109;148;67;128;197;89;271;195;221
ENSG00000121297;252;239;158;173;237;179;241;190;564;288;382;129;308;421;148;453;255;257
ENSG00000168813;65;23;37;39;38;41;24;11;32;15;24;8;35;23;15;38;33;28
ENSG00000178904;86;68;58;73;76;63;54;39;72;47;74;33;67;78;37;100;73;61
ENSG00000105185;135;116;103;69;84;81;92;57;116;80;110;44;97;106;44;142;55;124
ENSG00000105186;359;278;221;259;315;259;319;264;581;298;450;180;409;500;228;531;376;352
ENSG00000213965;26;31;26;26;26;39;19;17;50;15;27;11;29;39;11;55;41;40
ENSG00000173809;16;10;7;6;6;21;25;7;27;15;17;8;26;19;5;34;24;15
ENSG00000121289;104;108;67;75;92;96;99;78;189;133;196;68;121;169;71;164;92;123
ENSG00000076650;150;102;52;82;101;85;91;99;153;103;148;47;144;147;61;201;105;119
ENSG00000130881;21;13;6;12;12;13;6;7;25;8;9;8;8;13;4;14;19;5
ENSG00000245848;174;112;90;83;123;139;79;61;163;109;146;63;191;226;89;215;154;154
ENSG00000153879;163;149;110;120;115;135;180;109;230;169;264;81;241;236;111;345;228;236
ENSG00000124299;100;81;78;76;87;87;116;91;187;104;147;57;125;198;71;144;113;114
ENSG00000153885;92;55;36;52;84;55;39;34;77;50;66;24;47;66;19;64;41;58
ENSG00000257103;670;584;419;477;615;520;570;354;743;472;762;287;605;712;273;1042;651;715
ENSG00000166398;235;186;130;143;168;192;186;128;323;178;270;98;186;239;85;286;170;198
ENSG00000105220;2631;2449;1835;2065;2634;2100;3892;3259;7933;4758;6383;2196;4648;5541;2121;5143;2852;3271
ENSG00000126261;402;366;270;333;308;316;372;269;544;320;535;185;408;533;191;663;460;473
ENSG00000142279;20;11;8;7;6;12;20;14;36;17;24;6;19;24;15;36;22;11
ENSG00000089335;158;155;101;122;111;113;143;89;174;113;161;76;147;166;64;222;123;154
ENSG00000197841;58;51;35;45;53;25;41;19;62;36;68;21;55;60;18;88;64;78
ENSG00000180884;48;24;15;24;23;44;12;19;30;15;17;8;26;27;10;30;29;21
ENSG00000089351;736;550;379;374;512;445;749;793;2064;980;1236;511;413;600;196;566;356;363
ENSG00000105711;20;17;16;13;26;22;42;44;88;50;33;25;16;15;11;9;16;15
ENSG00000089327;555;470;405;385;482;474;472;360;984;582;635;274;574;690;252;719;427;515
ENSG00000105699;24;16;16;12;20;36;20;10;29;8;17;6;16;15;3;9;16;11
ENSG00000105698;428;328;241;271;315;266;325;287;794;470;618;233;460;622;204;549;383;378
ENSG00000105697;18;5;13;6;8;10;6;5;18;4;9;5;13;23;7;14;14;7
ENSG00000012124;88;40;80;54;75;75;31;24;24;22;36;12;46;38;19;66;71;56
ENSG00000126262;6;7;10;9;13;6;11;7;16;4;19;7;21;36;10;44;15;22
ENSG00000105677;48;33;33;54;27;29;35;31;79;49;73;22;67;70;33;97;52;52
ENSG00000249115;75;58;52;46;47;62;49;42;82;38;88;36;53;65;25;64;61;52
ENSG00000126254;154;125;112;114;142;109;150;128;374;247;251;101;197;225;99;232;164;129
ENSG00000126267;167;162;115;133;152;138;204;150;387;244;314;103;212;322;107;282;140;208
ENSG00000272333;1444;1208;875;880;1212;952;1345;1389;3427;1733;2157;862;1529;2015;784;1778;1169;1246
ENSG00000126246;43;49;31;32;42;32;53;52;128;55;108;48;78;134;50;112;84;86
ENSG00000161265;81;61;66;44;49;39;79;60;182;96;128;42;95;148;56;118;73;65
ENSG00000205155;52;36;20;26;36;22;51;32;108;49;66;19;57;55;27;85;25;63
ENSG00000267796;11;4;3;5;10;6;4;4;15;9;12;7;14;5;5;10;9;10
ENSG00000167595;314;217;149;186;247;202;283;212;631;300;412;164;333;409;173;448;239;303
ENSG00000004777;122;95;71;56;100;62;75;85;258;125;161;66;90;128;45;103;67;77
ENSG00000167604;672;535;383;428;440;407;556;565;1472;711;1039;363;1045;1515;584;1345;845;910
ENSG00000126264;98;72;56;72;59;87;68;41;138;83;88;26;81;103;32;112;74;76
ENSG00000011600;1026;912;609;715;1107;785;1151;1149;3102;1967;2259;936;1482;2375;809;1984;1111;1240
ENSG00000205138;21;13;11;13;18;16;21;10;30;21;29;11;23;25;6;29;13;31
ENSG00000239382;34;20;19;14;8;15;17;22;48;21;40;20;19;24;14;27;13;9
ENSG00000105270;9;14;3;10;7;4;9;13;24;17;9;8;15;21;3;13;10;5
ENSG00000161277;14;23;10;25;17;9;18;21;34;34;23;14;20;31;7;32;10;21
ENSG00000075702;18;15;6;13;12;6;6;13;39;13;26;11;24;13;8;22;9;22
ENSG00000105258;15;18;7;14;17;23;15;15;38;17;35;8;17;28;16;15;26;20
ENSG00000105254;134;125;84;111;123;101;151;111;300;155;199;92;146;215;76;211;119;113
ENSG00000126247;413;324;259;309;326;347;285;235;721;355;447;164;380;431;175;523;333;327
ENSG00000196357;23;16;13;27;12;10;13;9;21;24;23;8;19;31;14;26;20;19
ENSG00000167635;230;219;155;182;214;231;203;137;260;197;335;122;218;275;104;396;218;289
ENSG00000142065;80;81;54;46;61;65;48;31;61;26;57;36;66;65;34;90;72;78
ENSG00000181007;29;16;9;12;17;25;29;17;32;24;36;13;17;20;6;44;29;25
ENSG00000186017;46;45;28;43;48;44;34;19;51;23;38;13;41;51;23;70;56;49
ENSG00000254004;86;78;40;62;44;77;44;38;79;44;62;34;41;73;26;107;58;72
ENSG00000186020;154;127;85;93;142;89;115;91;192;88;156;61;143;182;63;225;163;169
ENSG00000161298;27;12;15;15;15;18;13;10;26;24;22;5;21;29;11;29;16;27
ENSG00000197808;40;45;30;23;37;24;29;26;54;24;44;15;32;43;22;49;32;41
ENSG00000189042;37;31;33;50;37;24;21;17;52;21;37;16;35;38;11;57;39;39
ENSG00000267041;35;23;21;24;29;16;30;15;41;29;35;15;38;40;15;60;47;28
ENSG00000197863;49;18;22;16;25;18;38;19;54;25;46;13;36;39;18;43;24;60
ENSG00000251247;68;61;47;43;68;68;52;46;103;39;94;24;62;74;24;92;48;69
ENSG00000185869;15;18;9;15;15;10;12;8;10;14;19;7;22;16;5;17;9;19
ENSG00000198453;62;56;57;40;37;57;36;31;64;27;75;19;59;53;28;72;56;49
ENSG00000197050;37;33;23;13;20;35;29;16;21;17;21;14;35;42;19;54;33;46
ENSG00000196967;47;53;41;33;57;39;55;41;65;46;71;27;55;68;31;88;68;53
ENSG00000245680;92;92;77;89;93;83;102;65;162;74;110;48;101;133;51;158;81;96
ENSG00000188283;114;104;95;116;102;91;108;88;187;99;152;47;130;168;60;193;119;124
ENSG00000181666;236;181;174;206;167;156;214;138;327;158;282;110;183;273;81;264;188;232
ENSG00000189164;34;37;23;35;21;28;32;15;37;32;38;11;43;47;12;57;38;42
ENSG00000196437;22;10;19;16;17;17;22;9;24;11;24;10;18;22;21;42;20;22
ENSG00000171827;42;31;31;30;40;24;22;19;52;14;32;22;34;36;23;60;45;32
ENSG00000188227;16;10;17;13;13;19;7;3;18;6;11;3;14;18;7;6;9;7
ENSG00000180479;9;6;5;7;5;12;12;6;11;9;13;4;6;10;5;21;19;19
ENSG00000120784;23;18;19;25;26;14;18;4;21;14;17;5;20;14;9;20;16;26
ENSG00000189144;22;20;23;23;43;24;35;23;27;22;37;11;42;37;23;72;42;47
ENSG00000105738;655;434;339;365;452;347;667;542;1547;765;898;377;547;688;262;698;460;450
ENSG00000167642;117;78;93;75;106;95;146;115;272;167;230;92;286;363;136;408;242;213
ENSG00000167645;62;62;49;52;84;68;52;50;131;76;97;39;65;66;45;83;59;54
ENSG00000099337;332;238;211;227;310;233;288;221;638;333;507;130;412;484;217;543;267;355
ENSG00000099338;70;37;30;24;46;29;46;44;116;59;79;29;75;91;37;80;51;75
ENSG00000099341;254;195;159;138;200;177;283;208;523;288;392;170;319;395;158;381;207;250
ENSG00000188766;15;34;14;3;10;22;13;19;33;17;27;9;22;26;6;10;11;18
ENSG00000130244;59;37;37;33;43;39;46;41;134;60;80;35;53;74;22;79;51;62
ENSG00000171777;415;329;209;291;319;278;327;279;791;415;529;197;477;648;235;577;385;395
ENSG00000196218;13;16;13;13;20;28;29;16;64;32;40;16;52;52;25;37;39;32
ENSG00000104814;136;78;118;97;113;137;61;39;73;37;82;28;84;67;40;114;114;74
ENSG00000178982;213;154;133;137;188;154;143;126;319;180;232;111;246;246;107;243;184;190
ENSG00000130402;1535;1308;890;996;1300;1101;1426;1311;3821;1987;2495;952;1470;2033;752;1813;1086;1355
ENSG00000171747;29;15;6;9;6;10;17;6;33;17;25;5;6;15;6;13;6;10
ENSG00000104823;157;132;100;131;143;109;176;103;350;166;259;102;132;187;69;181;101;131
ENSG00000104824;903;752;597;615;728;683;976;777;1663;894;1268;458;1132;1369;522;1634;942;986
ENSG00000187994;46;53;45;39;60;53;33;33;85;52;50;18;54;65;33;90;59;56
ENSG00000068903;228;175;102;133;192;153;177;160;428;241;251;113;288;309;142;296;186;180
ENSG00000104825;192;169;114;140;145;130;204;213;569;268;369;139;203;331;129;315;210;201
ENSG00000130669;138;129;112;93;125;108;164;151;416;214;249;95;147;237;101;205;133;168
ENSG00000188505;35;12;8;13;21;9;64;52;170;107;98;45;67;83;30;68;38;65
ENSG00000128011;37;36;33;16;35;29;30;27;97;46;52;18;32;69;24;41;38;38
ENSG00000130755;341;280;276;291;290;252;305;278;736;425;569;197;387;502;207;601;341;412
ENSG00000179134;936;776;589;580;679;586;911;703;2094;1071;1406;530;912;1201;458;1219;750;896
ENSG00000006712;160;131;104;113;116;116;146;113;296;165;277;92;201;208;95;241;179;161
ENSG00000063322;159;135;111;146;148;126;167;112;308;194;222;71;239;313;116;302;185;216
ENSG00000128016;2092;1801;1136;1055;1478;1362;1493;1193;3069;2106;2350;988;4060;5917;2226;5594;2856;3257
ENSG00000090924;1126;899;552;617;830;632;712;651;1861;945;1176;555;1639;2046;777;1812;954;1285
ENSG00000105193;788;663;589;717;931;722;725;637;1407;1044;1452;569;1167;1460;586;1415;753;851
ENSG00000196235;968;800;527;641;793;656;1012;876;2256;1175;1563;603;1056;1404;516;1330;833;864
ENSG00000105197;140;116;71;69;98;89;107;89;240;122;170;59;165;192;83;221;128;147
ENSG00000176396;20;17;14;18;24;18;25;10;26;22;29;9;18;35;8;45;19;24
ENSG00000105204;131;99;92;81;109;103;122;109;293;164;174;78;107;175;58;149;113;120
ENSG00000105202;86;61;84;71;92;109;88;72;148;105;146;54;117;110;61;157;90;78
ENSG00000275395;32;17;22;26;18;30;11;11;20;18;17;4;17;15;11;24;31;23
ENSG00000013275;143;114;87;112;141;127;136;144;343;187;253;97;165;253;77;216;157;144
ENSG00000187187;62;46;35;33;48;35;56;16;54;30;62;21;60;86;35;82;80;52
ENSG00000128000;208;171;139;164;167;147;171;89;226;106;173;70;159;190;96;312;194;173
ENSG00000197782;233;202;170;182;175;173;178;121;226;137;231;112;208;246;94;321;248;251
ENSG00000130758;131;81;71;34;110;82;88;95;274;112;173;62;106;144;45;134;68;72
ENSG00000105221;732;571;454;422;534;495;629;610;1516;798;1078;360;853;1018;385;938;613;667
ENSG00000160392;118;106;72;69;63;79;88;85;219;101;145;74;113;129;41;121;80;100
ENSG00000105223;716;664;421;471;602;594;776;765;1773;1083;1367;513;1908;2263;918;1990;1195;1208
ENSG00000105227;34;39;12;10;22;19;36;25;63;30;56;23;37;39;18;31;23;31
ENSG00000197019;159;131;82;97;134;105;164;170;434;260;321;136;216;302;144;322;158;238
ENSG00000167565;131;125;70;72;93;109;114;85;244;163;168;79;163;198;98;261;133;138
ENSG00000090013;88;75;63;54;57;49;72;59;162;96;123;43;105;118;42;119;61;96
ENSG00000160410;1558;1231;843;895;1251;952;1497;1384;3686;1923;2407;1004;1457;1875;680;1664;1041;1206
ENSG00000090006;260;218;175;169;203;181;271;263;674;347;387;175;253;283;104;247;184;185
ENSG00000105245;52;29;25;33;21;23;34;24;97;32;52;23;39;53;25;46;23;28
ENSG00000123815;227;178;93;143;157;137;174;161;411;246;321;127;216;290;113;257;171;168
ENSG00000086544;103;56;52;49;79;43;76;72;170;97;144;58;96;127;41;94;56;81
ENSG00000188493;89;67;43;48;55;62;59;47;151;92;90;28;89;99;30;97;66;65
ENSG00000077312;162;138;86;99;118;99;118;88;265;117;165;49;128;162;65;162;105;125
ENSG00000167578;6;7;8;10;16;9;4;6;13;8;11;5;8;7;6;12;15;18
ENSG00000269858;65;36;53;25;51;22;45;49;131;70;66;22;61;84;43;65;59;59
ENSG00000167600;192;165;113;127;206;118;395;333;955;601;674;252;329;475;153;400;243;264
ENSG00000167601;89;78;51;59;73;46;62;45;176;93;133;53;33;62;38;41;27;58
ENSG00000105323;1193;1063;787;903;1072;962;1222;1052;2746;1590;1936;757;1316;1854;690;1784;1128;1247
ENSG00000105329;1053;873;690;764;972;970;1083;872;2872;1574;1979;678;958;1342;539;1319;840;863
ENSG00000142039;277;277;161;165;218;208;262;214;660;365;426;127;285;413;161;375;220;277
ENSG00000142046;103;71;86;50;108;73;81;94;222;112;216;78;115;139;68;160;108;101
ENSG00000123810;68;59;39;46;39;47;55;67;125;75;94;43;66;76;46;67;41;56
ENSG00000077348;19;10;13;12;9;13;10;10;29;25;24;13;22;38;13;24;24;24
ENSG00000248098;16;9;3;5;6;5;15;7;21;8;15;3;20;19;7;20;8;12
ENSG00000177191;26;18;8;14;28;33;12;7;59;23;23;17;16;29;12;41;19;27
ENSG00000105341;111;79;81;74;74;80;88;77;203;122;160;54;126;186;56;162;85;98
ENSG00000007129;25;14;16;14;9;17;19;8;12;13;12;6;24;23;5;15;20;10
ENSG00000105352;47;43;14;28;29;33;20;11;29;15;19;5;29;55;8;39;24;33
ENSG00000105372;286;218;170;198;249;264;224;167;411;280;361;121;277;384;159;388;222;275
ENSG00000105369;54;20;49;36;50;55;15;17;30;20;18;4;17;17;13;35;31;34
ENSG00000076928;2173;1517;1366;1298;1624;1527;1399;1253;3613;1646;2313;863;1744;2117;829;2038;1517;1403
ENSG00000268041;17;14;8;6;6;7;4;9;27;6;13;7;10;13;10;16;11;7
ENSG00000105404;68;73;50;52;75;52;80;101;235;108;175;60;86;107;54;116;54;62
ENSG00000105732;56;43;41;43;53;48;39;37;158;61;82;32;70;72;38;115;58;66
ENSG00000028277;534;418;402;363;421;479;168;141;316;187;255;93;316;341;195;430;328;335
ENSG00000160570;551;466;323;380;479;336;494;414;1304;708;883;358;603;909;333;712;461;460
ENSG00000167625;152;98;96;118;108;124;156;103;285;148;220;82;129;194;91;169;93;114
ENSG00000105723;221;188;119;138;182;192;176;139;430;207;258;119;196;302;114;290;191;201
ENSG00000105722;551;444;317;319;435;451;484;445;1307;715;872;337;658;956;368;827;534;532
ENSG00000079432;1759;1455;1003;1021;1456;1168;1476;1422;4557;2386;2785;1015;1783;2659;990;2174;1388;1440
ENSG00000105429;304;230;182;196;250;202;258;252;667;303;435;193;288;376;127;302;225;226
ENSG00000176531;99;71;64;50;84;46;91;110;246;101;144;55;89;123;44;123;77;67
ENSG00000105755;51;63;47;37;49;41;85;80;232;122;163;51;78;110;36;115;64;42
ENSG00000073050;373;426;269;273;319;247;440;420;1256;629;865;316;540;724;264;709;416;476
ENSG00000234465;54;42;32;28;42;48;139;138;242;142;206;73;141;219;86;176;137;131
ENSG00000167378;1402;1322;879;994;1389;1033;1916;1515;3968;2108;3294;1079;1808;2653;1033;2874;1796;2078
ENSG00000124444;47;65;43;48;56;57;42;52;131;68;78;38;70;80;24;99;56;87
ENSG00000131116;19;19;27;19;9;16;25;13;42;32;37;14;22;30;9;19;14;22
ENSG00000105767;29;17;13;14;13;10;29;21;67;28;40;13;29;35;12;38;20;22
ENSG00000011422;2421;2385;1430;1619;2511;1810;3178;2746;7217;4085;5614;1951;1983;3228;1188;3109;2023;2028
ENSG00000105771;492;435;266;319;409;298;563;465;1161;627;824;318;591;761;242;708;466;517
ENSG00000104783;564;480;337;341;520;381;779;733;2123;1100;1286;469;625;948;334;788;505;518
ENSG00000167637;113;100;77;81;75;80;92;50;132;62;133;53;102;87;58;152;111;109
ENSG00000124459;133;102;100;105;137;107;126;87;206;129;192;75;137;179;59;211;130;142
ENSG00000159905;16;18;16;10;19;16;17;12;25;19;25;6;19;14;11;20;21;21
ENSG00000204920;75;62;40;56;60;68;74;45;104;62;99;42;98;105;44;128;75;97
ENSG00000159882;43;57;22;47;65;43;48;23;84;52;86;38;49;58;15;81;49;67
ENSG00000159885;28;22;13;14;23;16;20;11;24;17;23;15;16;23;12;34;13;10
ENSG00000186026;33;24;23;28;33;30;22;15;34;25;31;15;32;40;19;38;29;32
ENSG00000267680;445;388;263;285;374;295;371;264;567;321;580;212;441;528;204;628;448;449
ENSG00000256294;76;120;63;62;75;83;71;63;130;79;113;36;108;137;43;129;102;118
ENSG00000263002;171;131;87;116;131;116;156;94;208;125;198;75;146;199;86;239;140;192
ENSG00000167380;291;234;210;221;202;237;231;151;363;201;292;133;223;278;107;357;247;277
ENSG00000131115;147;131;73;75;87;87;109;73;137;81;144;42;151;164;68;197;137;126
ENSG00000159917;145;110;86;106;98;95;117;76;164;89;132;54;126;155;67;209;129;151
ENSG00000167384;80;75;67;48;74;71;74;51;97;56;99;37;78;106;39;129;59;83
ENSG00000073008;438;368;297;317;413;315;697;560;1390;711;937;468;416;613;209;668;408;405
ENSG00000186567;38;41;25;15;44;38;52;44;147;69;100;47;36;51;17;55;45;48
ENSG00000069399;763;663;410;342;500;390;760;661;2126;1132;1170;447;825;1292;486;1085;626;730
ENSG00000130202;594;583;340;421;569;404;739;785;2370;1172;1425;581;707;1165;362;921;609;637
ENSG00000130204;135;142;76;96;120;114;150;122;349;179;233;103;194;226;74;211;145;141
ENSG00000130203;52;73;31;46;77;45;57;59;223;140;152;51;266;299;99;288;126;144
ENSG00000130208;41;42;15;22;29;19;19;17;39;38;57;9;101;118;35;115;35;76
ENSG00000104853;430;447;249;255;441;308;473;403;1255;658;774;329;554;836;297;739;417;422
ENSG00000104856;494;413;275;285;449;287;603;607;1618;856;1065;380;505;792;322;711;434;411
ENSG00000104859;569;508;345;371;462;373;528;583;1450;662;840;348;708;932;328;830;581;579
ENSG00000142252;90;73;49;47;76;73;84;53;138;44;77;47;64;90;42;86;58;75
ENSG00000007047;296;213;147;208;247;185;289;233;708;344;459;156;294;401;162;356;218;236
ENSG00000104866;150;120;83;69;129;107;156;163;450;239;228;104;149;237;67;182;139;140
ENSG00000007255;50;35;34;28;38;45;35;34;65;47;63;27;46;51;13;45;50;31
ENSG00000189114;147;137;105;106;109;101;196;160;428;276;297;123;171;265;67;233;130;134
ENSG00000104884;100;56;69;56;78;81;63;71;197;102;117;53;94;91;46;108;66;67
ENSG00000104881;100;65;40;37;62;70;82;74;205;114;137;43;74;96;25;94;47;50
ENSG00000012061;242;194;139;147;201;183;182;166;392;244;303;117;198;282;90;203;156;179
ENSG00000125740;9828;5869;4022;4468;5321;6873;6854;5831;15989;6197;11912;5336;6887;14942;6379;14620;6854;11471
ENSG00000125744;41;44;27;37;31;31;51;31;144;58;75;27;48;102;43;76;53;45
ENSG00000213889;9;8;5;9;10;5;4;9;19;13;12;4;9;24;7;13;10;25
ENSG00000125753;1321;1158;831;915;1272;1008;1402;1129;3136;1722;2266;771;1501;2181;802;2111;1383;1395
ENSG00000125741;243;154;111;132;192;151;252;203;475;245;358;150;244;287;114;305;180;183
ENSG00000125746;210;164;133;96;155;142;165;158;441;237;318;123;135;210;63;173;118;129
ENSG00000010310;36;22;28;39;14;39;32;21;85;40;54;22;29;29;14;31;37;29
ENSG00000125743;50;40;36;43;50;44;46;35;93;65;77;34;54;72;19;80;48;42
ENSG00000011478;92;88;58;56;87;65;89;86;260;124;207;53;88;98;56;89;74;58
ENSG00000177051;165;137;103;91;137;111;124;112;395;200;231;88;164;226;71;200;125;140
ENSG00000104936;30;15;21;16;12;30;19;12;47;16;28;8;20;14;7;28;11;17
ENSG00000185800;36;31;39;34;29;32;16;18;36;20;18;20;33;20;16;36;20;22
ENSG00000125755;1157;784;641;679;897;718;1014;1020;2563;1184;1761;704;1082;1513;580;1321;926;961
ENSG00000170604;62;48;28;60;69;27;51;37;115;82;86;32;58;84;21;65;38;37
ENSG00000176182;37;49;27;23;39;36;53;38;111;70;64;22;25;57;25;44;26;34
ENSG00000104983;78;65;59;48;66;52;77;76;203;124;143;53;96;146;34;107;94;109
ENSG00000011485;80;65;63;42;67;87;53;45;104;60;82;22;76;95;36;93;61;61
ENSG00000160014;764;632;482;586;732;614;871;642;1742;1088;1301;441;882;1203;437;1192;637;724
ENSG00000160013;218;205;146;135;146;124;349;305;779;423;442;167;235;317;111;299;175;209
ENSG00000197380;27;30;20;26;25;32;39;43;87;57;78;13;29;35;13;42;23;21
ENSG00000105287;401;306;256;271;328;251;278;254;853;394;463;166;312;441;151;440;293;302
ENSG00000090372;716;614;431;429;530;492;650;560;1567;797;1039;373;774;1059;382;852;585;615
ENSG00000181027;120;77;69;63;47;78;88;73;179;99;135;51;89;122;56;105;81;90
ENSG00000105281;137;108;121;124;122;134;129;137;242;140;218;55;195;267;114;274;196;157
ENSG00000042753;150;104;94;102;149;137;103;98;337;179;227;87;207;283;99;222;150;158
ENSG00000160007;881;793;679;673;859;682;977;683;1869;1021;1327;580;1044;1304;536;1388;878;958
ENSG00000130748;25;21;16;13;21;14;16;19;85;39;36;12;37;46;17;29;35;21
ENSG00000130749;391;321;225;257;298;263;370;289;811;440;599;243;441;571;204;553;386;383
ENSG00000142230;203;184;118;141;161;143;185;149;341;207;271;99;229;294;133;355;217;208
ENSG00000105327;40;36;25;21;20;41;30;40;86;37;65;27;56;64;32;59;30;48
ENSG00000105321;300;249;174;191;206;215;338;300;719;371;530;192;427;514;220;499;348;307
ENSG00000257704;83;53;49;37;57;44;50;54;177;104;108;41;73;112;40;75;60;54
ENSG00000197405;592;584;421;516;760;508;507;440;1114;712;993;313;1196;1694;630;1846;984;1071
ENSG00000134830;95;96;83;71;98;80;72;45;159;92;105;40;693;778;317;974;506;465
ENSG00000134815;644;529;406;376;501;431;513;398;1169;611;769;330;626;866;383;819;515;641
ENSG00000105419;19;14;21;15;19;13;16;15;39;28;27;10;14;25;8;11;12;15
ENSG00000118162;27;11;12;13;24;11;19;17;43;16;31;10;30;35;19;30;23;23
ENSG00000105402;162;147;121;99;161;116;125;120;327;179;239;90;202;245;98;227;135;168
ENSG00000063169;311;216;173;160;228;183;238;234;717;335;391;139;258;313;120;326;223;220
ENSG00000024422;69;61;47;35;83;62;98;94;251;148;149;45;56;69;21;55;33;34
ENSG00000105373;411;363;326;338;395;346;501;427;1166;657;834;291;534;762;261;645;406;433
ENSG00000178980;124;92;94;67;113;91;119;94;225;161;171;56;137;172;66;151;85;91
ENSG00000105499;84;52;38;54;75;64;131;110;270;125;171;85;91;140;61;122;84;106
ENSG00000105486;118;85;54;84;87;52;82;72;178;112;108;43;108;138;65;120;87;109
ENSG00000185453;29;31;21;24;28;27;26;27;97;43;51;12;25;53;16;35;22;23
ENSG00000105483;1199;871;768;832;957;882;853;572;1355;763;1300;458;1070;1211;531;1762;1055;1222
ENSG00000142227;451;394;250;303;407;364;586;455;1308;814;829;318;685;957;331;825;492;535
ENSG00000161558;34;26;11;13;26;31;27;22;60;36;48;19;36;49;17;35;31;36
ENSG00000105438;289;266;125;185;223;190;235;184;594;325;407;133;267;421;154;423;228;228
ENSG00000105464;23;19;18;10;15;19;21;31;80;36;47;16;25;25;14;33;21;12
ENSG00000105447;122;89;57;97;73;87;98;92;241;123;159;51;138;195;78;165;128;116
ENSG00000182324;22;18;11;15;16;13;21;23;39;33;36;16;28;37;14;41;28;30
ENSG00000105443;612;479;335;369;514;403;616;522;1302;656;883;379;582;693;299;734;438;501
ENSG00000105523;15;27;11;8;7;13;15;16;35;13;21;9;17;34;5;20;11;26
ENSG00000063177;475;363;352;336;414;433;354;306;750;498;607;221;474;681;261;645;393;469
ENSG00000063176;192;154;52;103;109;116;110;119;347;167;207;77;142;222;84;187;105;125
ENSG00000105516;29;16;13;20;34;25;14;12;15;10;15;6;24;21;14;24;27;25
ENSG00000105552;31;22;22;32;13;22;24;17;32;18;50;5;32;50;17;43;36;26
ENSG00000087074;2985;2130;1528;1643;2005;1875;2516;2131;5252;3215;4188;1447;3067;5532;1946;5163;2550;3473
ENSG00000104805;481;426;291;329;449;353;499;454;1319;745;952;318;628;828;330;750;421;477
ENSG00000087088;232;144;94;105;172;163;197;154;442;246;340;117;257;317;132;288;169;212
ENSG00000087086;4339;4288;2740;2925;4232;3558;3510;2936;8932;5679;5784;2207;5494;7732;2744;6956;3516;4237
ENSG00000104812;1205;1013;786;866;1043;795;1249;1079;2703;1478;1993;731;1124;1553;644;1457;858;981
ENSG00000183207;81;56;59;44;60;50;77;58;166;97;129;44;87;137;41;96;61;84
ENSG00000104852;1110;884;703;673;812;761;967;967;2307;1297;1638;660;1177;1526;632;1348;970;1107
ENSG00000130529;200;173;115;130;150;112;214;176;516;284;331;143;144;193;77;185;127;120
ENSG00000063127;38;11;32;12;20;20;15;5;26;19;8;7;28;25;11;21;10;15
ENSG00000104894;726;563;620;518;576;623;540;479;1145;705;876;289;784;1087;421;1102;727;768
ENSG00000104872;421;374;288;324;358;358;517;466;1003;561;850;328;603;708;286;676;421;480
ENSG00000161618;180;108;101;93;131;129;86;127;249;141;174;65;183;230;88;191;139;145
ENSG00000142541;1629;1220;1236;1318;1539;1518;1423;1261;2845;1892;2299;850;1970;2261;918;2494;1433;1429
ENSG00000142534;407;363;355;345;390;410;358;307;694;501;593;196;503;717;268;630;441;518
ENSG00000104870;2963;2737;1794;1980;2776;2080;2519;2295;6381;3302;4692;1768;3456;4381;1702;3897;2383;2601
ENSG00000142552;429;367;205;211;316;257;250;219;827;338;422;172;379;500;185;356;295;285
ENSG00000142546;123;87;86;91;98;81;120;91;289;133;192;74;143;176;64;144;98;83
ENSG00000126464;654;569;445;388;535;482;488;477;1453;759;861;313;546;868;316;689;488;475
ENSG00000126458;74;58;49;53;74;72;65;68;192;120;141;62;87;125;43;83;65;64
ENSG00000126461;377;352;249;298;394;289;405;397;1182;634;721;291;438;635;274;563;328;332
ENSG00000126456;687;608;438;466;619;500;739;647;1630;881;1270;497;688;1002;333;889;549;626
ENSG00000126453;52;48;28;35;35;44;45;25;103;48;93;24;59;69;33;93;52;54
ENSG00000126457;162;125;97;86;128;112;135;144;353;170;240;98;183;244;84;191;117;160
ENSG00000196961;667;481;382;404;552;429;606;467;1401;641;816;354;707;824;325;781;554;570
ENSG00000010361;67;50;23;32;46;38;39;37;109;46;78;31;87;93;39;98;68;52
ENSG00000104973;663;612;456;452;582;513;568;540;1382;720;929;382;864;1037;424;915;585;663
ENSG00000104960;269;239;166;147;215;191;227;258;669;341;407;140;226;320;131;292;188;218
ENSG00000039650;386;273;189;181;250;230;312;295;703;328;493;194;373;529;173;406;266;338
ENSG00000204673;871;715;496;492;627;567;1340;1309;3273;1622;1902;804;1013;1587;516;1403;882;927
ENSG00000104946;377;283;215;229;286;251;280;282;754;403;528;202;435;537;200;463;261;328
ENSG00000104951;783;616;435;475;706;494;1387;1415;4064;1939;2425;947;839;1476;455;1237;719;786
ENSG00000213024;1521;1397;951;970;1346;1101;1966;1495;4387;2183;2639;1058;1797;2460;914;2299;1395;1565
ENSG00000169136;1334;1373;834;854;1184;945;1615;1437;4160;2315;2815;983;1865;2888;990;2432;1272;1509
ENSG00000161640;5;8;3;3;8;10;7;6;20;8;13;6;5;7;3;11;4;5
ENSG00000161643;40;26;26;18;37;32;33;44;93;42;76;20;28;33;21;48;30;52
ENSG00000105053;477;383;253;315;353;340;492;377;862;452;640;239;458;606;255;622;469;451
ENSG00000142528;110;62;70;68;88;82;116;85;173;98;159;48;128;148;62;186;108;129
ENSG00000131398;346;256;178;170;241;177;256;268;748;433;439;153;551;669;227;638;361;376
ENSG00000131408;529;440;273;290;439;417;487;448;1256;625;823;272;561;719;326;672;452;451
ENSG00000062822;349;261;239;210;289;227;309;291;859;444;544;219;466;702;229;520;322;399
ENSG00000269404;36;16;23;22;13;12;11;9;24;10;11;9;13;12;8;27;23;18
ENSG00000161671;467;313;305;286;380;303;394;337;961;587;674;250;541;818;296;683;492;430
ENSG00000161677;66;41;38;30;36;31;46;58;178;100;124;29;61;95;38;60;50;46
ENSG00000105472;37;47;19;11;41;36;22;33;91;59;60;21;36;53;15;42;19;25
ENSG00000142544;28;21;19;25;27;32;33;39;59;31;54;14;39;44;23;29;34;30
ENSG00000129450;645;566;437;541;601;511;635;519;1324;802;1094;445;822;1070;384;1055;593;744
ENSG00000168995;215;161;156;173;217;149;168;178;430;201;365;127;196;284;113;276;131;178
ENSG00000105383;180;105;104;97;122;127;83;72;200;107;127;60;133;155;66;180;97;139
ENSG00000142549;39;27;25;24;23;42;30;15;94;40;83;20;19;24;5;16;8;17
ENSG00000186806;36;24;30;18;18;18;43;33;85;34;58;10;20;18;21;24;24;14
ENSG00000105379;100;73;52;68;91;83;97;68;177;71;127;52;115;127;59;122;91;104
ENSG00000160318;25;20;16;23;25;30;9;16;26;13;26;4;18;15;3;16;14;14
ENSG00000105374;412;204;367;265;323;391;125;70;129;98;158;42;143;143;74;237;185;231
ENSG00000142512;208;182;138;153;175;200;227;161;432;272;269;111;105;166;66;207;120;128
ENSG00000105497;154;131;79;97;95;113;155;90;228;112;156;70;133;143;76;199;109;183
ENSG00000268500;48;48;49;30;52;39;67;59;122;72;89;24;21;30;14;59;27;41
ENSG00000254415;671;731;519;626;705;571;826;573;1581;1025;1305;371;414;588;206;746;392;451
ENSG00000182310;840;565;401;346;606;455;595;635;1640;710;1001;427;503;684;273;598;394;428
ENSG00000105509;295;232;144;183;228;201;204;257;637;270;410;156;45;107;43;79;65;48
ENSG00000171051;261;204;224;217;218;252;225;195;528;300;386;152;109;195;77;252;177;145
ENSG00000171049;239;362;214;299;374;219;376;286;800;498;724;232;101;211;83;198;122;143
ENSG00000187474;691;884;401;604;970;489;1464;913;2318;1584;2197;729;1539;2137;728;2470;1290;1525
ENSG00000161551;343;374;276;311;343;298;472;321;722;382;532;255;401;498;207;697;402;445
ENSG00000198093;133;112;82;102;101;92;128;91;229;133;191;58;142;187;62;182;132;132
ENSG00000176024;39;42;28;30;38;43;53;27;55;34;64;16;45;53;14;64;39;43
ENSG00000256683;172;179;136;150;197;131;204;145;322;186;270;121;203;261;90;350;201;208
ENSG00000197619;160;200;122;146;175;161;172;121;258;135;238;95;211;239;102;317;170;234
ENSG00000142556;67;67;34;50;37;63;68;39;87;54;72;31;75;98;39;110;83;70
ENSG00000256087;130;119;84;106;111;96;147;93;201;121;196;68;144;180;75;238;153;159
ENSG00000197608;421;384;264;269;324;297;399;291;626;328;518;196;305;431;178;446;298;357
ENSG00000204611;57;53;33;61;56;47;67;31;76;77;93;36;75;78;23;86;54;72
ENSG00000196267;47;42;32;39;41;37;48;36;67;37;85;37;52;61;26;71;62;61
ENSG00000105568;1018;945;695;717;813;752;922;802;2155;1036;1529;603;1158;1448;577;1458;945;975
ENSG00000196214;165;137;116;127;136;151;142;116;241;126;216;88;139;184;80;227;126;153
ENSG00000198464;75;93;64;51;79;65;69;50;99;58;105;43;79;95;42;142;76;103
ENSG00000221923;16;25;10;29;27;29;22;23;42;32;48;16;35;30;11;43;20;26
ENSG00000167555;94;66;51;67;63;62;61;55;119;68;89;39;67;85;30;114;82;82
ENSG00000198482;901;799;594;684;795;610;943;684;1522;851;1420;488;1630;1864;762;2253;1452;1664
ENSG00000167562;265;248;201;191;249;220;295;220;474;273;411;167;356;452;195;508;352;391
ENSG00000167766;109;60;57;47;73;62;55;45;126;82;89;48;105;117;42;112;74;110
ENSG00000213020;428;416;273;337;424;305;403;266;622;385;599;209;412;524;253;724;415;427
ENSG00000189190;128;109;126;90;107;99;98;70;151;73;140;44;131;149;59;189;111;136
ENSG00000198538;95;103;81;96;74;89;82;46;151;73;98;46;89;107;46;132;81;119
ENSG00000204604;97;104;57;53;89;94;82;64;134;78;116;54;105;131;51;204;93;121
ENSG00000182986;136;117;105;122;130;110;137;90;198;114;170;57;135;182;66;212;126;132
ENSG00000213793;93;97;69;70;74;57;92;53;123;63;107;36;122;147;64;181;127;123
ENSG00000180257;30;36;18;19;33;20;22;11;42;22;28;13;24;39;15;58;31;41
ENSG00000170949;986;830;682;690;812;674;941;703;1488;813;1382;499;914;1123;432;1294;836;1002
ENSG00000197937;92;47;45;54;86;61;49;40;101;62;90;25;59;81;23;101;87;75
ENSG00000197928;13;11;8;11;8;12;6;10;29;12;10;4;4;18;4;14;12;19
ENSG00000213799;91;84;74;62;99;70;79;61;141;72;112;45;115;143;51;187;97;131
ENSG00000203326;89;89;73;70;100;94;79;52;99;69;90;38;75;98;38;97;73;78
ENSG00000196417;155;130;110;159;147;129;138;93;219;94;198;83;129;194;63;258;150;188
ENSG00000160336;155;111;103;117;136;105;127;63;192;97;154;50;141;151;68;225;129;155
ENSG00000198346;55;62;53;49;57;68;55;39;75;36;88;24;56;73;25;107;62;77
ENSG00000130844;456;365;243;272;336;315;425;323;653;359;718;274;392;470;183;611;362;381
ENSG00000142405;130;85;105;111;93;110;76;69;120;85;139;33;146;138;56;166;119;115
ENSG00000179820;1131;837;654;716;833;845;801;638;1942;1067;1573;495;884;1302;673;1595;847;1177
ENSG00000170909;503;462;314;291;441;370;474;431;1306;712;859;275;411;614;225;630;320;383
ENSG00000170906;41;28;36;34;35;47;35;33;60;47;44;26;56;48;17;53;34;42
ENSG00000105619;79;48;33;26;51;38;43;47;135;92;124;29;59;65;40;50;39;59
ENSG00000105618;151;112;87;86;148;141;158;116;406;169;247;101;192;243;80;230;155;190
ENSG00000088038;520;410;300;301;399;404;512;365;1088;605;685;277;485;660;246;631;394;465
ENSG00000105617;18;21;20;8;16;12;23;21;50;24;43;17;18;45;13;33;12;23
ENSG00000125505;469;509;298;321;439;382;472;368;1255;608;714;287;593;793;294;786;530;453
ENSG00000170892;116;79;66;64;83;79;86;68;210;108;147;42;154;163;76;226;103;87
ENSG00000170889;684;477;440;420;583;549;595;494;1026;617;844;348;1115;1269;586;1430;822;868
ENSG00000204577;647;572;357;403;605;543;651;527;1518;805;1003;353;1182;1534;584;1440;770;947
ENSG00000244482;274;253;175;155;276;242;216;159;447;288;331;111;409;523;199;555;280;272
ENSG00000131042;1336;1150;905;848;1239;1020;806;713;1696;1073;1230;535;1563;2098;755;1960;1115;1229
ENSG00000187116;106;48;88;75;79;99;17;11;15;15;30;9;32;42;12;70;46;45
ENSG00000167613;572;555;377;431;578;447;370;305;879;441;630;235;562;659;252;764;443;561
ENSG00000167615;5850;4527;3421;3281;4319;3813;5398;5357;13244;6566;8367;3261;5923;8164;3280;7176;4800;5519
ENSG00000239998;229;165;132;149;199;205;126;77;192;126;151;61;211;271;76;290;192;184
ENSG00000104974;541;462;349;404;468;431;180;141;360;198;283;121;357;501;171;536;361;383
ENSG00000104972;3164;2940;2012;2116;2901;2280;2044;1686;4455;2473;3023;1270;2878;4280;1591;3962;2235;2634
ENSG00000186818;1032;1130;609;838;1170;797;1458;1229;3438;1958;2489;753;1630;2579;878;2518;1304;1514
ENSG00000189013;486;434;271;282;492;385;647;471;1268;730;969;317;1287;2134;759;2165;1103;1250
ENSG00000167633;33;16;18;12;17;13;19;13;22;19;24;5;28;42;18;63;24;38
ENSG00000221957;19;18;18;8;8;18;6;9;23;8;11;8;8;20;5;16;20;29
ENSG00000240403;12;7;6;15;19;16;10;14;21;15;12;4;24;24;19;34;10;28
ENSG00000186431;3770;3745;2358;2949;3679;2915;5220;4084;10030;5783;8751;2737;6527;9468;3740;10878;6229;6974
ENSG00000189430;386;311;229;281;308;244;350;322;851;422;647;263;311;446;186;512;302;272
ENSG00000022556;54;30;38;41;29;34;20;23;32;24;44;14;34;29;16;50;45;32
ENSG00000160439;10;9;12;11;8;10;10;17;14;7;22;6;12;12;5;13;14;6
ENSG00000125503;1051;871;574;627;770;635;882;942;2375;1215;1604;554;1186;1458;558;1264;914;928
ENSG00000105048;36;25;18;21;22;21;34;23;82;38;46;18;46;41;23;45;24;25
ENSG00000180089;79;63;60;51;86;62;96;75;212;98;109;61;113;145;55;124;82;105
ENSG00000105063;1157;963;750;820;1048;993;1076;1215;3364;1688;2026;791;1241;1782;738;1555;1027;1059
ENSG00000133265;57;26;33;25;32;41;29;31;88;39;48;18;56;74;17;59;41;38
ENSG00000180061;102;96;86;59;77;72;112;95;240;149;117;60;86;127;47;111;43;71
ENSG00000133247;77;74;45;29;49;56;55;72;207;92;129;54;70;91;34;85;61;74
ENSG00000108107;676;463;401;392;479;500;475;405;921;581;706;358;682;849;355;879;515;618
ENSG00000108106;46;30;22;20;18;37;25;27;79;29;38;19;57;99;34;75;37;51
ENSG00000063241;6;7;6;9;15;7;5;6;10;4;8;5;5;6;2;8;5;6
ENSG00000197483;83;54;35;46;79;55;73;57;231;129;124;59;65;143;52;116;81;79
ENSG00000090971;34;22;23;14;18;12;33;33;76;40;43;18;32;40;12;34;28;33
ENSG00000218891;52;49;26;33;60;24;56;39;142;96;97;24;36;86;23;56;39;34
ENSG00000179943;60;38;45;27;20;26;30;26;70;58;55;14;38;64;24;59;24;33
ENSG00000171443;38;35;35;28;35;55;41;36;112;74;92;22;51;85;32;96;51;44
ENSG00000261221;170;93;87;83;90;113;100;121;336;147;205;57;114;176;74;158;102;104
ENSG00000179922;53;45;21;47;52;33;66;69;162;80;104;44;71;103;39;79;65;68
ENSG00000213015;212;155;111;98;145;103;163;175;452;252;257;117;141;210;94;173;133;167
ENSG00000171425;116;93;44;68;82;73;106;94;249;168;179;74;114;152;49;151;102;89
ENSG00000063244;779;652;493;501;638;562;771;689;1982;968;1276;442;920;1300;519;1114;724;771
ENSG00000063245;1192;948;691;640;861;775;857;800;2132;1041;1284;562;969;1207;469;1201;775;869
ENSG00000142409;208;150;100;101;151;109;164;127;392;223;277;112;201;279;115;276;176;151
ENSG00000167685;140;98;69;71;83;79;98;94;300;150;200;78;109;175;72;139;72;83
ENSG00000131848;24;28;29;23;34;39;30;21;63;24;42;22;37;42;22;49;40;31
ENSG00000018869;11;8;8;7;6;7;15;3;15;6;8;6;7;14;7;16;11;5
ENSG00000198440;17;23;17;11;23;15;29;12;34;16;34;10;23;24;12;43;17;26
ENSG00000196263;17;20;3;8;14;10;6;9;12;6;17;6;7;8;2;9;5;13
ENSG00000196867;12;19;14;22;16;26;20;10;19;14;23;9;19;15;8;36;19;26
ENSG00000197016;54;50;44;23;41;38;45;26;58;40;66;19;40;32;12;72;42;38
ENSG00000197951;53;59;29;49;36;41;47;32;76;43;67;24;45;61;21;58;23;61
ENSG00000083844;712;681;495;590;651;586;661;430;1052;633;973;347;684;831;315;1088;632;691
ENSG00000105146;29;19;32;34;12;26;21;16;53;15;23;14;21;30;12;25;23;19
ENSG00000204524;192;253;139;230;252;155;193;145;266;168;273;95;228;288;104;396;255;241
ENSG00000197714;528;465;405;330;509;375;475;361;812;491;700;262;581;646;284;817;549;561
ENSG00000178229;55;41;36;44;44;30;44;33;95;50;85;28;48;55;25;75;39;56
ENSG00000131845;111;91;75;96;107;97;112;97;170;111;189;57;100;138;45;142;99;99
ENSG00000152433;18;6;13;13;13;16;9;5;16;8;22;2;12;13;3;16;11;13
ENSG00000256060;23;19;7;12;13;13;13;10;31;24;29;5;13;20;5;16;16;16
ENSG00000188785;195;161;128;136;119;145;165;119;256;114;195;57;134;191;68;271;172;171
ENSG00000186272;43;52;43;32;27;48;45;25;69;32;59;23;61;44;20;95;48;60
ENSG00000186230;40;24;16;26;15;29;36;20;34;20;41;11;22;41;14;50;22;42
ENSG00000178201;8;12;5;7;7;10;5;5;14;6;10;2;5;12;5;19;5;8
ENSG00000197128;56;47;64;44;52;37;55;33;70;35;79;26;47;72;30;129;67;81
ENSG00000105136;52;38;30;46;26;40;35;35;70;36;55;31;39;48;20;37;35;38
ENSG00000152439;40;26;22;37;28;36;35;17;47;22;57;20;30;37;10;45;30;43
ENSG00000121406;98;80;68;68;70;85;92;61;135;76;138;35;93;109;49;156;74;99
ENSG00000251369;101;80;64;73;85;61;72;52;138;78;144;52;91;88;50;107;54;73
ENSG00000083817;34;27;34;16;29;23;29;18;37;44;38;25;29;39;11;39;27;42
ENSG00000171649;26;19;17;13;30;12;20;10;22;13;30;11;19;10;5;23;17;17
ENSG00000183647;40;36;25;40;46;32;25;30;64;36;63;22;38;56;33;64;36;44
ENSG00000213762;150;119;76;124;138;113;185;109;205;131;196;62;159;178;60;202;157;163
ENSG00000121417;210;195;130;155;147;132;193;145;311;180;292;124;218;290;95;279;182;224
ENSG00000204519;102;90;60;74;97;83;88;50;121;54;101;40;80;90;50;129;91;83
ENSG00000179909;127;78;64;89;95;74;114;72;180;87;136;53;102;127;53;134;103;113
ENSG00000083814;115;80;81;86;94;72;115;75;189;111;179;51;126;173;80;166;109;137
ENSG00000152443;206;135;120;131;160;174;192;104;276;169;230;97;220;235;104;308;187;257
ENSG00000083828;324;295;205;242;259;214;294;207;450;239;440;163;309;365;178;485;296;266
ENSG00000178935;46;32;29;22;33;46;38;25;54;49;47;12;43;55;13;64;26;47
ENSG00000269343;339;256;249;237;273;225;300;214;434;241;414;181;330;390;169;526;363;372
ENSG00000204514;180;157;113;123;129;117;141;116;257;130;154;69;178;189;85;228;200;177
ENSG00000198466;731;578;475;493;544;491;618;461;1184;533;822;372;695;898;317;988;734;725
ENSG00000173480;314;261;182;236;173;200;210;162;396;199;339;125;248;311;123;325;252;255
ENSG00000196724;67;31;33;23;44;42;36;24;63;38;49;24;45;54;20;45;35;41
ENSG00000152454;19;15;15;19;21;35;18;18;33;16;28;9;18;23;10;26;19;22
ENSG00000166704;143;116;99;96;126;108;131;93;221;127;171;74;97;122;46;143;105;114
ENSG00000121413;35;47;35;37;45;40;40;43;88;43;53;27;19;41;19;31;35;31
ENSG00000181894;26;17;18;24;22;16;16;11;28;14;32;11;28;27;8;34;18;32
ENSG00000171606;335;289;226;219;324;218;321;273;686;358;518;191;313;438;142;481;278;312
ENSG00000198131;55;49;35;37;50;37;34;34;75;35;68;24;37;51;10;58;37;43
ENSG00000278129;192;165;128;119;135;119;140;116;264;178;213;81;128;183;90;226;137;158
ENSG00000182318;73;52;30;35;60;48;67;39;125;66;87;40;82;96;29;98;52;68
ENSG00000121410;24;17;15;13;11;13;13;9;31;15;22;4;18;16;9;22;12;20
ENSG00000174586;6;14;4;4;10;5;6;3;16;9;10;8;9;15;10;23;5;11
ENSG00000083845;174;170;171;174;218;184;156;125;296;183;235;73;236;305;111;288;174;173
ENSG00000171574;50;53;36;43;34;32;56;34;136;54;74;26;72;98;32;74;50;61
ENSG00000131849;39;56;27;34;37;22;35;29;95;46;74;28;51;61;24;49;28;48
ENSG00000249471;53;35;37;37;33;33;42;52;91;61;68;26;51;93;27;82;49;36
ENSG00000083812;91;81;67;54;79;81;104;99;207;115;166;65;135;179;68;132;114;106
ENSG00000083838;60;32;38;32;35;28;27;42;104;36;66;23;54;64;29;76;37;50
ENSG00000083807;11;11;6;7;12;13;14;9;35;11;15;15;24;23;5;18;19;16
ENSG00000119574;89;53;46;24;40;50;44;56;160;83;103;38;60;97;37;72;47;65
ENSG00000130726;821;733;536;544;706;616;825;760;2051;1132;1387;615;1080;1408;536;1287;654;861
ENSG00000130724;151;114;81;104;149;117;198;162;378;238;261;88;216;265;90;255;125;153
ENSG00000130725;96;111;73;70;106;81;97;101;277;122;205;79;123;173;68;164;90;84
ENSG00000099326;477;344;223;238;254;241;352;367;968;457;556;244;465;569;252;519;366;418
ENSG00000196476;24;22;12;17;12;23;31;13;42;30;34;11;29;35;15;28;23;46
ENSG00000247315;91;61;38;50;76;48;68;62;153;81;120;48;64;104;36;102;59;75
ENSG00000177732;48;46;33;41;54;33;22;27;71;34;39;16;25;46;27;37;30;24
ENSG00000125841;23;20;13;23;12;31;12;15;43;16;21;14;17;22;15;19;8;11
ENSG00000101255;19;12;6;12;9;4;28;13;21;27;28;5;30;11;10;12;5;15
ENSG00000125826;377;370;269;262;375;330;343;309;874;475;686;278;382;477;186;408;316;308
ENSG00000125875;370;342;241;288;374;284;334;255;665;364;538;192;379;499;208;519;349;438
ENSG00000101266;870;741;505;633;643;600;820;523;1142;610;1016;362;832;996;384;1353;826;911
ENSG00000125898;418;352;207;272;358;264;320;305;893;389;569;205;291;419;166;409;270;310
ENSG00000125818;440;394;282;314;387;390;450;330;761;441;613;225;497;636;255;724;446;488
ENSG00000101298;19;6;10;9;8;14;8;8;13;11;7;5;13;11;5;10;9;15
ENSG00000125775;7;8;4;7;12;16;14;10;19;7;14;4;11;23;7;11;7;6
ENSG00000088832;639;541;406;521;555;526;477;292;829;458;718;240;528;651;273;956;583;651
ENSG00000088833;580;416;390;396;481;455;588;407;1067;531;728;333;475;546;236;660;419;452
ENSG00000196209;963;863;565;682;809;693;843;645;1594;892;1118;458;681;869;321;1031;657;676
ENSG00000101307;225;151;159;177;246;224;187;142;270;156;273;102;308;351;100;403;248;293
ENSG00000198053;2372;2373;1478;1753;2473;1739;2954;2163;6246;3599;4594;1682;2626;4136;1496;4325;2390;2657
ENSG00000125834;444;409;275;295;393;335;399;323;884;474;656;201;431;564;226;537;349;433
ENSG00000125835;236;198;118;170;187;182;230;155;403;257;377;121;244;298;114;313;202;237
ENSG00000088876;74;57;39;34;52;35;69;46;100;43;87;35;61;81;30;103;59;63
ENSG00000101361;194;151;158;124;161;151;212;154;282;170;261;104;237;298;100;325;186;238
ENSG00000101365;291;273;189;186;246;216;301;271;593;357;496;190;379;473;173;457;306;314
ENSG00000088881;42;32;15;18;27;37;32;23;93;25;42;30;24;29;10;34;17;11
ENSG00000132635;305;234;160;174;249;246;296;254;704;357;450;156;320;411;161;396;214;282
ENSG00000215305;473;339;304;273;380;361;436;382;930;561;696;227;630;745;283;624;393;482
ENSG00000132670;418;368;308;314;401;323;405;264;713;362;519;192;425;507;222;615;385;432
ENSG00000125787;16;8;4;11;11;9;8;21;25;13;23;7;22;21;7;21;17;10
ENSG00000125901;22;13;18;18;13;10;13;15;28;17;21;5;23;27;10;14;19;16
ENSG00000185019;116;100;53;73;85;104;88;71;235;113;158;52;101;146;68;148;81;106
ENSG00000215251;233;199;145;164;226;173;264;148;341;188;314;105;241;262;111;389;238;236
ENSG00000088899;40;23;18;24;32;23;19;23;83;39;42;28;33;49;31;45;20;28
ENSG00000198171;120;109;89;83;123;109;141;120;293;169;271;81;190;242;85;222;152;137
ENSG00000125877;93;65;54;65;74;72;89;65;150;90;94;48;94;131;48;149;65;106
ENSG00000088854;1604;1451;1154;1241;1233;1133;1608;1059;2532;1302;2077;749;1752;1950;901;2664;1581;1707
ENSG00000088812;824;797;558;575;737;608;857;555;1314;855;1261;456;903;1195;468;1356;859;932
ENSG00000088827;45;23;20;31;28;28;21;11;23;12;24;8;35;58;29;63;35;46
ENSG00000101220;53;48;30;24;43;55;17;16;42;15;23;12;14;29;12;42;42;24
ENSG00000125817;166;132;136;124;155;126;196;165;473;256;343;126;186;298;127;267;142;214
ENSG00000101224;612;464;403;403;482;557;455;374;909;481;651;245;730;861;360;880;632;571
ENSG00000125843;120;83;89;60;102;87;119;63;249;111;150;61;124;194;74;170;102;116
ENSG00000088888;1736;1280;1031;1102;1348;1220;1410;1159;2824;1479;2111;854;1842;2118;909;2282;1539;1572
ENSG00000125779;747;502;454;475;584;499;646;480;1152;578;812;328;770;886;339;1115;721;754
ENSG00000101236;1113;888;711;815;941;745;1192;835;2018;1098;1649;574;1523;1750;686;2119;1184;1242
ENSG00000088826;1466;1334;965;980;1200;967;1202;1208;3513;1596;2177;990;773;1110;502;980;629;714
ENSG00000171867;199;197;167;162;247;193;239;166;453;342;472;135;256;397;122;471;234;292
ENSG00000101265;1790;1525;1135;1338;1563;1328;2293;1601;3687;2197;3389;1142;3309;4354;1721;4916;2819;3260
ENSG00000089057;666;550;410;415;517;466;616;442;1016;495;769;269;844;815;369;939;636;716
ENSG00000089063;128;103;67;105;151;115;84;50;142;107;134;57;131;165;65;198;137;138
ENSG00000132646;64;49;23;36;31;41;45;23;58;39;37;26;40;40;16;80;43;52
ENSG00000101290;815;888;675;693;835;644;926;628;1489;819;1186;421;1038;1156;518;1505;878;959
ENSG00000125772;3335;3109;2398;2636;2997;2424;2499;1893;3419;2123;3539;1199;2338;2544;1232;4199;2452;2955
ENSG00000171984;35;14;20;22;17;19;20;15;28;11;16;5;26;22;11;30;21;19
ENSG00000089195;124;105;91;109;132;109;166;107;252;134;249;80;182;331;141;444;290;296
ENSG00000125885;28;27;19;10;34;17;26;16;34;18;37;11;18;32;14;54;32;37
ENSG00000088766;20;9;14;6;8;9;10;6;27;7;21;11;16;19;9;27;19;7
ENSG00000125827;236;244;212;188;235;205;210;142;345;252;373;110;294;397;138;528;276;391
ENSG00000182621;218;192;135;147;171;145;131;100;289;152;214;102;155;258;88;275;219;224
ENSG00000125863;51;64;37;44;44;57;64;23;94;50;81;39;85;98;35;126;61;69
ENSG00000149346;113;111;80;88;92;72;96;72;151;72;114;42;115;137;63;171;121;139
ENSG00000101384;29;27;20;20;26;31;28;23;56;27;46;12;51;40;20;51;30;28
ENSG00000132640;103;114;69;98;101;92;154;90;202;97;164;69;192;204;86;311;188;231
ENSG00000089123;37;49;31;36;37;30;30;25;50;29;43;10;30;40;19;56;44;50
ENSG00000089048;86;96;100;73;84;81;73;54;125;90;115;49;98;139;42;180;129;143
ENSG00000101247;50;54;58;45;53;56;56;45;76;48;64;37;52;68;39;83;82;66
ENSG00000089177;105;91;85;95;112;71;124;55;128;93;119;55;164;152;76;206;157;175
ENSG00000125870;151;148;96;116;130;123;146;93;180;152;194;64;149;174;58;253;137;174
ENSG00000125868;66;56;37;57;62;73;71;46;92;53;89;45;63;70;37;134;89;79
ENSG00000125844;472;394;314;322;446;334;545;501;1280;708;838;341;460;585;230;622;388;405
ENSG00000089006;327;227;213;228;270;200;235;164;347;203;340;124;302;367;147;506;333;336
ENSG00000125871;69;49;65;46;44;48;59;34;63;47;70;21;63;65;25;96;51;74
ENSG00000149474;86;87;49;58;65;61;71;45;99;74;93;55;92;89;37;107;72;92
ENSG00000125846;124;68;48;63;66;62;105;67;156;72;107;50;118;115;63;140;90;105
ENSG00000089091;37;32;27;24;31;25;41;20;36;30;32;14;20;34;18;59;25;44
ENSG00000132664;87;54;51;63;76;57;58;36;90;52;76;36;81;73;40;128;96;93
ENSG00000089050;32;48;20;31;46;47;51;32;78;44;77;20;44;64;27;89;50;72
ENSG00000101310;236;241;181;197;245;228;343;218;521;319;405;167;325;449;178;476;321;339
ENSG00000232388;24;18;12;26;30;17;24;8;35;17;34;8;16;36;15;28;24;26
ENSG00000125821;49;27;30;30;42;41;49;22;69;33;49;25;46;50;12;46;46;44
ENSG00000185052;261;232;152;211;265;215;117;111;238;133;154;88;18;32;11;21;11;28
ENSG00000132669;552;493;329;360;484;364;421;341;759;432;599;229;664;797;353;927;530;593
ENSG00000173418;90;99;84;57;90;90;69;51;131;83;109;41;106;147;44;171;116;144
ENSG00000101343;266;219;185;228;236;222;233;143;304;202;332;116;259;334;131;473;303;334
ENSG00000188559;549;434;410;419;415;436;522;381;823;433;701;234;652;719;342;927;588;632
ENSG00000088970;144;81;112;100;105;118;99;62;143;76;142;44;125;152;57;195;141;142
ENSG00000088930;1068;866;653;759;813;823;834;523;1137;684;1179;396;1171;1349;545;1830;1275;1347
ENSG00000178726;719;848;499;630;968;589;336;327;1078;638;848;252;446;614;275;726;376;544
ENSG00000125810;6520;7221;5023;6123;7785;5985;5920;4516;12929;7454;10975;3726;3253;5331;2004;5750;3357;4212
ENSG00000132661;22;19;10;12;17;12;20;18;37;24;48;17;15;30;8;48;31;29
ENSG00000125812;109;105;88;88;119;119;109;77;155;111;143;62;143;173;61;188;94;112
ENSG00000125814;232;214;199;190;249;211;195;138;254;135;249;98;176;204;98;296;197;247
ENSG00000101439;405;219;337;334;346;365;194;154;337;236;294;93;262;326;140;389;278;270
ENSG00000077984;69;44;57;63;45;75;28;30;50;43;59;23;29;48;21;50;56;36
ENSG00000101474;1038;1057;754;773;1058;800;1255;872;2185;1281;1775;695;1794;2345;909;2392;1351;1551
ENSG00000154930;170;84;109;107;110;140;79;77;133;69;96;50;103;118;46;148;104;86
ENSG00000197586;604;561;396;407;545;429;625;616;1395;673;993;407;814;1077;392;1018;586;657
ENSG00000100994;412;335;248;297;352;325;429;367;914;492;624;279;522;603;268;596;375;488
ENSG00000100997;583;550;385;365;466;336;635;550;1406;721;902;385;729;866;333;951;513;599
ENSG00000170191;39;30;32;15;24;37;33;20;47;32;32;11;38;46;16;44;33;55
ENSG00000130684;313;235;171;191;220;172;234;186;428;246;345;118;225;257;112;329;193;279
ENSG00000101294;489;395;342;285;327;290;519;336;766;459;606;258;428;550;212;609;415;432
ENSG00000101898;97;89;62;81;63;60;121;78;167;113;134;51;95;111;52;140;86;88
ENSG00000171552;181;157;129;147;153;162;180;148;418;203;262;87;160;239;101;262;158;169
ENSG00000088356;41;38;24;18;46;35;47;32;104;49;59;27;40;56;16;61;53;25
ENSG00000101331;96;66;44;38;39;36;59;48;139;94;95;39;9;34;8;26;11;18
ENSG00000101336;3506;2942;2050;2227;2705;2377;3402;2649;7406;3751;5056;2018;2870;4285;1570;3811;2276;2775
ENSG00000101337;928;831;578;717;810;761;817;658;1635;903;1192;512;906;1105;482;1044;749;774
ENSG00000126003;464;421;294;321;381;385;441;292;856;434;534;235;339;551;218;505;417;348
ENSG00000101346;127;119;101;114;122;127;106;85;208;127;124;67;102;144;59;147;115;122
ENSG00000101350;365;361;282;291;325;303;354;249;654;339;573;254;361;492;176;555;309;384
ENSG00000171456;1168;858;671;738;829;722;1031;767;1865;1034;1537;592;1092;1368;550;1404;905;1006
ENSG00000197183;668;603;451;467;592;518;572;468;1216;643;771;342;375;562;197;548;451;477
ENSG00000149600;53;31;30;51;30;47;43;22;63;44;39;18;61;71;26;100;56;52
ENSG00000101367;644;605;432;453;544;546;650;372;998;615;946;331;773;991;396;1398;818;941
ENSG00000215529;42;18;19;24;31;18;31;26;61;28;41;10;52;49;21;52;27;33
ENSG00000101391;256;241;197;173;224;186;238;211;435;216;372;132;318;342;158;399;284;312
ENSG00000101400;35;24;16;27;28;24;49;33;82;53;61;21;32;45;13;39;17;22
ENSG00000078699;446;341;304;276;377;305;364;261;772;402;562;183;413;494;187;523;362;380
ENSG00000125967;52;23;28;22;30;26;20;15;51;29;26;11;26;37;15;46;24;16
ENSG00000101417;32;20;23;28;23;31;21;21;41;11;18;11;19;26;14;31;23;26
ENSG00000131061;79;69;42;56;66;61;83;51;190;90;120;43;112;137;58;128;67;82
ENSG00000101421;329;305;247;293;302;257;474;342;941;550;735;258;377;594;223;638;294;362
ENSG00000125970;988;842;606;604;821;728;763;648;1728;942;1211;464;954;1214;486;1218;813;843
ENSG00000125977;97;93;54;103;121;92;123;78;155;74;159;47;134;139;57;160;102;152
ENSG00000101444;51;35;30;33;52;39;36;39;95;36;61;17;73;94;33;85;61;66
ENSG00000078747;267;261;197;201;270;260;222;145;297;197;291;102;260;331;118;493;303;328
ENSG00000125971;42;44;14;23;40;31;44;24;53;32;45;15;37;64;25;46;38;34
ENSG00000101460;160;137;98;83;153;93;152;144;470;233;271;81;20;63;25;31;27;36
ENSG00000101464;42;34;41;34;32;36;34;26;62;28;56;9;42;56;28;64;43;55
ENSG00000198646;703;630;380;455;640;568;602;433;1141;657;896;301;663;879;352;955;660;830
ENSG00000078804;493;529;271;340;480;334;499;391;1213;668;745;280;536;632;258;697;387;472
ENSG00000131067;321;317;225;201;294;202;261;255;754;350;455;172;252;330;165;351;246;233
ENSG00000131069;487;431;276;337;420;360;460;288;768;401;712;254;776;887;333;1007;605;624
ENSG00000100983;119;86;81;85;106;87;128;100;257;114;168;66;163;215;81;237;141;157
ENSG00000100991;1403;1135;902;877;1113;863;1282;956;2417;1245;1861;698;1184;1491;643;1552;1092;1159
ENSG00000088298;282;289;209;210;285;202;307;240;593;327;501;169;253;353;143;343;229;265
ENSG00000101000;45;42;20;26;34;23;24;10;69;42;56;19;13;30;6;30;16;19
ENSG00000126005;403;367;185;235;292;274;344;345;957;501;591;262;348;591;204;502;295;359
ENSG00000242372;105;130;105;91;141;92;128;115;335;185;224;111;221;250;92;245;129;154
ENSG00000101019;298;257;224;220;249;195;242;168;447;222;310;148;305;361;160;409;287;368
ENSG00000126001;448;369;345;372;370;325;395;347;757;379;606;250;387;448;163;493;306;322
ENSG00000125991;265;228;179;203;271;209;332;229;696;342;543;188;358;491;190;429;245;282
ENSG00000061656;108;90;65;56;63;77;98;91;221;138;184;72;59;93;52;78;51;67
ENSG00000214078;687;510;396;441;491;437;583;479;1183;619;857;374;794;968;419;961;567;628
ENSG00000244462;1133;1039;776;857;958;828;909;644;1454;729;1291;489;962;1157;481;1656;1023;1078
ENSG00000244005;88;88;66;91;84;74;90;73;156;71;128;53;91;113;39;155;114;97
ENSG00000125995;19;17;13;15;19;13;23;9;44;27;22;17;19;29;11;18;13;16
ENSG00000131051;2657;2426;1873;1951;2308;1925;2252;1680;3607;2255;3273;1201;2589;3059;1256;3869;2737;2936
ENSG00000025293;430;317;266;309;397;298;371;286;597;324;567;223;375;480;202;604;404;395
ENSG00000171222;28;40;27;17;35;45;51;30;164;79;98;28;52;80;33;59;31;42
ENSG00000131043;120;66;49;51;69;70;102;59;154;110;149;53;116;119;54;105;100;97
ENSG00000080845;559;502;348;328;465;376;531;500;1607;718;907;352;489;699;289;671;432;496
ENSG00000101335;24;15;15;30;18;20;12;11;14;8;15;7;12;8;4;15;17;15
ENSG00000118707;255;211;173;170;250;198;325;223;567;318;488;168;215;259;105;246;187;207
ENSG00000101084;34;24;20;20;27;25;25;21;65;24;33;12;25;37;21;36;40;27
ENSG00000101082;83;65;61;70;63;91;30;23;87;35;40;15;51;29;17;41;48;50
ENSG00000101079;117;118;83;100;131;99;99;65;143;86;116;46;108;120;36;176;97;101
ENSG00000149636;69;57;32;53;34;47;48;31;76;52;78;16;70;92;35;86;54;79
ENSG00000149639;825;701;508;605;809;646;809;637;1850;897;1245;479;784;963;399;1106;594;653
ENSG00000101347;2718;2263;1693;1841;2148;1966;1718;1093;2774;1688;2316;926;3046;3753;1481;4539;2736;3037
ENSG00000080839;167;200;140;157;197;160;143;91;196;125;175;60;150;140;87;230;152;141
ENSG00000118705;382;309;272;283;293;276;392;294;709;406;589;189;472;623;247;657;443;468
ENSG00000101363;666;620;430;488;567;495;968;799;1983;1003;1411;532;666;940;316;1057;712;717
ENSG00000197122;4990;4433;3043;3241;4083;3600;6971;6460;17362;8591;10878;4352;3648;5881;2155;5267;3307;3569
ENSG00000166619;501;447;292;374;411;343;516;382;1047;554;761;280;475;601;251;705;426;439
ENSG00000132792;391;301;228;253;326;283;351;293;576;316;519;186;395;480;197;469;307;404
ENSG00000101407;317;273;210;270;277;265;320;238;604;319;393;150;398;427;204;515;368;376
ENSG00000101413;305;266;195;208;255;246;302;244;542;304;415;164;311;387;157;435;270;358
ENSG00000198959;633;711;399;505;717;531;618;426;1831;892;1110;489;258;441;195;442;232;297
ENSG00000170471;1114;1028;719;735;1010;787;1051;576;1498;816;1364;482;1169;1343;573;1710;1206;1211
ENSG00000101442;108;98;72;77;75;91;107;78;159;76;151;45;128;146;56;169;107;117
ENSG00000101445;257;188;165;187;216;154;251;129;395;183;232;102;222;262;97;236;197;187
ENSG00000101452;116;100;79;95;117;81;120;91;174;74;134;57;127;163;62;154;125;126
ENSG00000204103;1008;1017;594;652;1054;734;710;484;1614;1042;1228;441;2265;3094;1131;3397;1852;2106
ENSG00000198900;855;724;504;560;714;594;614;425;1044;613;912;323;755;849;368;1206;743;869
ENSG00000124181;283;121;208;232;215;250;108;94;185;113;153;47;162;132;79;186;176;162
ENSG00000174306;71;56;49;41;49;59;49;32;78;40;49;23;101;96;39;115;63;67
ENSG00000124177;717;591;461;553;621;584;663;438;1118;614;954;345;704;896;324;1081;668;741
ENSG00000124193;1175;1004;669;787;924;815;936;636;1427;854;1331;444;1169;1337;558;1794;1136;1342
ENSG00000185513;53;48;42;35;42;46;55;29;101;53;59;26;77;110;47;93;48;68
ENSG00000101052;52;46;38;51;41;45;38;31;57;43;67;23;61;68;27;93;54;65
ENSG00000132823;417;381;255;334;404;267;375;276;619;317;576;187;449;513;237;647;471;469
ENSG00000197296;28;36;26;32;39;32;45;35;37;26;27;14;38;44;22;45;34;40
ENSG00000124120;112;112;81;83;112;77;102;59;157;97;137;65;113;159;71;183;131;115
ENSG00000132824;1193;1310;904;1091;1315;1158;1293;858;2044;1385;1943;728;1547;1909;763;2404;1383;1572
ENSG00000168734;21;14;11;6;12;9;15;9;22;14;14;6;15;10;4;18;10;7
ENSG00000196839;147;70;72;58;71;85;59;44;94;47;50;28;105;118;43;98;69;72
ENSG00000166913;915;881;726;860;1004;884;908;565;1371;849;1368;386;1073;1281;503;1803;1005;1180
ENSG00000101104;74;74;49;46;58;64;56;57;155;76;101;36;84;103;48;109;88;78
ENSG00000025772;56;35;34;32;41;44;96;81;174;85;139;54;60;81;24;113;55;67
ENSG00000101109;2328;1928;1580;1731;2001;1828;2064;1327;3344;1822;2951;1057;2525;2776;1174;3610;2429;2750
ENSG00000124145;326;466;272;341;533;298;580;456;1285;718;1217;450;506;824;289;816;410;481
ENSG00000204070;311;229;159;191;212;223;246;180;490;267;367;128;319;350;154;445;271;330
ENSG00000244274;56;62;30;38;65;55;66;49;132;80;94;35;73;119;34;110;78;87
ENSG00000124155;198;156;133;137;178;155;173;142;411;207;277;116;198;294;113;316;192;196
ENSG00000101457;111;85;60;70;94;84;121;89;240;133;182;57;164;183;61;190;143;120
ENSG00000124104;61;39;28;46;46;31;28;40;89;41;37;20;29;30;13;25;26;25
ENSG00000101473;98;62;58;51;61;64;70;50;136;58;91;45;83;97;36;107;86;89
ENSG00000132801;12;5;15;10;12;17;10;10;29;17;16;6;21;19;9;25;11;18
ENSG00000168612;54;68;32;30;64;42;43;48;99;70;73;27;66;82;31;74;52;44
ENSG00000064601;622;519;471;423;557;463;460;387;932;567;712;289;689;729;283;829;485;492
ENSG00000100979;11;11;7;7;11;8;9;12;22;16;13;3;10;8;7;10;8;7
ENSG00000100982;299;255;190;221;217;235;290;234;664;346;426;154;354;394;195;406;269;291
ENSG00000198026;616;442;306;366;457;432;461;494;1174;560;710;317;617;799;330;748;525;552
ENSG00000100985;3273;3245;1681;1729;2941;2251;12117;9869;32138;18785;19565;7434;5744;14395;3692;11447;6224;6213
ENSG00000124160;310;302;214;203;316;252;353;268;601;337;487;201;424;499;214;505;311;357
ENSG00000101017;68;61;54;50;64;34;94;85;223;97;162;61;83;107;42;88;56;69
ENSG00000080189;494;371;360;286;400;354;385;325;818;446;546;206;475;549;211;612;392;488
ENSG00000062598;268;251;191;185;197;177;271;184;478;260;351;125;252;363;107;351;244;247
ENSG00000172315;54;32;36;28;46;43;39;17;58;28;46;12;45;59;23;75;32;52
ENSG00000101040;1475;1310;952;1086;1261;951;1263;985;2320;1157;1611;688;1012;1441;567;1588;988;1136
ENSG00000124151;1621;1628;1198;1312;1566;1379;1607;965;2141;1315;2028;716;1926;2323;973;3180;2068;2273
ENSG00000196562;2786;2454;1643;2158;2730;2232;3296;3040;7200;4439;5760;2020;3334;4266;1708;4238;2486;2853
ENSG00000124126;4009;3255;2507;2586;3357;2777;3350;2789;7806;3936;5421;2281;5088;6379;2446;5815;3709;3978
ENSG00000124198;766;669;526;615;625;628;800;552;1303;609;1045;383;951;1141;485;1377;863;1047
ENSG00000124207;453;367;269;352;320;317;377;266;525;282;506;216;446;521;201;759;423;526
ENSG00000124214;548;500;262;410;456;413;562;396;968;554;769;281;519;701;267;817;497;573
ENSG00000124228;253;210;177;166;239;202;240;196;476;276;352;148;284;381;149;409;258;325
ENSG00000124201;716;600;513;522;678;580;872;644;1618;891;1234;439;642;843;325;909;662;672
ENSG00000158470;655;726;501;503;661;577;1019;745;1791;981;1269;463;693;917;411;1110;702;733
ENSG00000197818;767;672;454;522;631;456;740;592;1590;786;1003;386;627;816;354;869;616;669
ENSG00000158480;80;66;33;55;87;69;87;60;159;105;106;58;104;124;50;125;69;91
ENSG00000124226;372;332;248;319;323;337;368;273;579;356;537;204;497;558;257;664;449;474
ENSG00000124216;158;154;70;91;130;93;71;69;195;139;137;71;18;16;5;18;23;10
ENSG00000244687;68;57;36;37;45;53;52;29;83;49;52;21;44;58;29;78;53;57
ENSG00000240849;585;562;366;408;539;433;670;487;1397;751;961;407;269;484;180;517;276;362
ENSG00000172216;1015;1074;659;686;1087;810;1034;936;2734;1678;1979;726;1021;1539;565;1555;961;965
ENSG00000196396;1815;1577;1218;1349;1648;1185;2240;1679;4265;2195;3028;1192;1151;1810;711;2059;1367;1350
ENSG00000042062;19;12;6;8;6;7;18;19;46;23;24;14;16;7;3;9;6;20
ENSG00000101126;903;829;595;691;720;671;761;485;1207;688;1049;349;837;1009;424;1323;801;843
ENSG00000000419;174;154;114;114;158;153;120;85;175;99;174;66;163;161;58;243;160;175
ENSG00000124217;44;49;28;40;32;35;46;33;80;49;71;18;44;62;18;71;37;47
ENSG00000101096;243;145;193;219;205;223;109;64;154;89;115;44;155;133;68;183;147;141
ENSG00000054793;19;15;22;26;15;18;17;11;36;12;22;11;19;12;7;22;19;13
ENSG00000020256;44;39;20;23;26;41;42;15;46;24;40;16;41;45;19;52;30;34
ENSG00000182463;42;15;31;23;28;29;7;9;24;11;22;11;22;24;6;28;28;19
ENSG00000171940;2001;1946;1344;1582;1971;1633;1984;1224;3087;1887;2870;1023;2391;3147;1222;3780;2265;2587
ENSG00000101132;14;8;9;12;18;20;12;11;13;12;22;8;16;25;5;26;18;14
ENSG00000124098;65;76;51;75;61;75;64;44;109;75;96;39;76;91;38;126;81;81
ENSG00000087586;18;21;8;14;27;16;11;8;24;20;28;6;27;37;9;34;25;16
ENSG00000101138;118;119;112;79;113;71;146;109;228;133;223;76;180;225;92;266;156;173
ENSG00000087589;146;77;57;71;99;99;58;58;143;66;97;33;162;244;93;247;150;150
ENSG00000022277;370;381;289;296;370;307;417;298;775;428;687;243;508;623;233;704;451;499
ENSG00000124103;19;15;6;10;17;12;13;15;20;16;17;14;19;17;3;29;20;13
ENSG00000101146;174;143;93;138;132;175;167;118;297;153;220;73;177;229;76;240;157;157
ENSG00000132819;168;115;105;141;126;146;90;66;151;72;92;42;126;98;55;134;116;116
ENSG00000124256;25;28;21;21;25;39;12;12;20;15;18;10;17;28;8;33;26;31
ENSG00000124225;916;946;628;764;991;722;1059;970;2889;1551;2260;890;306;570;200;596;369;430
ENSG00000124209;291;297;213;271;336;227;285;187;375;232;390;129;284;371;173;482;310;350
ENSG00000124164;419;353;278;263;304;271;356;246;618;292;486;206;328;418;160;501;342;399
ENSG00000124222;990;764;623;700;844;676;758;613;1329;752;1239;401;797;925;388;1171;757;833
ENSG00000254995;29;28;24;18;22;14;20;9;35;21;40;14;24;28;13;28;30;25
ENSG00000215440;88;66;50;62;63;83;56;72;151;82;125;50;113;91;44;115;95;66
ENSG00000087460;1303;1143;917;970;1159;1127;1279;1046;2687;1617;2169;745;1577;2097;835;2178;1297;1385
ENSG00000101158;355;274;255;209;282;296;312;241;556;306;395;153;401;456;204;469;310;332
ENSG00000101160;2036;1597;1028;1173;1588;1379;2229;1813;4743;2713;3635;1360;2337;3623;1304;3648;1806;2526
ENSG00000101162;264;138;224;222;208;272;91;66;112;62;114;32;106;105;69;181;185;172
ENSG00000124172;119;123;103;94;115;117;91;65;129;80;123;47;123;136;72;214;115;161
ENSG00000101166;126;131;83;74;129;109;117;62;167;93;192;54;112;168;53;238;145;133
ENSG00000124203;123;78;122;97;133;156;62;44;86;40;63;22;85;63;33;121;89;81
ENSG00000196074;29;16;12;19;25;33;11;8;16;6;13;4;18;11;5;28;22;17
ENSG00000196227;60;50;47;44;66;59;43;19;48;28;60;19;59;59;20;86;58;66
ENSG00000132825;57;52;34;59;47;37;64;37;104;45;83;26;50;55;24;81;47;47
ENSG00000124215;10;17;8;4;11;5;10;4;9;6;8;6;9;14;5;16;6;10
ENSG00000130699;181;168;158;129;176;147;173;128;384;185;261;90;186;226;121;279;191;217
ENSG00000149657;392;313;269;284;311;309;387;328;794;381;533;222;433;553;237;545;354;436
ENSG00000101182;185;190;159;149;236;191;195;162;482;269;328;113;245;352;138;363;203;216
ENSG00000184402;308;262;188;212;248;217;270;237;595;235;419;159;304;380;143;384;262;296
ENSG00000101181;169;130;89;89;122;103;164;122;325;143;224;108;201;218;89;190;133;133
ENSG00000130703;461;396;273;334;440;353;426;376;868;442;699;260;485;608;302;687;458;499
ENSG00000130706;176;142;103;109;174;101;184;176;574;300;322;109;217;309;95;257;188;178
ENSG00000130702;28;12;6;14;16;23;24;23;53;26;30;15;16;21;10;22;17;8
ENSG00000171858;84;47;75;63;68;72;55;58;113;66;86;37;64;95;36;101;62;59
ENSG00000149679;87;67;50;53;64;44;86;65;184;103;139;49;90;104;51;129;97;87
ENSG00000101187;215;157;107;137;146;156;300;334;729;401;520;181;269;310;116;257;178;175
ENSG00000101188;17;8;13;21;16;24;27;15;32;32;41;12;22;28;10;25;13;11
ENSG00000101189;168;125;109;110;123;105;160;131;304;179;294;89;176;202;82;224;121;138
ENSG00000060491;782;643;450;517;674;602;699;730;1852;921;1304;470;580;790;332;781;468;509
ENSG00000101190;41;43;36;45;46;26;40;22;60;22;37;19;40;53;17;52;41;35
ENSG00000101191;1223;979;709;733;995;915;1090;916;2155;1031;1546;630;1127;1430;616;1566;1073;1136
ENSG00000101193;317;262;199;244;328;274;345;274;639;356;513;180;393;471;231;622;272;394
ENSG00000101194;273;240;162;128;225;159;257;206;625;286;406;146;351;410;178;344;244;237
ENSG00000149658;299;257;176;224;253;219;239;228;532;294;419;142;354;419;137;447;260;331
ENSG00000101199;886;718;511;596;815;610;964;882;2251;1177;1454;663;1028;1377;548;1213;791;886
ENSG00000125534;254;214;158;167;161;212;191;155;420;247;267;101;186;259;89;236;175;196
ENSG00000101213;21;18;27;10;20;11;23;22;41;25;35;12;15;16;4;13;6;12
ENSG00000130589;243;194;152;164;203;257;176;145;467;263;342;127;149;218;90;217;141;130
ENSG00000101216;246;211;118;160;208;200;254;235;599;272;401;173;337;370;144;387;248;234
ENSG00000197457;69;40;62;52;43;50;28;25;52;28;45;14;46;33;23;37;41;42
ENSG00000258366;90;69;58;59;60;60;93;94;228;98;152;65;123;164;47;117;80;90
ENSG00000101246;432;371;310;290;439;312;519;467;1184;568;770;305;535;683;260;621;447;383
ENSG00000197114;37;31;15;18;29;17;29;47;122;48;60;22;43;56;21;43;25;35
ENSG00000125520;116;79;85;60;90;85;68;64;203;97;125;36;65;90;41;89;66;67
ENSG00000130584;65;61;52;33;54;35;116;106;271;120;162;63;57;145;38;104;96;78
ENSG00000101150;733;590;487;470;633;427;652;501;1338;662;919;333;888;1103;442;1194;758;744
ENSG00000101152;2466;2097;1583;1788;2205;1627;2772;2337;6368;2923;4270;1756;2761;3769;1519;3566;2241;2344
ENSG00000198276;139;106;111;81;139;106;116;118;320;140;152;75;166;172;54;144;126;99
ENSG00000196700;141;96;76;86;80;95;87;73;198;102;144;45;96;130;50;129;92;111
ENSG00000130590;17;5;11;19;15;26;7;7;23;8;16;3;8;17;5;12;12;9
ENSG00000101161;442;352;317;340;407;382;503;461;1019;540;816;280;523;715;253;751;432;504
ENSG00000196421;10;12;4;6;8;9;14;12;25;15;16;4;9;11;6;21;11;11
ENSG00000171703;42;46;48;39;40;31;68;51;146;83;93;44;63;58;26;52;63;29
ENSG00000171700;210;208;154;154;239;197;150;134;351;207;269;82;212;280;130;287;188;173
ENSG00000125510;34;44;38;20;39;26;28;35;74;32;48;31;32;52;24;47;20;21
ENSG00000203880;534;571;396;473;471;383;451;316;635;313;556;216;577;641;272;899;594;671
ENSG00000155304;133;145;120;106;160;117;177;92;212;146;274;92;143;174;60;254;181;186
ENSG00000155307;660;592;433;483;573;552;443;321;660;381;646;225;384;476;159;684;403;430
ENSG00000180530;539;539;303;397;550;468;499;295;696;436;694;265;477;600;246;884;518;649
ENSG00000155313;806;829;626;701;756;732;649;417;890;483;837;323;748;873;389;1340;893;1019
ENSG00000154640;256;276;189;203;232;200;296;148;388;237;361;120;215;295;123;422;277;320
ENSG00000154642;112;71;78;66;100;71;73;37;73;54;85;27;102;129;50;178;130;126
ENSG00000154719;58;57;22;41;63;56;42;29;56;31;51;21;35;57;28;75;60;60
ENSG00000154723;37;46;23;22;32;30;36;11;54;16;47;19;28;35;18;44;21;39
ENSG00000154727;227;265;193;250;253;205;227;143;310;243;325;123;243;295;118;405;277;309
ENSG00000142192;717;805;525;788;958;744;1011;807;2141;1270;1785;585;1116;1803;601;1821;1045;1134
ENSG00000156239;17;18;28;26;30;21;19;9;21;13;18;9;39;36;12;29;16;31
ENSG00000198862;740;721;549;601;686;575;642;382;745;449;807;329;639;755;371;1180;790;831
ENSG00000156256;424;388;323;340;402;307;390;257;543;315;577;187;478;565;238;854;556;534
ENSG00000156261;279;260;232;266;255;236;250;165;400;243;455;126;394;510;218;662;362;417
ENSG00000156265;305;293;194;292;256;252;341;200;460;238;364;138;736;654;262;828;478;569
ENSG00000156273;4289;4207;2981;3524;3950;3614;4313;2836;6079;3482;5963;2170;6273;7714;3203;9416;5975;6902
ENSG00000156299;429;348;274;282;396;311;612;399;992;506;683;244;1223;1460;609;1476;979;1135
ENSG00000142168;74;80;59;89;89;66;75;51;116;87;93;26;95;105;56;108;64;79
ENSG00000156304;511;474;312;377;482;390;475;339;853;493;650;233;440;603;271;694;523;583
ENSG00000159055;18;20;10;9;31;15;24;20;31;29;34;15;26;27;10;35;24;14
ENSG00000142207;213;144;100;141;128;141;186;125;259;144;198;83;165;229;121;218;155;162
ENSG00000159079;43;28;24;28;31;36;31;34;40;26;53;14;37;48;22;47;33;45
ENSG00000159082;573;478;418;445;501;438;449;311;600;394;659;234;635;663;288;1006;623;699
ENSG00000159086;496;396;322;358;428;355;381;252;578;309;516;159;506;496;278;800;582;595
ENSG00000184221;18;12;24;19;22;32;9;4;15;4;13;2;4;19;4;12;8;9
ENSG00000159110;1175;1090;739;835;973;942;1513;1150;2654;1371;2243;826;1083;1428;593;1577;920;1143
ENSG00000243646;206;201;134;123;203;161;271;233;592;327;392;147;209;287;116;337;182;207
ENSG00000142166;1293;1441;1088;1254;1393;1102;1849;1050;2620;1708;2571;846;1691;2201;872;3049;1682;2002
ENSG00000159128;1376;1312;830;1075;1272;937;1875;1288;3431;1885;2513;911;1909;2597;1029;2933;1612;1946
ENSG00000142188;204;184;126;156;208;156;171;125;275;171;270;99;167;227;90;321;237;203
ENSG00000159131;115;78;75;100;89;114;121;75;163;100;159;66;146;170;66;253;141;150
ENSG00000159140;3508;3033;2202;2491;3098;2737;3216;2283;5243;3209;5007;1758;3703;4863;1919;5711;3587;4082
ENSG00000159147;40;28;22;20;35;35;36;21;46;37;58;25;43;53;18;67;44;46
ENSG00000205758;158;155;107;122;149;126;142;95;186;97;189;61;201;190;72;252;147;174
ENSG00000205726;372;322;239;250;298;292;241;173;450;237;366;140;279;327;148;409;211;292
ENSG00000241837;22;29;14;30;31;23;30;20;26;14;43;12;29;39;11;40;24;31
ENSG00000198743;1849;1427;1072;1195;1365;1349;1575;892;1765;1145;2064;796;2903;3025;1381;4935;3664;3316
ENSG00000159200;51;22;18;27;47;39;36;18;58;27;53;18;49;38;14;71;34;54
ENSG00000159216;2769;2479;1717;2004;2495;2071;2674;2175;5680;2909;3994;1591;1465;2203;851;2510;1738;2045
ENSG00000185917;170;127;91;115;107;89;143;96;238;103;161;64;161;164;65;206;117;122
ENSG00000159228;16;20;11;10;13;12;11;3;15;10;21;8;18;14;9;21;14;19
ENSG00000142197;281;234;167;191;219;220;218;168;425;237;294;137;494;534;203;630;404;445
ENSG00000159256;767;742;540;587;725;570;716;420;1027;597;962;323;692;902;365;1285;807;888
ENSG00000159259;37;22;14;17;24;10;29;21;54;29;49;22;29;36;17;61;29;37
ENSG00000159267;138;107;102;78;90;104;72;65;205;90;144;45;118;122;55;176;117;110
ENSG00000185808;23;33;13;31;36;20;20;18;53;33;37;13;22;42;14;44;34;39
ENSG00000182670;1336;1369;1018;1122;1255;1181;1266;892;1826;1086;1866;650;1281;1575;685;2146;1454;1626
ENSG00000157538;314;289;193;256;276;293;288;204;561;279;404;148;352;381;172;535;271;359
ENSG00000157540;2101;1717;1421;1310;1601;1445;1759;1308;2822;1611;2367;965;1996;2419;962;3055;1996;2112
ENSG00000157551;494;504;312;394;581;375;665;428;1221;710;1063;304;1100;1417;565;1586;967;1052
ENSG00000157557;2375;2121;1635;1903;2113;1806;2307;1920;4326;2280;3713;1342;2127;2972;1141;3588;1977;2437
ENSG00000183527;82;94;69;65;88;71;60;59;116;60;67;34;63;58;38;107;74;82
ENSG00000185658;4016;3318;2624;2731;2956;2776;2874;1909;3811;2149;3947;1450;2861;3497;1499;5033;3535;3618
ENSG00000205581;344;370;251;339;402;293;351;267;612;419;570;169;285;452;147;555;336;379
ENSG00000182093;55;55;42;56;56;49;54;37;77;40;75;25;66;62;28;103;58;74
ENSG00000183486;239;181;180;183;228;191;111;83;203;105;152;63;133;203;77;272;191;192
ENSG00000157601;78;69;70;84;69;76;30;12;50;30;33;20;67;55;31;82;75;61
ENSG00000141956;227;202;134;170;185;148;251;184;524;234;295;127;213;286;121;276;188;237
ENSG00000157617;109;65;82;78;85;71;116;73;180;87;137;54;132;162;50;179;149;143
ENSG00000173276;237;208;156;183;236;180;263;170;410;264;414;127;290;363;162;463;286;321
ENSG00000160179;5239;4558;3201;3523;4606;3473;4897;4163;11302;5350;7650;3337;2376;3368;1359;3488;2010;2485
ENSG00000160185;46;25;43;40;33;36;10;14;20;18;31;7;26;23;18;27;27;30
ENSG00000160190;91;58;80;62;75;74;123;89;237;107;148;80;83;114;50;98;84;89
ENSG00000160193;94;64;45;42;47;46;57;72;135;60;81;39;100;121;60;111;75;80
ENSG00000160194;256;172;154;137;174;164;184;160;316;179;265;104;301;338;156;374;209;262
ENSG00000160199;192;143;136;129;164;117;196;122;251;146;246;96;185;259;96;285;193;229
ENSG00000160201;26;13;22;9;11;21;10;8;18;8;6;6;19;7;5;25;5;18
ENSG00000142178;36;44;34;27;25;44;79;72;176;85;125;36;9;28;15;20;21;25
ENSG00000160208;136;120;110;140;126;161;143;88;276;127;202;73;135;202;82;215;127;169
ENSG00000160209;2927;2659;1971;1938;2456;1976;3668;3147;8511;4156;5746;2382;2848;4008;1600;3969;2427;2697
ENSG00000160213;433;456;292;277;457;323;708;444;1411;920;980;322;442;577;211;549;292;370
ENSG00000160214;220;182;155;131;177;138;311;260;582;262;415;148;215;288;124;268;155;176
ENSG00000160216;524;439;377;370;419;410;579;460;1071;628;811;306;554;726;286;758;475;489
ENSG00000160218;876;712;494;584;711;661;806;596;1516;718;1054;400;823;1013;438;1217;913;864
ENSG00000160223;14;11;7;3;9;14;26;22;36;24;37;15;24;21;7;31;14;8
ENSG00000141959;1295;957;793;787;1137;884;1406;1402;3657;1857;2251;954;1192;1735;634;1380;885;1041
ENSG00000160226;123;96;83;70;123;63;129;92;308;124;208;67;152;174;81;185;69;114
ENSG00000142185;1337;1078;756;769;1063;839;1180;1072;2544;1307;1453;771;561;868;273;692;493;515
ENSG00000160233;130;124;79;76;97;81;125;103;310;173;229;78;99;140;72;160;94;95
ENSG00000184787;219;196;177;162;230;199;221;177;382;236;327;114;292;343;126;405;254;360
ENSG00000184900;344;398;210;299;391;303;455;313;821;522;706;243;498;721;241;843;478;466
ENSG00000183255;2544;2406;1701;2017;2477;1880;3693;3295;6769;3958;5535;2065;3890;4280;1857;4578;2797;2936
ENSG00000160255;4244;3873;2994;3111;4239;3698;5498;4777;14308;7525;9931;3516;7282;10839;4129;9500;5486;6266
ENSG00000160256;47;44;29;28;49;42;49;67;141;56;85;33;69;74;37;83;48;50
ENSG00000197381;742;613;420;479;597;517;551;356;1041;534;804;309;384;562;219;538;404;406
ENSG00000186866;615;533;380;351;531;410;582;592;1274;648;921;386;696;762;345;750;482;556
ENSG00000182871;39;23;22;13;27;29;24;12;23;9;29;8;15;28;10;20;18;18
ENSG00000173638;151;96;91;81;141;112;85;106;308;163;163;71;246;280;103;260;196;186
ENSG00000183570;47;31;20;32;18;29;31;18;82;21;32;26;28;44;20;37;15;13
ENSG00000142173;39;7;29;27;29;34;20;15;34;20;27;5;16;16;10;20;24;30
ENSG00000160285;682;556;439;426;537;443;806;695;1661;797;1148;458;591;710;309;619;393;442
ENSG00000160294;1498;1180;954;973;1096;981;1387;1087;2732;1490;2116;798;1543;1948;819;2174;1377;1448
ENSG00000182362;15;17;11;19;8;24;8;11;23;13;21;8;13;17;11;17;14;17
ENSG00000160298;18;14;22;10;14;10;11;6;25;9;11;9;17;21;9;25;10;21
ENSG00000160299;686;452;369;456;588;478;571;521;1239;676;869;349;833;960;395;1059;629;763
ENSG00000160305;1495;1309;975;1052;1263;1081;1259;1129;2716;1279;1992;764;1395;1720;734;1788;1150;1336
ENSG00000160310;778;624;461;532;595;564;664;590;1435;657;976;380;828;941;382;1095;633;738
ENSG00000177663;1767;1356;1069;1144;1401;1295;1654;1364;3553;1912;2470;1007;2171;2968;1098;3109;1856;2089
ENSG00000183307;32;28;22;15;16;14;20;23;50;30;35;8;38;56;19;50;33;52
ENSG00000069998;227;191;116;171;174;130;225;202;507;254;375;136;251;316;122;316;204;247
ENSG00000093072;928;594;657;671;716;781;639;408;949;602;746;229;998;1172;511;1597;938;1027
ENSG00000131100;238;233;154;208;260;220;261;200;523;341;484;171;309;401;147;462;229;271
ENSG00000099968;204;195;124;159;193;213;207;133;373;240;302;134;278;352;143;398;232;291
ENSG00000015475;357;293;240;211;259;242;377;339;832;442;612;233;264;427;164;469;259;318
ENSG00000243156;113;46;68;43;66;66;69;47;142;56;90;39;79;56;40;107;64;80
ENSG00000215193;544;475;385;323;476;414;436;333;897;465;634;237;543;673;281;744;512;625
ENSG00000183785;12;17;12;7;11;16;11;6;33;18;16;9;10;20;5;8;8;11
ENSG00000278558;5;7;7;7;9;7;13;11;28;15;8;5;21;16;4;12;4;9
ENSG00000070413;715;657;422;492;600;540;652;502;1611;837;1071;393;760;1059;399;946;592;615
ENSG00000100056;149;117;76;85;144;110;142;140;378;158;235;82;176;251;112;206;125;155
ENSG00000100075;144;176;103;97;193;147;152;165;489;226;385;115;220;297;91;251;166;170
ENSG00000070371;46;55;46;40;53;44;36;35;76;46;35;24;35;48;17;68;41;54
ENSG00000100084;269;206;177;192;273;192;241;154;462;221;298;153;321;333;164;413;251;247
ENSG00000242259;95;77;77;66;98;90;101;95;211;105;132;63;108;175;66;166;139;123
ENSG00000185608;15;11;8;3;21;12;9;7;18;6;23;2;14;14;11;16;4;11
ENSG00000070010;170;143;96;86;112;98;126;115;281;158;186;81;132;197;72;192;108;138
ENSG00000185838;32;21;12;14;9;21;12;20;53;13;28;13;26;29;10;37;20;15
ENSG00000215012;202;141;90;107;153;127;123;106;255;127;188;70;188;231;65;203;118;128
ENSG00000184470;245;185;170;153;200;147;256;217;447;233;362;176;304;358;164;365;240;300
ENSG00000093010;210;159;126;157;186;165;198;166;465;258;325;126;280;352;137;374;215;259
ENSG00000099889;58;28;19;9;22;37;31;42;89;32;55;16;42;67;22;56;48;22
ENSG00000183597;354;329;229;229;288;252;313;245;750;303;496;177;399;442;182;480;326;315
ENSG00000128191;366;299;197;165;274;224;291;257;699;345;498;190;377;507;182;469;339;341
ENSG00000099899;223;189;126;128;210;167;187;198;480;287;365;136;312;386;145;302;220;230
ENSG00000099901;36;24;19;24;10;31;22;19;44;35;42;16;26;35;16;58;29;18
ENSG00000099904;287;259;166;148;221;193;243;245;655;337;370;147;267;354;146;343;232;190
ENSG00000128185;37;27;29;27;34;20;30;20;65;34;32;14;36;44;20;47;31;26
ENSG00000185252;28;21;12;9;31;22;10;15;31;19;24;6;37;27;7;25;20;18
ENSG00000244486;12;13;9;17;27;12;12;17;52;37;38;14;23;33;7;16;11;14
ENSG00000099910;150;102;82;106;122;97;183;136;453;191;220;93;136;223;106;203;146;145
ENSG00000099917;1014;831;637;611;838;763;1042;1004;2657;1343;1594;690;993;1402;473;1216;825;846
ENSG00000241973;1379;1016;895;880;1150;1029;1246;1012;2547;1232;1690;706;1498;1944;780;2019;1313;1349
ENSG00000099940;136;138;109;118;160;143;151;107;245;130;193;69;169;228;95;295;144;184
ENSG00000099942;924;853;664;819;895;748;1067;776;2133;1158;1831;660;931;1262;495;1330;812;899
ENSG00000183773;24;18;13;16;33;17;23;17;35;24;32;8;21;35;15;45;18;29
ENSG00000099949;54;58;30;48;43;41;40;44;114;55;77;12;56;70;31;53;56;40
ENSG00000184436;56;39;36;41;55;37;48;23;91;55;87;36;73;63;24;63;65;44
ENSG00000169635;413;347;237;215;289;235;399;316;857;419;591;230;319;457;156;426;239;282
ENSG00000206140;13;5;4;9;5;5;4;10;25;17;16;5;20;19;11;19;12;7
ENSG00000185651;198;192;122;147;191;167;208;147;364;213;256;88;225;260;111;365;207;217
ENSG00000161179;47;37;32;35;27;21;33;31;108;71;66;25;45;60;23;49;26;18
ENSG00000128228;9;7;7;9;16;14;50;51;107;71;59;35;17;25;13;29;18;12
ENSG00000100023;547;457;384;341;435;380;523;436;1120;587;764;279;636;733;305;813;531;586
ENSG00000100027;148;113;98;100;89;82;99;66;169;79;122;53;123;149;57;156;90;102
ENSG00000100030;2280;2185;1448;1780;2130;1740;1986;1295;2937;1628;2571;930;2387;2890;1273;3964;2363;2756
ENSG00000100034;1073;930;698;798;933;843;960;822;2098;1130;1577;649;1301;1586;663;1632;1008;1081
ENSG00000100038;312;204;194;169;228;175;258;217;526;259;351;136;267;307;127;320;254;248
ENSG00000186716;319;204;212;225;239;213;243;205;622;305;362;172;227;308;139;353;244;248
ENSG00000187792;134;129;56;65;121;98;156;109;259;117;162;64;106;140;74;162;126;86
ENSG00000099956;264;235;201;190;197;220;278;236;668;301;374;164;328;413;170;391;249;220
ENSG00000099958;22;14;10;19;26;22;41;33;50;27;26;17;17;6;9;22;22;16
ENSG00000133460;26;16;13;24;21;20;26;14;50;26;25;16;17;30;8;22;19;25
ENSG00000240972;45;66;33;29;47;33;76;79;247;182;127;62;62;117;40;75;43;43
ENSG00000099974;9;12;7;11;8;7;7;15;26;14;14;7;22;22;8;34;13;24
ENSG00000099977;67;66;34;62;38;49;72;62;127;60;99;30;108;91;43;93;67;87
ENSG00000099991;880;788;621;656;761;709;901;765;2066;962;1296;544;948;1138;520;1067;849;812
ENSG00000099994;25;10;10;12;17;15;21;16;57;16;32;10;22;36;13;25;20;24
ENSG00000100014;89;83;85;60;81;60;85;80;187;119;151;45;119;121;66;166;99;96
ENSG00000128271;57;49;34;39;60;40;83;70;194;94;114;36;19;44;18;37;30;32
ENSG00000100024;63;36;59;58;50;37;114;84;185;101;105;67;35;33;10;31;22;25
ENSG00000138867;552;469;331;376;447;389;549;402;1225;692;922;302;517;779;280;729;418;471
ENSG00000100028;208;203;132;133;154;178;232;129;341;174;313;81;242;281;109;354;211;221
ENSG00000178026;12;18;7;6;7;7;10;8;29;18;23;13;6;14;4;13;6;12
ENSG00000197077;47;41;18;43;48;44;19;20;55;21;30;16;61;44;22;62;37;59
ENSG00000100077;3406;2967;2205;2505;2653;2331;2950;2017;4304;2498;3920;1474;3304;3807;1715;4817;3192;3545
ENSG00000128203;34;16;29;20;34;23;22;13;41;27;33;8;33;18;15;38;29;32
ENSG00000100099;392;319;272;269;313;254;328;250;579;316;474;182;371;409;165;513;336;330
ENSG00000100104;86;66;58;92;82;57;69;49;102;68;88;17;84;82;38;141;70;99
ENSG00000100109;337;302;214;235;278;229;350;275;593;345;510;172;378;480;185;495;305;382
ENSG00000128294;231;198;174;177;199;209;145;132;285;169;243;89;228;233;141;314;237;229
ENSG00000169184;69;50;30;35;56;37;72;71;190;104;121;49;60;70;23;76;62;35
ENSG00000180957;467;386;294;330;390;325;392;350;682;391;615;232;460;535;228;712;448;495
ENSG00000100154;41;45;31;42;34;20;37;23;60;36;49;13;44;39;17;50;40;36
ENSG00000183765;46;24;48;20;25;28;22;11;39;29;48;12;42;51;16;90;41;47
ENSG00000100209;27;14;14;15;16;28;18;19;33;23;33;9;24;34;8;52;25;19
ENSG00000159873;187;165;154;155;166;146;135;88;203;155;221;94;137;216;82;268;182;158
ENSG00000100219;301;276;198;297;256;295;426;284;690;423;630;183;276;357;155;493;314;293
ENSG00000183762;956;1027;668;873;1161;806;778;693;2375;1212;1675;641;221;334;113;325;187;234
ENSG00000100263;31;42;18;14;25;17;40;24;84;40;64;20;50;42;16;43;16;31
ENSG00000182944;1818;1542;1114;1209;1491;1430;1735;1444;3216;1691;2460;992;1923;2335;886;2546;1635;1793
ENSG00000185340;116;85;58;54;82;70;101;90;337;145;184;59;80;126;43;120;79;56
ENSG00000100280;348;273;239;238;277;299;324;264;717;394;473;159;421;621;234;547;365;403
ENSG00000100296;256;190;167;166;210;197;236;174;402;260;317;128;247;263;133;351;227;257
ENSG00000184117;40;29;20;27;20;23;19;16;20;21;28;10;32;30;8;25;20;24
ENSG00000186575;331;243;219;215;297;235;310;234;589;342;386;143;380;488;166;502;335;356
ENSG00000100319;35;28;42;22;22;26;34;25;75;28;43;24;43;47;24;55;36;40
ENSG00000184076;24;34;20;31;52;35;28;20;55;39;59;15;30;71;17;57;25;50
ENSG00000100325;399;330;222;249;349;296;338;284;818;410;533;209;399;476;212;513;321;359
ENSG00000100330;3829;3373;2464;2823;3203;2564;4108;3116;7815;4045;5826;2290;3175;4327;1782;4957;3224;3477
ENSG00000128342;431;370;232;298;352;286;711;683;1590;828;1362;537;211;426;171;367;243;284
ENSG00000099985;728;819;403;462;836;478;928;815;2177;1341;1888;679;491;729;290;822;569;514
ENSG00000239282;29;35;22;10;33;20;34;29;79;31;51;16;17;20;12;20;15;28
ENSG00000099992;177;127;93;109;142;127;123;142;361;150;216;97;100;127;48;115;63;73
ENSG00000099995;889;784;652;672;868;803;914;775;1802;1104;1500;570;964;1197;466;1293;797;829
ENSG00000187860;36;27;17;28;30;25;38;34;86;39;56;19;36;57;16;38;31;34
ENSG00000099999;103;87;65;76;91;55;124;102;281;125;212;80;74;98;39;108;61;59
ENSG00000100003;56;55;37;58;74;55;78;66;175;90;139;46;21;25;10;23;19;13
ENSG00000100029;174;167;116;131;192;186;214;188;484;274;348;139;304;390;157;332;208;244
ENSG00000100036;31;30;15;19;32;22;36;35;111;50;56;25;58;81;22;92;48;46
ENSG00000167065;93;63;69;45;88;71;87;66;174;95;118;60;109;143;66;131;97;112
ENSG00000133422;421;275;237;264;283;296;391;288;691;333;466;167;435;571;218;555;374;451
ENSG00000253352;1536;1403;992;1174;1390;1239;1437;914;2136;1271;1964;644;1629;2039;863;2562;1618;1891
ENSG00000183963;173;149;86;116;138;127;185;178;573;268;395;139;131;191;69;190;99;130
ENSG00000138942;194;208;135;114;190;136;190;143;357;176;293;108;207;252;89;308;196;188
ENSG00000182541;803;612;510;544;691;452;686;619;1620;800;1029;450;441;611;233;598;439;467
ENSG00000100100;255;213;214;209;253;242;191;130;297;163;271;120;262;238;133;296;219;202
ENSG00000100105;148;91;98;90;93;135;94;89;217;119;149;60;101;124;51;165;68;104
ENSG00000185721;167;160;105;125;148;121;184;130;280;171;196;88;199;223;84;271;163;210
ENSG00000184708;254;188;167;153;193;153;216;162;303;181;284;114;213;288;112;286;210;229
ENSG00000198089;448;260;296;264;289;296;309;233;642;271;424;167;378;429;204;409;310;353
ENSG00000241878;606;442;334;358;436;400;553;500;1285;619;864;346;705;889;365;769;480;540
ENSG00000183530;1476;1230;925;1086;1385;1060;1402;894;2299;1234;1900;690;1588;2020;772;2324;1419;1638
ENSG00000100150;485;413;294;279;389;354;379;312;792;398;519;208;493;584;249;745;520;497
ENSG00000128245;107;90;93;89;116;101;136;83;205;99;155;43;140;147;51;220;114;99
ENSG00000100220;137;132;102;96;131;129;143;116;245;153;225;75;154;206;64;250;160;160
ENSG00000100225;469;511;277;384;435;392;432;310;748;443;615;239;481;670;267;828;502;580
ENSG00000100281;368;335;243;258;344;274;337;281;578;311;549;175;322;418;150;465;300;334
ENSG00000100284;2756;2520;1534;1691;2373;1717;2480;2330;6650;3069;4285;1740;1531;2401;960;2223;1366;1588
ENSG00000100292;549;647;377;539;636;476;437;305;1046;548;860;280;343;447;186;465;314;312
ENSG00000100297;280;236;169;168;221;164;233;179;500;254;356;134;246;303;127;283;183;213
ENSG00000221963;442;372;351;396;420;443;386;235;591;369;576;206;264;280;118;452;286;313
ENSG00000100320;17;11;7;10;13;10;7;6;22;10;13;7;9;16;7;20;16;9
ENSG00000128284;222;200;173;167;196;200;348;269;535;303;449;176;132;145;50;174;128;129
ENSG00000128335;167;125;116;138;146;147;170;133;315;150;215;89;100;142;46;139;99;133
ENSG00000100342;53;29;32;34;26;40;42;28;76;40;60;28;26;29;9;48;37;34
ENSG00000100345;5664;4827;3718;4004;5078;4365;6021;4887;14537;7428;9825;3715;5575;7944;3030;7782;4952;5559
ENSG00000100348;133;108;64;76;124;118;87;78;221;112;143;61;142;205;69;185;123;126
ENSG00000100350;10;11;14;8;14;14;11;7;10;11;7;3;17;18;5;21;22;13
ENSG00000100353;639;645;457;466;609;479;665;533;1357;758;1096;412;778;1001;401;1033;629;699
ENSG00000100360;41;28;10;32;41;26;27;30;86;34;59;21;44;46;22;64;15;37
ENSG00000100365;237;199;193;152;203;196;324;260;655;364;481;158;498;622;249;609;338;386
ENSG00000100368;1563;1620;1025;1184;1613;1205;2574;2120;5807;3058;3901;1427;1579;2979;1058;2640;1568;1753
ENSG00000128311;16;7;6;11;14;5;6;5;15;11;10;6;15;13;9;6;8;7
ENSG00000128309;20;16;8;14;31;11;14;12;29;12;15;9;29;28;9;12;19;26
ENSG00000100379;168;127;79;101;148;105;152;124;399;224;269;98;155;243;72;181;126;144
ENSG00000100385;461;314;395;305;382;517;178;141;299;143;227;96;243;184;102;294;252;262
ENSG00000133466;13;17;14;16;24;21;13;14;27;17;17;11;20;21;11;28;11;17
ENSG00000128340;790;595;552;554;684;647;589;391;1284;759;949;308;488;693;252;691;489;477
ENSG00000100055;2027;1702;1321;1444;1824;1495;2058;1887;4821;2495;3366;1337;3364;4288;1642;3995;2460;2704
ENSG00000100060;297;195;233;187;218;233;224;182;461;235;350;144;336;352;172;365;295;273
ENSG00000128283;100;83;47;38;64;45;88;93;338;162;172;60;71;122;42;96;57;57
ENSG00000100079;14;23;15;18;25;26;26;20;52;30;46;10;43;54;16;59;19;45
ENSG00000100083;976;788;526;512;674;515;923;789;2173;1090;1422;533;1005;1338;546;1283;808;825
ENSG00000100092;161;123;69;82;120;98;66;61;254;130;173;52;61;157;72;147;97;78
ENSG00000100097;216;203;141;172;255;172;268;205;758;396;526;164;309;422;154;433;196;226
ENSG00000273899;76;55;21;25;39;50;38;48;101;45;66;35;62;57;24;74;35;64
ENSG00000100106;685;591;432;483;564;501;654;589;1635;784;1052;410;612;860;334;794;450;496
ENSG00000189060;876;796;482;572;694;650;1189;947;2210;1462;1623;655;1079;1729;609;1629;869;1140
ENSG00000100116;127;76;42;28;31;72;103;81;189;78;69;70;166;254;103;181;90;164
ENSG00000100124;92;62;56;44;53;56;78;56;176;79;135;41;72;129;42;109;73;81
ENSG00000100129;354;312;239;280;368;293;368;205;509;320;508;157;460;577;203;732;395;409
ENSG00000100139;376;327;200;230;407;238;316;317;1000;458;638;246;304;411;149;372;275;271
ENSG00000100142;80;80;48;54;74;95;104;83;213;118;142;60;109;117;56;138;92;99
ENSG00000100151;107;56;44;47;79;80;93;76;187;102;141;62;146;193;67;147;91;133
ENSG00000184381;116;96;71;51;75;89;90;82;195;77;97;47;80;103;34;73;65;73
ENSG00000185022;641;533;426;382;550;455;936;824;2069;1180;1582;540;798;1267;466;1102;724;735
ENSG00000198792;288;253;143;166;228;169;240;194;546;301;399;143;244;279;130;285;197;193
ENSG00000213923;185;174;97;117;167;176;156;166;363;223;302;98;131;205;70;163;146;177
ENSG00000283900;10;6;3;7;5;5;8;9;12;27;10;2;6;13;6;17;8;8
ENSG00000100201;7503;6533;4763;5376;6497;5888;7340;5393;11370;6348;10014;3594;7253;9341;3712;10915;7231;8320
ENSG00000100211;46;22;22;33;18;25;37;40;66;22;50;25;38;51;30;49;26;24
ENSG00000100216;71;49;48;54;55;67;70;33;95;54;92;20;61;92;30;90;58;69
ENSG00000100221;314;317;230;251;378;280;402;297;753;449;546;234;444;542;196;592;330;368
ENSG00000100226;557;489;360;335;423;414;593;523;1248;653;782;349;568;686;297;681;454;497
ENSG00000100242;2316;1883;1635;1578;2076;1735;2253;1989;5608;2972;4058;1466;2438;3501;1306;3124;2071;2175
ENSG00000100246;54;45;20;24;56;26;29;30;77;45;63;24;41;80;20;64;39;36
ENSG00000183741;563;422;369;360;469;386;505;416;1056;602;771;310;600;802;320;778;539;513
ENSG00000128383;32;12;25;24;18;27;12;6;20;11;16;6;14;22;8;27;21;11
ENSG00000244509;158;117;136;125;139;174;119;71;172;116;158;41;169;158;81;199;138;160
ENSG00000128394;89;78;58;62;64;73;63;75;146;56;96;46;66;73;37;99;62;74
ENSG00000239713;87;40;39;51;49;59;37;36;61;42;59;12;60;56;24;81;61;32
ENSG00000100307;552;391;318;389;379;316;493;394;1052;571;736;284;591;907;337;674;435;466
ENSG00000100311;157;161;90;125;128;91;484;386;1038;632;773;231;418;660;203;621;273;330
ENSG00000100316;1412;1052;978;1037;1127;1180;1343;1094;2641;1593;2264;822;1550;2056;778;2166;1157;1511
ENSG00000100321;50;31;24;23;27;19;32;21;75;16;33;15;51;45;20;42;30;41
ENSG00000100324;185;157;115;148;152;144;174;150;441;177;252;99;245;323;123;329;215;214
ENSG00000100335;272;233;203;209;249;204;262;207;555;314;397;136;319;381;161;402;266;309
ENSG00000128272;1116;894;674;722;875;722;1244;1011;2230;1379;1730;629;1272;1644;632;1735;969;1099
ENSG00000187051;60;47;44;42;75;56;91;58;170;98;162;66;91;143;49;110;73;88
ENSG00000100346;89;40;52;50;51;80;36;30;69;28;34;21;48;56;25;58;41;35
ENSG00000100351;229;134;147;166;167;221;100;81;172;96;102;63;199;142;65;165;159;121
ENSG00000100354;2406;2118;1690;1789;2116;1903;2204;1445;3407;1962;2838;1038;2428;2887;1290;3542;2153;2519
ENSG00000239900;67;64;48;53;48;51;64;45;74;41;82;36;48;63;33;87;70;73
ENSG00000196588;1177;938;769;700;1006;823;841;803;2162;977;1366;585;1080;1274;543;1402;911;1039
ENSG00000100372;85;81;47;58;64;64;67;44;89;66;84;25;78;67;40;106;75;74
ENSG00000100380;371;485;254;380;465;352;425;241;708;434;688;229;417;637;208;696;403;468
ENSG00000196236;132;125;88;103;104;107;126;75;222;97;172;45;145;174;80;210;135;161
ENSG00000100387;126;102;69;81;78;110;123;92;167;118;170;65;165;175;70;202;121;121
ENSG00000100393;3113;2751;1890;2284;2823;2219;3070;2239;5714;3133;4161;1605;3269;4273;1764;5010;3036;3463
ENSG00000100395;131;109;74;116;121;73;117;134;340;165;242;83;175;284;83;226;172;164
ENSG00000100401;188;116;132;107;140;141;121;108;281;132;187;59;188;224;81;204;149;188
ENSG00000100403;291;235;199;152;181;234;218;195;579;276;318;139;248;338;113;355;229;269
ENSG00000167074;19;21;23;11;28;26;26;24;44;17;44;19;29;36;20;36;20;29
ENSG00000183864;371;329;214;270;312;305;364;250;767;481;565;213;423;550;204;580;345;386
ENSG00000100412;376;321;219;239;259;270;325;278;746;394;487;193;357;519;209;526;319;362
ENSG00000100410;55;63;36;51;64;48;63;45;120;57;91;25;73;115;36;138;77;84
ENSG00000100413;179;165;133;131;157;104;180;132;360;190;246;111;199;284;108;213;164;198
ENSG00000100417;72;59;43;56;73;60;71;57;155;82;108;31;81;111;55;108;75;80
ENSG00000100418;215;161;136;112;161;149;184;162;362;186;238;106;174;204;116;271;169;213
ENSG00000196419;573;607;498;540;656;481;659;473;1130;693;1058;402;772;1065;382;1292;712;718
ENSG00000100138;151;128;123;163;117;124;152;139;262;144;215;100;192;254;109;258;187;147
ENSG00000167077;197;185;124;140;185;117;269;210;543;226;361;122;118;197;67;222;103;148
ENSG00000100147;241;199;138;194;177;140;181;171;388;230;324;109;304;378;159;344;182;255
ENSG00000198911;669;594;494;459;580;579;745;641;1670;818;1115;423;1199;1201;607;1186;836;824
ENSG00000159958;86;59;65;68;74;74;30;29;45;31;36;10;26;28;24;51;41;43
ENSG00000198951;496;424;343;342;382;354;489;351;852;518;752;259;772;967;377;1029;651;698
ENSG00000177096;60;60;35;45;63;79;63;49;140;78;86;45;80;72;37;90;43;44
ENSG00000183172;67;62;58;40;67;47;64;43;91;58;60;33;88;102;38;95;62;98
ENSG00000184983;86;79;44;82;84;86;96;66;182;115;153;48;93;145;59;160;70;106
ENSG00000205702;51;17;22;36;32;41;39;41;114;58;71;25;43;67;26;49;36;40
ENSG00000100207;918;784;639;665;834;696;907;738;1818;975;1405;526;980;1270;573;1351;894;968
ENSG00000235568;1304;1094;920;956;1094;1046;1179;1050;2738;1525;1871;704;1126;1714;674;1605;1046;1043
ENSG00000189306;328;189;171;179;215;216;292;202;593;325;414;163;343;433;141;416;265;316
ENSG00000100243;318;272;195;191;256;185;312;235;733;380;428;176;265;391;149;336;211;217
ENSG00000249222;15;15;15;10;15;11;12;9;36;11;22;8;24;14;8;21;15;23
ENSG00000128274;155;110;68;58;129;103;192;162;503;258;281;130;185;260;92;201;147;172
ENSG00000242247;1024;961;669;752;990;744;1092;809;1939;1142;1691;651;770;1170;438;1325;807;970
ENSG00000100266;943;845;630;639;821;685;1107;819;2374;1127;1643;678;951;1310;569;1350;878;978
ENSG00000100294;13;18;10;15;24;14;28;13;29;34;27;10;49;46;22;49;22;41
ENSG00000100300;222;185;158;134;185;191;138;132;412;213;283;104;218;284;142;296;207;160
ENSG00000100304;152;170;108;119;132;166;174;164;451;227;327;102;236;334;146;288;178;160
ENSG00000100347;96;92;73;66;91;77;86;42;127;98;115;55;83;125;32;117;81;86
ENSG00000188677;670;511;426;465;644;406;981;898;2245;1078;1570;575;420;731;303;773;459;481
ENSG00000138964;1088;876;695;723;923;740;943;911;2261;1059;1725;567;1908;2407;971;2314;1614;1677
ENSG00000188636;186;175;111;145;187;141;240;170;476;257;370;111;316;428;145;440;217;252
ENSG00000186654;26;14;14;22;29;18;10;10;18;7;15;10;12;12;10;15;23;24
ENSG00000093000;675;638;446;493;596;578;602;405;938;510;868;293;717;889;364;1080;687;759
ENSG00000100364;2438;1995;1440;1468;2014;1604;2214;1897;4766;2540;3337;1314;2364;3072;1313;2829;1672;2257
ENSG00000100376;332;223;233;201;235;275;226;200;407;213;281;137;331;333;141;399;252;266
ENSG00000130638;207;199;143;166;182;162;172;95;197;138;208;83;202;229;95;326;205;216
ENSG00000186951;399;362;249;317;360;355;428;299;774;435;647;254;455;608;233;671;361;418
ENSG00000205643;12;15;22;16;20;20;14;8;46;24;30;10;20;27;6;21;26;11
ENSG00000075234;171;111;117;99;119;130;127;91;244;131;163;63;194;171;75;180;135;142
ENSG00000100416;195;157;151;138;160;141;194;170;361;189;277;94;164;206;90;228;189;188
ENSG00000075275;1279;1151;791;922;1194;809;1967;1779;5352;2410;3220;1250;1011;1648;561;1429;806;1001
ENSG00000075240;422;373;250;262;355;320;380;378;860;408;608;221;691;745;265;739;482;498
ENSG00000100422;1247;968;802;1017;1088;906;1442;1148;2589;1435;2119;755;1240;1467;614;1487;966;1044
ENSG00000054611;1211;897;778;759;1012;802;1127;1054;2372;1199;1595;668;1195;1360;615;1508;961;1016
ENSG00000100425;882;710;561;543;742;581;839;748;1789;822;1206;473;880;1070;451;1074;741;800
ENSG00000100426;387;318;184;246;334;294;340;299;724;355;472;176;419;507;196;635;391;395
ENSG00000182858;197;110;113;92;119;107;148;160;369;204;313;107;187;210;107;233;130;175
ENSG00000184164;48;32;29;50;35;24;91;77;187;92;159;44;61;44;20;59;37;25
ENSG00000198355;1070;996;664;705;976;748;1406;1308;3581;1983;2484;955;2101;3061;1136;2741;1677;1680
ENSG00000100427;20;10;31;42;19;41;12;14;26;13;17;8;14;15;5;31;26;24
ENSG00000073150;31;44;18;28;28;21;41;59;139;61;82;35;28;47;14;28;21;23
ENSG00000170638;383;250;192;183;238;225;272;290;711;348;461;158;397;465;154;391;256;287
ENSG00000073169;238;156;146;102;160;138;194;145;411;187;230;106;223;263;97;238;169;185
ENSG00000128159;896;742;526;546;737;571;781;696;1847;897;1185;458;928;1175;491;1083;752;762
ENSG00000100429;516;465;290;288;413;350;393;416;1228;520;689;290;412;614;245;514;355;375
ENSG00000196576;4113;3417;2460;2615;3638;2953;4537;4684;13035;6282;8362;3246;4862;7435;2628;5333;3455;3966
ENSG00000205593;34;38;29;34;50;44;32;54;92;53;62;25;36;62;29;56;37;36
ENSG00000100239;939;767;637;546;717;624;888;774;2108;969;1318;534;1086;1347;536;1284;877;905
ENSG00000100241;1463;1094;914;935;1059;1056;1101;1260;3334;1580;2047;790;1338;1760;658;1530;1062;1105
ENSG00000100258;335;277;246;223;343;322;290;263;815;449;499;211;320;481;177;438;291;312
ENSG00000025770;201;140;110;118;167;135;206;168;422;210;318;117;262;323;139;323;203;194
ENSG00000284194;533;405;290;289;423;390;537;450;1314;524;699;313;538;739;320;643;393;400
ENSG00000025708;1999;1681;1142;1239;1744;1341;1715;1709;4997;2536;3079;1245;1918;2699;1041;2434;1435;1642
ENSG00000177989;536;400;260;283;374;279;399;466;1251;656;711;261;404;567;241;442;333;302
ENSG00000130487;30;32;21;21;16;17;19;20;58;34;43;17;21;24;6;26;15;20
ENSG00000205560;44;26;21;15;27;26;30;32;65;35;43;23;28;36;22;33;31;25
ENSG00000254413;33;27;12;23;16;31;20;20;50;37;25;26;19;40;15;31;15;34
ENSG00000100288;635;513;345;347;450;430;459;447;1028;602;780;308;496;674;284;623;454;470
ENSG00000100299;483;376;285;291;380;310;365;305;954;455;642;259;424;578;216;484;310;390
ENSG00000251322;333;287;194;177;282;213;293;329;1014;424;511;218;476;558;205;439;253;395
ENSG00000079974;132;142;79;112;117;117;123;116;241;125;188;90;141;165;74;209;144;157
ENSG00000006756;244;188;142;144;212;174;216;136;374;219;286;104;218;296;101;307;176;216
ENSG00000183943;354;243;267;261;275;293;297;187;429;216;356;119;406;487;200;509;382;356
ENSG00000130021;63;45;57;44;37;41;65;34;90;49;66;18;75;76;32;92;76;89
ENSG00000101846;42;33;29;23;33;32;28;26;44;23;38;10;34;55;15;53;33;34
ENSG00000101849;954;776;588;699;787;635;985;660;1520;910;1269;548;1177;1348;575;1436;999;985
ENSG00000047644;406;324;235;227;299;278;453;312;718;486;542;201;988;1194;447;1193;764;780
ENSG00000004961;43;48;29;43;64;52;60;38;88;71;91;19;65;100;28;106;68;53
ENSG00000047648;161;155;98;145;118;77;172;102;285;135;209;79;233;340;137;326;263;287
ENSG00000005302;621;510;406;471;486;513;513;350;741;394;653;270;617;668;253;920;517;653
ENSG00000101911;53;58;54;45;51;33;41;30;64;37;61;24;69;88;33;104;68;84
ENSG00000101916;136;158;183;125;215;165;122;61;114;98;139;53;379;415;145;552;348;347
ENSG00000205542;1802;1381;1292;1271;1607;1491;1478;1302;2656;1369;1958;752;2323;1945;864;2413;1453;1428
ENSG00000176896;20;15;11;12;16;18;14;13;19;8;19;6;9;16;4;20;19;15
ENSG00000123595;91;65;63;59;88;52;79;51;126;103;138;34;128;124;37;140;75;89
ENSG00000196459;88;66;60;38;51;64;57;34;76;43;73;33;74;79;34;118;63;66
ENSG00000046651;274;236;196;240;234;244;218;161;349;202;324;103;248;282;111;385;246;291
ENSG00000046647;60;57;54;59;60;48;59;29;103;54;85;24;59;55;18;78;45;53
ENSG00000181544;24;21;15;19;36;15;16;11;25;15;30;7;24;24;13;43;31;25
ENSG00000130150;163;188;107;149;172;138;147;100;215;142;221;66;199;205;87;302;219;266
ENSG00000165195;208;245;152;190;196;159;232;146;295;193;370;127;220;264;105;366;270;236
ENSG00000169239;98;99;95;87;92;107;79;45;105;61;96;40;102;116;36;166;135;105
ENSG00000169249;130;74;75;83;81;97;94;62;142;74;130;35;124;126;66;192;136;128
ENSG00000182287;401;376;325;310;371;343;516;267;585;421;681;216;448;655;249;1013;627;593
ENSG00000047230;41;34;39;33;33;46;38;21;56;31;42;25;40;34;17;61;31;35
ENSG00000169895;227;201;155;193;254;192;173;137;327;218;292;99;164;257;106;327;210;221
ENSG00000086712;93;118;85;90;87;79;95;63;114;84;120;33;97;143;65;162;122;139
ENSG00000102054;248;243;189;237;267;191;233;155;355;189;292;98;331;316;143;438;292;268
ENSG00000169891;29;24;17;21;21;24;26;13;38;22;36;11;53;58;20;76;68;48
ENSG00000047634;108;89;51;62;70;58;80;47;109;60;114;45;97;119;62;178;105;124
ENSG00000177324;42;17;27;14;22;21;30;9;27;22;15;7;47;25;12;31;11;26
ENSG00000008086;129;126;108;113;139;132;136;94;184;122;202;60;114;164;59;213;122;158
ENSG00000044446;665;547;457;468;538;515;570;458;1142;589;930;367;749;963;400;1048;641;740
ENSG00000173698;8;19;14;20;33;23;21;21;57;20;33;14;11;34;10;27;22;22
ENSG00000131828;244;174;146;153;149;149;207;148;292;164;273;112;205;255;120;307;227;242
ENSG00000147010;1165;1086;723;812;992;940;1019;733;1958;1047;1505;591;1205;1477;581;1862;1148;1324
ENSG00000173681;217;238;143;148;200;157;176;142;285;178;267;82;185;236;95;402;226;268
ENSG00000173674;191;215;136;175;230;167;191;94;221;143;242;79;185;236;102;313;222;234
ENSG00000177189;1255;1193;934;1136;1214;1100;1401;847;2044;1205;2059;655;1194;1599;609;2170;1417;1536
ENSG00000012174;81;64;32;42;59;34;53;46;111;49;86;26;71;82;45;89;72;80
ENSG00000230797;10;5;6;7;13;14;12;13;26;12;11;5;16;24;10;18;18;22
ENSG00000102172;229;249;189;224;241;184;235;131;361;209;372;130;308;346;133;436;275;326
ENSG00000123131;30;26;17;23;26;18;30;30;49;35;54;15;21;27;13;52;29;26
ENSG00000123130;406;306;238;266;338;249;292;211;611;339;501;185;285;404;178;513;330;394
ENSG00000130066;7082;6925;4875;6303;7328;5723;6007;4283;8929;5795;10459;3975;4303;5535;2317;7547;4273;4676
ENSG00000184831;11;13;8;9;13;14;13;8;15;8;9;8;6;13;3;16;7;9
ENSG00000174010;122;138;91;108;170;132;122;63;170;105;163;60;133;181;67;230;155;170
ENSG00000130741;993;911;711;781;1009;899;905;552;1288;878;1393;421;922;1189;477;1506;982;1066
ENSG00000005889;608;557;396;448;568;483;476;348;811;409;721;262;511;668;237;904;558;576
ENSG00000067992;630;569;475;568;547;557;630;427;852;542;844;288;556;633;261;886;544;510
ENSG00000101868;145;153;101;119;165;137;141;87;203;105;181;64;175;172;81;229;185;199
ENSG00000120280;217;174;141;187;168;169;138;92;237;139;227;70;279;284;153;435;235;280
ENSG00000198814;3096;2723;1839;2159;2540;2197;1822;1264;2636;1516;2597;914;2904;3423;1622;4701;3201;3337
ENSG00000157625;431;421;320;373;381;338;495;312;588;386;700;230;350;447;178;637;399;423
ENSG00000130962;35;38;26;26;29;29;27;17;42;24;38;17;35;43;16;43;44;42
ENSG00000165168;3620;3461;2528;2792;3715;3141;6706;3906;8649;5744;8292;3094;6718;10502;3779;12537;7157;8220
ENSG00000165169;58;80;38;68;80;70;73;54;107;54;114;35;84;125;32;155;84;110
ENSG00000156313;395;315;262;235;289;261;304;206;427;272;419;149;309;381;124;443;339;367
ENSG00000165175;144;116;97;121;157;111;184;103;395;211;324;88;258;282;111;292;173;211
ENSG00000183337;424;323;270;299;379;342;437;338;905;498;657;243;569;653;277;732;429;479
ENSG00000182220;307;320;252;315;439;287;411;238;586;419;584;178;693;870;328;1144;662;636
ENSG00000185753;334;331;237;285;332;246;297;171;494;265;441;151;322;360;164;467;292;344
ENSG00000180182;456;418;292;337;417;392;364;261;596;298;514;189;481;505;221;690;453;559
ENSG00000124486;1931;1750;1304;1540;1787;1517;1739;1075;2619;1475;2548;816;1948;2400;1004;3307;2066;2146
ENSG00000215301;6833;5980;4153;5016;5832;5172;5791;3993;8122;4651;8235;2979;8453;9735;4165;13377;8800;9806
ENSG00000147044;267;230;174;159;230;185;198;137;328;198;261;117;202;205;102;283;223;236
ENSG00000189221;80;80;42;58;49;45;90;78;215;135;164;55;63;119;27;133;75;92
ENSG00000069509;4;8;8;11;20;3;6;7;14;11;18;7;11;23;6;11;6;11
ENSG00000147050;702;619;436;542;621;525;582;410;944;611;795;311;582;734;361;1049;714;717
ENSG00000147121;80;57;27;31;30;36;54;33;69;48;65;26;41;45;35;76;56;73
ENSG00000251192;60;30;27;29;41;42;32;26;92;19;54;29;48;61;23;82;41;56
ENSG00000147119;84;78;53;45;73;39;84;59;193;99;132;50;77;75;41;93;46;61
ENSG00000065923;180;141;144;139;129;143;249;144;399;204;412;102;368;503;192;611;378;489
ENSG00000102218;285;250;235;240;306;242;285;167;431;249;435;134;334;434;189;618;346;341
ENSG00000102221;25;16;17;8;34;18;29;20;53;22;30;18;26;31;17;25;27;39
ENSG00000147123;58;48;43;46;56;47;54;44;132;97;132;37;78;115;29;92;54;54
ENSG00000182872;317;275;217;207;250;274;310;257;797;408;485;215;366;474;163;437;246;295
ENSG00000130985;1310;1069;872;908;1184;992;1347;1122;2944;1488;2047;808;1298;1800;761;1777;1136;1277
ENSG00000102225;478;389;265;301;379;303;442;382;944;552;753;256;467;584;256;557;371;424
ENSG00000102226;299;240;206;222;245;223;282;216;627;347;439;163;244;394;159;370;224;268
ENSG00000147124;161;154;124;111;122;109;124;84;187;107;150;61;129;165;78;198;120;156
ENSG00000078061;724;656;465;553;648;536;758;647;1633;877;1142;449;725;966;413;975;579;643
ENSG00000008056;112;109;52;54;83;86;65;57;166;128;118;52;29;61;18;49;25;35
ENSG00000102265;2228;3028;1572;1864;2872;1749;2537;2207;8628;4067;5949;1881;2137;4777;1542;3926;2091;2650
ENSG00000126759;166;150;124;122;150;128;150;159;339;240;305;152;92;147;58;150;81;108
ENSG00000126767;266;248;153;164;250;208;227;198;574;304;464;148;178;295;103;310;169;194
ENSG00000126756;99;73;68;52;105;77;90;66;164;113;133;48;75;108;45;137;83;101
ENSG00000197779;248;218;154;193;206;176;197;152;300;169;270;88;207;286;91;326;242;254
ENSG00000147118;176;136;109;98;146;94;146;111;246;129;241;76;170;221;81;248;165;186
ENSG00000221994;70;59;47;54;43;36;46;33;51;30;54;21;46;50;27;60;56;61
ENSG00000017483;51;34;23;36;43;44;48;46;124;51;96;38;28;42;18;50;32;42
ENSG00000068438;206;169;117;137;144;163;159;139;379;215;242;113;178;227;76;210;132;148
ENSG00000102312;148;105;68;75;81;89;93;95;240;130;142;68;105;119;48;99;72;87
ENSG00000147155;28;10;22;21;15;10;9;12;23;24;35;6;26;33;8;30;28;15
ENSG00000068354;219;220;115;145;209;133;212;151;417;240;368;153;261;326;93;313;208;201
ENSG00000102317;841;791;546;647;715;661;779;621;1233;730;1076;412;912;1145;472;1368;848;978
ENSG00000101940;437;341;266;216;356;306;384;303;972;515;679;253;471;623;244;561;343;362
ENSG00000015285;840;747;503;515;741;637;586;546;1479;956;1130;423;829;1252;431;1159;690;806
ENSG00000101945;38;35;35;27;28;27;28;25;50;35;55;27;46;62;19;48;34;41
ENSG00000094631;598;502;394;431;538;402;526;462;1106;576;832;296;674;768;323;779;454;493
ENSG00000102103;164;140;104;105;117;145;222;199;394;271;297;136;252;308;113;255;158;236
ENSG00000126768;140;110;79;80;130;103;147;111;311;183;273;84;193;250;91;190;139;153
ENSG00000102100;133;106;124;81;122;114;133;114;284;137;193;86;159;222;84;226;107;180
ENSG00000102096;249;215;195;182;202;180;191;168;347;166;302;117;244;220;103;249;197;185
ENSG00000068308;551;450;333;370;478;383;503;423;1146;582;829;308;553;738;260;707;459;461
ENSG00000102057;84;37;30;40;40;50;69;70;154;86;122;51;77;99;44;102;70;63
ENSG00000068400;765;658;493;579;669;597;922;848;1931;955;1436;511;999;1298;531;1285;789;943
ENSG00000068323;896;890;555;575;801;647;928;747;2048;1170;1610;516;1048;1573;609;1533;808;938
ENSG00000147144;48;56;61;33;48;51;42;48;113;69;80;45;67;57;24;56;45;39
ENSG00000243279;16;13;16;13;11;7;11;8;22;15;20;9;8;15;7;11;10;9
ENSG00000196998;171;115;93;105;148;119;151;104;250;142;215;78;192;249;78;219;169;128
ENSG00000068394;75;58;33;37;53;58;82;77;160;91;141;53;94;122;42;129;72;76
ENSG00000269313;26;21;22;22;19;23;31;20;43;33;40;20;22;32;14;22;22;33
ENSG00000102007;296;255;236;259;300;214;251;178;549;293;362;146;370;444;181;484;310;265
ENSG00000012211;124;67;59;73;103;79;105;104;284;130;173;76;108;126;56;85;70;83
ENSG00000102001;27;10;15;15;21;19;22;21;49;20;32;9;14;26;23;19;17;24
ENSG00000101997;199;127;88;118;120;94;169;179;374;222;277;121;184;256;73;226;141;125
ENSG00000049769;82;60;66;44;65;47;56;80;122;109;104;49;65;100;35;102;41;50
ENSG00000273820;13;6;11;15;16;16;15;5;31;20;26;11;14;32;8;22;18;12
ENSG00000171365;162;139;116;112;134;111;164;118;230;144;200;71;217;243;82;306;196;214
ENSG00000158352;14;22;6;17;13;21;34;26;64;21;41;17;12;26;8;25;20;23
ENSG00000189369;14;16;13;8;9;12;7;4;20;14;21;4;16;15;12;23;15;27
ENSG00000179222;75;33;51;43;56;66;27;14;61;35;46;11;42;40;22;54;31;28
ENSG00000184205;498;506;329;364;410;370;640;527;1154;624;940;300;613;784;301;718;489;492
ENSG00000232593;11;22;17;22;15;9;12;10;14;5;12;4;9;25;8;23;15;25
ENSG00000126012;1899;1558;1248;1313;1591;1332;1962;1746;4468;2368;3305;1151;1917;2616;1009;2403;1630;1732
ENSG00000124313;535;416;276;300;401;365;536;473;1247;645;787;310;924;1144;409;1077;702;678
ENSG00000072501;611;470;397;405;509;510;615;436;1064;615;896;293;770;969;394;1080;673;841
ENSG00000072506;62;28;40;44;47;57;71;39;107;52;75;32;99;112;37;111;65;75
ENSG00000086758;3232;2847;2059;2347;2859;2425;3362;2460;6281;3366;4656;1781;3382;4492;1801;4849;3052;3447
ENSG00000172943;816;646;487;493;620;501;696;595;1384;700;987;417;874;996;397;1137;715;835
ENSG00000184083;47;49;46;26;49;51;37;26;78;48;50;24;57;65;20;89;54;48
ENSG00000158526;199;152;113;133;129;141;132;135;341;184;282;108;193;219;79;246;136;164
ENSG00000130119;682;596;435;505;613;614;676;460;1250;673;985;348;868;1063;393;1139;765;830
ENSG00000102316;227;199;131;164;255;145;212;157;389;208;328;126;205;265;85;242;144;198
ENSG00000169188;167;140;79;111;110;99;147;121;307;201;232;91;183;236;99;262;142;167
ENSG00000083750;137;122;86;88;87;101;102;71;163;73;147;35;113;136;57;205;131;153
ENSG00000102349;45;26;37;30;47;44;24;22;50;33;32;11;56;40;24;85;43;50
ENSG00000188021;195;188;160;185;210;180;185;125;332;228;262;99;202;275;100;370;205;232
ENSG00000204272;32;19;22;34;38;26;28;21;44;31;30;11;20;25;15;39;17;21
ENSG00000204271;41;46;16;28;49;29;45;13;34;16;30;14;33;43;24;69;32;55
ENSG00000165591;34;13;21;15;13;16;8;10;22;9;10;6;15;14;7;17;17;10
ENSG00000198455;52;49;59;57;57;49;52;34;94;49;90;30;59;61;36;105;65;79
ENSG00000198205;35;25;30;33;30;36;24;16;41;25;34;12;31;24;17;52;26;35
ENSG00000131089;145;109;93;71;68;104;110;82;170;97;127;56;159;172;80;194;155;167
ENSG00000184675;40;31;34;32;24;48;19;22;54;30;46;21;28;43;22;61;29;35
ENSG00000102043;9;9;8;8;10;13;9;9;14;9;9;3;5;17;8;14;11;14
ENSG00000126970;21;18;13;14;19;15;10;8;23;10;27;12;15;23;8;32;13;31
ENSG00000001497;151;132;118;98;106;128;158;122;300;141;201;88;157;208;93;231;156;198
ENSG00000147065;3447;3032;2508;2755;3388;3116;3192;2055;6086;3553;4963;1731;3240;4373;1724;4884;2870;3222
ENSG00000155659;48;44;39;23;50;43;48;48;144;87;114;46;301;386;142;393;182;276
ENSG00000079482;41;42;24;31;35;27;39;18;54;31;39;17;91;77;36;117;92;65
ENSG00000181704;255;241;193;203;226;219;281;168;327;244;368;148;301;353;144;514;338;347
ENSG00000130052;232;166;112;106;183;141;218;211;569;283;373;148;186;264;118;302;181;188
ENSG00000090776;35;38;35;24;25;31;36;32;75;45;69;16;45;56;19;63;42;46
ENSG00000181191;43;39;33;31;53;37;47;38;93;73;83;36;48;65;33;79;46;55
ENSG00000089289;175;157;152;152;206;128;152;113;293;182;286;91;199;229;89;273;169;201
ENSG00000120509;34;30;18;12;22;45;38;23;43;36;48;14;53;61;22;53;21;26
ENSG00000082458;18;19;14;18;21;20;14;11;11;18;16;4;22;15;7;17;24;17
ENSG00000147164;321;257;163;214;274;211;325;207;512;306;438;158;335;455;175;477;272;306
ENSG00000184481;167;192;79;125;151;125;195;146;435;220;289;120;273;326;160;320;184;192
ENSG00000147168;270;241;136;195;190;192;364;231;752;404;588;149;240;394;122;397;211;262
ENSG00000184634;1603;1358;903;1037;1290;1168;1737;1307;3461;1768;2306;942;1640;2229;892;2072;1371;1510
ENSG00000196338;80;56;46;39;59;49;85;53;135;66;98;45;66;97;36;74;37;58
ENSG00000147130;330;236;199;242;238;236;261;242;553;346;436;178;324;403;178;357;234;250
ENSG00000147140;1231;1148;879;951;1135;1000;1344;1023;2448;1536;2157;787;1384;1802;674;1970;1215;1439
ENSG00000147166;58;41;25;30;24;29;38;36;64;25;53;21;43;50;19;51;40;42
ENSG00000147133;1291;1052;779;929;1097;868;1070;890;1923;1056;1566;585;1348;1552;688;1949;1222;1358
ENSG00000147162;2678;2165;1802;1869;2024;2083;1881;1336;2861;1650;2573;942;2395;2968;1292;3741;2455;2736
ENSG00000147174;79;60;49;51;64;62;82;55;105;57;93;57;77;102;39;99;74;93
ENSG00000186810;8;14;8;14;16;11;9;15;23;16;11;8;14;14;3;15;13;11
ENSG00000204131;403;316;293;291;350;314;338;177;433;312;375;111;700;806;322;1128;679;707
ENSG00000242732;210;217;104;117;175;100;185;165;426;240;310;93;407;519;191;524;314;350
ENSG00000102309;31;30;40;22;27;25;31;16;49;24;39;14;44;52;16;53;32;43
ENSG00000198034;434;316;342;414;399;428;275;196;339;274;427;123;354;436;181;575;362;373
ENSG00000147099;290;220;190;220;223;212;236;171;372;178;322;112;277;313;149;446;276;340
ENSG00000067177;5;9;10;8;12;4;14;10;20;9;15;7;12;16;5;12;10;11
ENSG00000204116;43;21;29;15;20;25;11;12;14;13;11;6;15;20;11;19;20;17
ENSG00000131263;1143;986;772;849;1016;885;1122;755;1607;965;1610;543;1298;1428;628;1943;1263;1375
ENSG00000131269;233;188;185;146;189;178;199;119;241;158;247;95;241;300;103;336;276;258
ENSG00000094841;118;112;104;86;109;101;109;80;172;89;151;61;96;130;69;157;99;120
ENSG00000102390;59;48;37;60;43;60;63;33;89;62;86;29;73;88;37;109;47;68
ENSG00000085224;1425;1445;1014;1170;1294;1153;1099;801;1604;1007;1652;622;1323;1587;671;2329;1562;1633
ENSG00000102158;312;344;239;318;425;282;455;267;632;462;682;243;413;582;238;700;407;403
ENSG00000131174;45;45;31;49;52;43;47;19;55;28;62;19;35;60;22;78;53;72
ENSG00000165240;518;466;369;458;495;422;459;318;699;425;718;228;565;617;268;849;532;540
ENSG00000102144;5460;5465;3843;4647;5528;4260;6874;4658;10978;6570;10942;3589;6123;7814;3248;8736;5015;5692
ENSG00000078589;49;48;48;52;45;64;63;31;58;38;75;31;59;38;20;54;44;70
ENSG00000147138;108;50;86;76;79;94;45;20;41;25;33;16;38;37;26;81;73;69
ENSG00000165288;1917;1882;1330;1595;1888;1608;1932;1291;2741;1601;2807;935;1985;2493;986;3259;2116;2356
ENSG00000131171;473;491;410;479;587;464;510;303;614;435;617;278;617;677;266;950;561;655
ENSG00000165259;23;22;8;8;27;18;23;11;29;22;29;6;21;22;12;35;28;19
ENSG00000155008;95;99;90;95;64;97;131;64;140;104;149;48;163;183;51;261;128;175
ENSG00000188419;262;266;190;182;211;229;249;125;329;209;343;135;194;271;91;398;214;266
ENSG00000147202;430;318;232;293;362;288;391;226;523;319;485;182;354;455;195;638;419;508
ENSG00000204086;23;19;20;17;11;23;24;22;35;20;31;14;18;31;11;25;31;28
ENSG00000101811;53;39;41;25;47;45;47;28;69;46;66;21;48;66;24;60;33;35
ENSG00000188917;374;303;268;327;301;246;346;285;658;386;529;202;496;561;261;723;421;457
ENSG00000102384;5;7;7;10;4;11;9;9;11;9;12;6;6;8;2;25;7;15
ENSG00000126953;21;12;18;13;17;18;21;13;27;11;36;12;26;31;13;65;33;22
ENSG00000010671;379;383;269;255;354;266;301;179;565;279;443;157;490;600;232;769;431;484
ENSG00000102393;275;273;155;221;281;203;301;195;518;328;493;154;373;508;222;605;354;388
ENSG00000126945;349;350;255;247;343;342;407;281;676;421;682;212;459;712;213;764;447;484
ENSG00000196440;69;46;42;42;27;30;48;34;85;55;62;31;62;84;41;100;96;83
ENSG00000126947;12;13;11;12;8;9;19;7;30;12;24;10;23;30;7;34;15;19
ENSG00000198960;58;39;28;18;44;22;33;28;57;48;58;17;49;49;23;42;44;45
ENSG00000102401;257;237;212;228;296;224;306;249;504;333;502;185;371;456;185;564;299;398
ENSG00000166432;107;128;108;85;67;91;92;56;128;83;111;43;126;135;53;250;129;171
ENSG00000125962;45;26;42;35;36;33;38;25;70;44;66;19;65;50;21;79;54;32
ENSG00000198932;63;67;42;31;51;57;44;29;79;29;54;28;46;49;24;71;64;62
ENSG00000102409;21;16;10;16;18;17;22;30;49;18;30;16;30;45;17;40;31;27
ENSG00000180964;14;15;20;19;30;29;24;10;33;20;42;15;24;18;8;23;14;12
ENSG00000185222;30;38;23;37;33;21;23;22;49;30;54;12;19;22;11;46;22;27
ENSG00000166681;16;15;13;4;14;15;13;9;26;12;36;12;31;19;10;32;12;15
ENSG00000133142;26;23;21;13;31;21;26;25;84;50;35;15;37;46;12;52;30;29
ENSG00000172465;16;15;4;9;5;6;9;5;9;7;12;2;7;16;6;16;11;16
ENSG00000123562;373;364;253;308;315;277;405;278;566;383;655;170;426;529;223;735;400;467
ENSG00000269743;22;15;19;10;19;16;14;8;28;12;19;11;8;20;7;30;11;13
ENSG00000123575;349;300;236;250;283;251;235;134;357;208;394;132;256;360;143;500;326;364
ENSG00000133138;22;18;18;18;13;9;7;7;12;9;8;3;11;18;7;21;14;13
ENSG00000089682;297;274;166;208;202;225;208;142;292;225;292;107;269;330;130;458;275;351
ENSG00000147224;60;49;50;51;53;40;50;33;79;59;64;27;69;72;29;83;74;59
ENSG00000157514;1398;1153;974;1066;1247;1221;1004;800;1791;1026;1596;613;1146;1605;696;1986;999;1435
ENSG00000101843;52;55;48;56;70;30;53;39;89;53;102;30;54;72;25;124;57;59
ENSG00000101844;42;34;27;24;18;35;32;23;49;38;48;19;52;50;18;71;37;46
ENSG00000101888;38;38;28;23;53;44;33;25;60;54;53;27;31;49;17;57;45;46
ENSG00000176076;11;13;9;10;18;22;10;24;42;27;22;15;9;17;9;18;16;7
ENSG00000068366;1521;1700;1136;1354;1699;1372;1335;799;1882;1216;1993;677;1467;2126;818;3027;1732;1951
ENSG00000157600;948;824;589;607;728;606;908;638;1641;846;1263;478;993;1352;545;1436;787;999
ENSG00000101935;115;117;84;100;84;109;87;65;148;98;125;44;107;122;61;177;121;131
ENSG00000101901;1116;841;680;627;792;667;692;442;1010;597;1040;361;791;891;441;1415;953;981
ENSG00000126016;12;9;14;8;10;5;9;6;9;6;15;2;18;9;3;17;13;8
ENSG00000131725;267;196;136;166;176;171;174;135;286;158;236;90;223;209;89;314;232;236
ENSG00000147251;858;686;649;612;665;655;595;380;821;456;764;248;789;893;411;1386;903;938
ENSG00000131724;736;809;546;644;797;625;1015;561;1395;957;1430;478;1004;1251;466;1650;975;1051
ENSG00000175556;340;269;169;174;274;206;187;140;359;168;242;106;199;280;119;307;202;215
ENSG00000101856;97;115;103;116;144;100;106;78;153;119;165;66;137;151;68;216;137;150
ENSG00000077713;30;21;25;27;16;28;36;27;73;37;56;21;36;45;23;57;31;55
ENSG00000005022;247;220;162;172;245;200;202;128;324;214;288;116;310;372;168;476;236;303
ENSG00000077721;207;165;140;148;185;168;180;89;273;176;242;96;190;268;106;305;229;260
ENSG00000018610;82;54;56;64;68;58;66;51;149;65;122;47;110;110;46;135;80;110
ENSG00000186416;51;48;38;45;64;59;62;42;101;74;90;29;83;94;46;117;59;75
ENSG00000125354;485;309;350;321;401;384;320;218;553;248;403;161;354;364;165;531;337;351
ENSG00000187808;12;13;15;13;21;12;15;12;63;32;34;14;14;11;8;10;10;19
ENSG00000198918;81;61;63;68;90;88;58;43;57;59;106;26;75;87;45;113;58;88
ENSG00000125351;171;113;101;94;102;73;124;70;180;107;139;54;143;132;46;189;141;142
ENSG00000125352;16;14;30;13;23;28;46;18;78;42;68;20;36;47;18;44;25;32
ENSG00000125356;57;47;36;46;68;41;66;46;103;72;126;37;72;87;36;82;63;69
ENSG00000101882;339;284;301;254;285;244;298;257;652;352;470;171;330;420;175;555;306;393
ENSG00000177485;164;135;140;141;157;158;131;73;190;114;178;54;154;180;81;257;159;215
ENSG00000005893;672;707;421;561;726;481;594;356;915;632;861;359;691;802;323;1096;736;796
ENSG00000158290;333;344;234;307;368;311;283;185;412;241;388;135;367;439;164;541;380;453
ENSG00000232119;184;112;102;90;124;140;109;71;134;90;149;38;133;128;64;181;149;149
ENSG00000171155;34;40;32;32;48;37;39;25;54;41;69;15;51;52;26;86;53;53
ENSG00000125676;1002;929;728;804;845;821;800;510;1078;656;1053;374;841;1083;452;1636;898;1022
ENSG00000101966;388;417;322;325;395;309;392;249;611;400;599;215;456;480;227;754;469;511
ENSG00000101972;1750;1530;1152;1327;1517;1342;1392;840;1836;1102;1911;708;1506;1825;779;2726;1703;1798
ENSG00000183918;37;23;38;34;22;39;18;4;24;9;15;9;10;23;10;25;34;30
ENSG00000122126;68;78;66;58;54;72;68;49;123;77;82;20;111;111;49;147;91;126
ENSG00000122122;560;406;397;387;464;489;350;260;745;359;558;169;490;600;262;709;497;469
ENSG00000188706;74;48;50;48;91;73;63;64;153;82;126;40;53;64;22;71;44;70
ENSG00000156697;63;39;45;42;44;50;71;47;83;57;69;28;90;88;29;127;60;93
ENSG00000085185;322;300;184;272;261;232;291;194;677;330;419;190;343;463;186;491;311;318
ENSG00000102034;859;812;584;631;806;622;774;571;1684;1020;1385;505;859;1176;458;1125;751;753
ENSG00000156709;45;44;43;49;48;58;40;40;68;54;73;29;51;62;50;91;57;65
ENSG00000056277;58;52;31;31;31;41;32;29;43;40;55;17;52;56;23;72;53;66
ENSG00000102078;66;62;56;45;50;52;65;42;100;63;79;32;70;93;37;122;69;79
ENSG00000134597;57;51;27;45;42;38;47;32;80;53;80;26;54;63;26;85;50;53
ENSG00000165675;69;50;53;36;76;73;74;40;99;52;107;36;97;98;56;107;74;103
ENSG00000134602;147;151;122;130;132;154;105;57;115;67;119;46;107;124;65;175;167;132
ENSG00000123728;584;563;373;422;513;421;442;342;910;563;807;257;501;589;279;873;508;597
ENSG00000076770;123;101;82;89;94;91;60;32;65;37;77;20;112;75;39;140;72;93
ENSG00000156531;196;184;122;121;189;157;150;110;212;130;185;88;202;202;103;282;149;199
ENSG00000165704;53;87;47;40;69;58;64;50;92;63;107;35;75;87;29;152;95;93
ENSG00000156504;444;367;297;348;376;290;327;235;604;291;466;155;364;474;181;601;392;452
ENSG00000156500;45;33;27;44;31;40;43;26;45;34;56;26;40;49;23;61;27;41
ENSG00000134590;112;102;51;73;87;96;95;76;316;187;196;91;73;149;42;131;70;67
ENSG00000203950;38;42;26;33;36;18;31;41;99;61;52;24;37;50;24;43;37;36
ENSG00000186376;263;238;210;208;249;183;239;172;369;181;328;106;304;339;164;453;300;310
ENSG00000173275;27;35;20;29;25;28;34;18;43;27;43;12;46;61;17;74;48;52
ENSG00000165359;434;456;328;363;398;360;425;294;600;352;595;207;496;579;214;734;486;541
ENSG00000169446;201;254;143;216;283;195;205;135;348;220;327;100;247;336;144;481;284;295
ENSG00000198689;184;218;127;154;207;163;192;123;288;186;270;106;228;279;98;356;220;289
ENSG00000022267;25;15;8;12;19;16;6;7;10;9;8;4;9;5;3;15;8;15
ENSG00000129680;69;53;36;50;52;39;57;32;90;41;57;30;67;75;36;98;71;75
ENSG00000102241;64;65;56;72;71;53;83;38;98;68;98;31;91;115;28;132;95;113
ENSG00000129675;601;496;437;519;576;526;429;247;599;334;576;178;691;715;339;970;605;653
ENSG00000147274;925;726;593;625;669;633;666;444;1021;600;894;309;719;843;365;1164;830;868
ENSG00000101977;26;15;11;13;12;17;12;7;17;9;12;3;18;13;8;23;31;23
ENSG00000101974;408;352;270;263;286;301;337;285;598;312;568;191;344;416;178;576;385;432
ENSG00000102081;507;418;344;414;429;433;339;268;488;302;569;190;432;423;192;721;521;465
ENSG00000155966;16;11;16;14;17;10;31;8;40;34;39;17;27;24;3;33;11;16
ENSG00000010404;538;444;298;311;425;365;416;305;831;382;648;217;362;569;251;668;366;518
ENSG00000197620;118;60;75;86;90;91;126;104;227;142;202;79;141;195;75;158;96;113
ENSG00000269556;78;55;49;41;53;39;62;61;100;46;77;48;62;62;38;91;58;49
ENSG00000197021;87;73;57;78;86;56;92;73;227;89;155;50;110;158;54;197;100;112
ENSG00000013619;458;401;301;329;409;353;504;549;1701;784;1072;386;100;318;115;290;179;232
ENSG00000171100;157;119;100;99;114;120;95;82;143;92;170;62;142;142;72;221;140;162
ENSG00000063601;110;112;89;103;154;68;128;77;201;74;141;42;122;136;56;194;139;143
ENSG00000102181;248;240;167;197;249;221;216;158;403;257;338;120;239;313;127;360;196;239
ENSG00000029993;63;80;20;55;87;62;30;31;61;49;61;22;44;39;13;76;29;64
ENSG00000160131;137;138;106;127;139;142;93;68;154;103;162;53;147;144;70;250;134;157
ENSG00000147400;14;10;9;15;20;12;13;11;19;21;25;8;19;19;8;39;13;23
ENSG00000147383;43;36;29;24;33;31;41;22;86;52;65;23;41;62;18;72;38;49
ENSG00000147394;99;52;88;84;82;95;40;43;75;47;63;22;52;54;29;92;47;66
ENSG00000183837;7;11;11;8;17;5;6;5;15;14;9;2;7;9;6;16;6;7
ENSG00000063587;129;91;78;88;72;65;84;67;179;88;152;59;86;112;52;113;97;94
ENSG00000189420;67;101;68;78;79;63;77;38;152;64;101;43;47;71;28;67;51;66
ENSG00000262919;18;10;14;16;26;20;13;7;22;16;23;8;19;13;7;17;13;11
ENSG00000130821;310;322;248;214;386;253;565;520;1183;752;915;304;491;687;257;543;333;412
ENSG00000185825;585;729;549;578;891;604;903;763;2195;1135;1629;528;841;1105;462;1164;623;700
ENSG00000101986;555;459;336;310;492;382;504;445;1497;766;897;307;435;592;224;537;307;374
ENSG00000198753;89;81;52;46;55;53;105;111;283;143;155;64;78;105;46;99;50;60
ENSG00000067829;299;241;152;143;244;177;269;270;680;326;420;178;279;408;150;369;305;228
ENSG00000180879;67;57;49;53;57;58;64;51;125;79;94;42;66;93;43;97;51;61
ENSG00000067840;48;26;27;26;40;46;12;10;14;13;12;3;8;5;10;30;29;17
ENSG00000198910;39;32;21;17;39;23;67;59;156;80;84;37;33;50;15;45;25;23
ENSG00000089820;567;384;380;392;431;499;275;327;699;383;467;181;375;523;231;557;459;433
ENSG00000102030;66;63;44;33;47;49;65;58;138;71;95;42;93;99;49;84;73;67
ENSG00000102032;165;161;113;100;137;116;245;213;477;255;313;105;255;332;126;318;169;194
ENSG00000172534;741;630;538;523;605;632;636;587;1725;942;1108;433;748;973;350;921;661;695
ENSG00000177854;6;15;7;8;7;9;8;11;30;11;13;12;12;17;4;11;10;9
ENSG00000184216;1227;1190;765;828;1212;900;1674;1683;4135;2279;2769;1008;948;1329;515;1278;687;889
ENSG00000169057;1186;1010;697;804;995;898;1121;923;2300;1135;1548;558;919;1295;518;1347;892;966
ENSG00000007350;39;41;40;37;45;37;53;42;66;44;97;18;63;59;33;60;40;44
ENSG00000196924;18664;16968;12108;12926;17993;14287;22457;21314;66089;32839;41449;16179;21015;35176;12321;28550;16918;19895
ENSG00000102119;218;166;112;132;153;133;187;162;402;241;302;92;185;268;133;283;162;209
ENSG00000147403;1552;1278;1079;1216;1412;1336;1619;1250;2967;2009;2654;951;1745;2250;900;2344;1366;1528
ENSG00000013563;109;131;100;90;138;114;142;113;265;157;180;67;171;224;91;220;162;150
ENSG00000102125;234;173;130;98;188;154;177;181;389;218;243;110;237;228;99;222;149;174
ENSG00000071553;605;577;342;395;578;418;785;589;1614;978;1177;456;841;1237;464;1133;573;673
ENSG00000203879;1059;949;690;725;882;780;1122;1060;2687;1512;2040;767;1164;1607;609;1447;908;1006
ENSG00000071859;201;142;105;133;180;159;204;186;531;292;444;133;248;346;114;254;162;188
ENSG00000130827;729;625;464;437;555;534;771;651;1950;843;1199;432;805;1123;411;975;632;653
ENSG00000196976;15;12;10;11;14;13;13;13;33;16;25;4;16;19;9;15;8;18
ENSG00000102178;62;35;43;47;52;44;38;29;89;70;85;29;64;63;33;79;40;55
ENSG00000126903;58;51;22;47;49;63;57;51;160;86;90;45;67;105;40;87;46;57
ENSG00000071889;130;116;76;71;103;100;125;121;353;193;232;84;135;183;80;139;106;102
ENSG00000160211;275;243;189;197;243;213;223;198;584;322;348;144;265;417;156;346;241;232
ENSG00000269335;91;57;30;46;53;63;69;58;163;76;98;39;56;76;33;83;50;56
ENSG00000160219;666;573;544;481;568;521;660;493;1016;526;798;289;688;919;366;1009;697;762
ENSG00000130826;232;185;132;189;187;185;226;143;295;172;278;138;240;278;118;332;245;240
ENSG00000130830;353;364;272;342;410;334;380;263;675;384;602;215;558;649;250;790;478;572
ENSG00000185010;11;4;6;11;12;6;7;7;21;17;9;5;6;6;8;18;7;16
ENSG00000288722;25;14;17;17;21;16;20;15;33;25;22;7;19;21;8;27;24;26
ENSG00000165775;69;69;81;68;100;84;101;64;163;93;131;58;109;160;48;182;106;121
ENSG00000214827;12;7;17;12;15;8;8;4;10;9;10;4;5;12;5;12;8;11
ENSG00000185515;113;101;85;98;109;108;131;109;232;141;199;57;167;180;81;215;162;169
ENSG00000155959;53;60;45;57;62;48;57;30;47;51;67;23;81;70;24;97;92;77
ENSG00000155962;10;15;10;4;14;12;22;7;22;19;22;13;18;15;11;32;24;14
ENSG00000185973;58;50;46;53;73;46;55;40;98;60;89;23;65;91;35;95;66;67
ENSG00000129824;105;93;73;53;97;77;104;89;186;114;173;72;135;176;50;165;118;129
ENSG00000067646;195;192;106;137;148;131;138;83;223;134;269;78;187;218;71;271;184;175
ENSG00000114374;212;182;157;138;129;121;143;114;252;128;209;90;238;236;117;371;276;221
ENSG00000067048;1837;1762;1177;1561;1600;1381;1884;1245;2439;1540;2786;940;1845;2252;1013;3098;2092;2316
ENSG00000183878;1193;951;840;892;943;806;1005;683;1452;774;1380;506;1151;1281;563;1876;1213;1304
ENSG00000012817;785;593;395;477;614;453;675;605;1360;761;995;396;1067;1210;513;1323;778;944
ENSG00000198692;44;40;28;28;34;35;46;22;50;33;68;17;76;70;29;101;73;78